{
  "ene": [
    0.026000000000000002,
    0.0367,
    0.0385,
    0.046200000000000005,
    0.049100000000000005,
    0.0578,
    0.0629,
    0.0643,
    0.06987,
    0.0714,
    0.0735,
    0.07390000000000001,
    0.0746,
    0.0788,
    0.0874,
    0.09490000000000001,
    0.09670000000000001,
    0.0996,
    0.0998,
    0.1008,
    0.1036,
    0.10840000000000001,
    0.1115,
    0.1128,
    0.114,
    0.1199,
    0.1238,
    0.1248,
    0.1262,
    0.12919999999999998,
    0.1336,
    0.13490000000000002,
    0.1376,
    0.1396,
    0.1447,
    0.1452,
    0.1501,
    0.15259999999999999,
    0.1539,
    0.15730000000000002,
    0.1691,
    0.1699,
    0.1707,
    0.1734,
    0.17830000000000001,
    0.17980000000000002,
    0.183,
    0.1861,
    0.18630000000000002,
    0.1872,
    0.188,
    0.19319999999999998,
    0.1958,
    0.19740000000000002,
    0.19790000000000002,
    0.19840000000000002,
    0.2047,
    0.2169,
    0.22469999999999998,
    0.2282,
    0.2313,
    0.23600000000000002,
    0.2407,
    0.2432,
    0.2496,
    0.2535,
    0.256,
    0.2793,
    0.2848,
    0.29860000000000003,
    0.31739999999999996,
    0.31739999999999996,
    0.32180000000000003,
    0.3482,
    0.3549,
    0.35660000000000003,
    0.3622,
    0.3683,
    0.375,
    0.4034,
    0.4062,
    0.4179,
    0.435,
    0.45010000000000006,
    0.45239999999999997,
    0.45880000000000004,
    0.4624,
    0.46950000000000003,
    0.4811,
    0.49260000000000004,
    0.5125,
    0.5153,
    0.5179,
    0.5221,
    0.5261,
    0.5297000000000001,
    0.5312,
    0.5381,
    0.5458,
    0.552,
    0.5656,
    0.5682999999999999,
    0.5710000000000001,
    0.5914,
    0.5946,
    0.601,
    0.6035,
    0.6299,
    0.6371,
    0.6463,
    0.6495,
    0.6535,
    0.6681,
    0.6743,
    0.6804,
    0.6984,
    0.747,
    0.7537,
    0.7684,
    0.7806000000000001,
    0.8242,
    0.0145,
    0.08322700000000001,
    0.08610200000000001,
    0.097469,
    0.098682,
    0.100209
  ],
  "w": [
    1.5e-05,
    0.000155,
    9.400000000000001e-05,
    3.9e-05,
    6.6e-05,
    3.9e-05,
    0.0043,
    0.00041,
    4.7000000000000004e-05,
    0.000126,
    0.00025,
    0.00264,
    0.00021999999999999998,
    0.000107,
    0.00226,
    0.00084,
    0.00028000000000000003,
    0.006999999999999999,
    0.01,
    0.00075,
    2.3e-05,
    0.00216,
    0.00264,
    1.8e-05,
    7.5e-06,
    0.00066,
    0.0007199999999999999,
    0.00024,
    7.000000000000001e-05,
    2.2000000000000003e-05,
    0.00017,
    0.00027,
    1.9e-05,
    1.1999999999999999e-05,
    4e-06,
    0.00126,
    0.006,
    0.00018999999999999998,
    0.00182,
    0.0032,
    7.000000000000001e-05,
    0.00012,
    0.00017,
    0.0001,
    0.00014000000000000001,
    9.400000000000001e-05,
    7.3e-05,
    0.00010999999999999999,
    3.6e-05,
    8.9e-05,
    0.0045000000000000005,
    1.7e-05,
    0.00123,
    0.00023,
    0.00033,
    0.00017,
    1.1000000000000001e-05,
    0.00271,
    0.00098,
    4e-05,
    6.6e-05,
    1.5e-05,
    0.0001,
    3e-05,
    0.00012,
    0.00116,
    5.999999999999999e-06,
    0.00025,
    6.3e-05,
    1.8e-05,
    1.1e-06,
    1.1e-06,
    3e-05,
    2.5e-05,
    2.3e-05,
    2.29e-06,
    4.2e-05,
    5.999999999999999e-06,
    1.7e-05,
    1.6000000000000001e-06,
    6.7e-05,
    4.7999999999999994e-05,
    2.3999999999999997e-05,
    3.2e-05,
    0.00089,
    5.8e-06,
    8e-06,
    2.8e-05,
    0.00029,
    2.2e-06,
    5e-06,
    0.00018999999999999998,
    0.00015,
    1.8e-05,
    0.00033,
    7.1e-05,
    4e-05,
    1e-05,
    4.6e-06,
    5.6e-05,
    1.9e-06,
    1.3e-05,
    3.2e-05,
    7e-06,
    2.8e-05,
    3.7000000000000005e-05,
    1.6e-05,
    2.5999999999999997e-06,
    1e-06,
    1e-06,
    1.1999999999999999e-05,
    1.4999999999999998e-06,
    2.4e-06,
    7e-07,
    6.1e-06,
    1.7e-06,
    1e-06,
    1e-06,
    2.4e-06,
    5e-07,
    4.0000000000000003e-07,
    0.13329392705526039,
    0.007713732787164996,
    0.0126620695784061,
    0.004416809123050532,
    0.005847855278918904,
    0.001431046155868372
  ]
}
