{
  "ene": [
    0.009300000000000001,
    0.0129,
    0.0152,
    0.0245,
    0.02595,
    0.0286,
    0.0335,
    0.035,
    0.037469999999999996,
    0.037899999999999996,
    0.044700000000000004,
    0.05106,
    0.05232,
    0.053700000000000005,
    0.055,
    0.055799999999999995,
    0.05756,
    0.0594,
    0.0606,
    0.06928000000000001,
    0.0706,
    0.0725,
    0.0725,
    0.07954000000000001,
    0.08220000000000001,
    0.083,
    0.085,
    0.0861,
    0.0867,
    0.0881,
    0.0881,
    0.0885,
    0.09,
    0.0996,
    0.101,
    0.105,
    0.10685,
    0.108,
    0.1187,
    0.1216,
    0.1216,
    0.1345,
    0.13740000000000002,
    0.1409,
    0.14300000000000002,
    0.14300000000000002,
    0.14365,
    0.146,
    0.14761000000000002,
    0.14930000000000002,
    0.15919999999999998,
    0.16049000000000002,
    0.16140000000000002,
    0.1626,
    0.17200000000000001,
    0.1743,
    0.1761,
    0.1761,
    0.2068,
    0.2166,
    0.2192,
    0.2297,
    0.23090000000000002,
    0.23179,
    0.2426,
    0.2439,
    0.2834,
    0.3517,
    0.4156,
    0.43960000000000005,
    0.441,
    0.4602,
    0.5276000000000001,
    0.5404,
    0.0145,
    0.015784,
    0.08322700000000001,
    0.08610200000000001,
    0.097469,
    0.098682,
    0.100209
  ],
  "w": [
    1.1e-06,
    1.5e-07,
    6.29998e-06,
    0.000279999,
    6.1e-09,
    0.000419999,
    1.2e-06,
    3e-07,
    3.0000000000000004e-08,
    0.0004899980000000001,
    1.2e-06,
    3e-09,
    1.5000000000000002e-08,
    4.6e-07,
    4.9e-06,
    4.3e-08,
    3.5e-08,
    4.6e-07,
    4.6e-07,
    4.3e-05,
    9.000000000000001e-07,
    8.000000000000001e-07,
    8.000000000000001e-07,
    1.1999999999999999e-05,
    9e-06,
    1.5000000000000002e-08,
    1.2000000000000002e-07,
    5.199999999999999e-06,
    3e-05,
    8e-06,
    8e-06,
    1.1000000000000001e-08,
    2e-06,
    5.6e-05,
    8e-06,
    3.8e-06,
    1.1999999999999999e-05,
    4.6e-07,
    4.6e-07,
    1.4e-05,
    1.4e-05,
    6.1e-06,
    4.6e-06,
    2.3e-06,
    2.9999999999999997e-06,
    2.9999999999999997e-06,
    2.9e-07,
    1.0000000000000001e-07,
    2.7000000000000002e-05,
    1.5e-07,
    6.1e-06,
    4.9e-05,
    1.4999999999999998e-06,
    6e-07,
    1.1000000000000001e-05,
    2.9999999999999997e-06,
    3.6000000000000003e-06,
    3.6000000000000003e-06,
    1.1000000000000001e-05,
    6e-07,
    1.5e-07,
    4.6e-06,
    1.5e-07,
    7.9e-08,
    2.9999999999999997e-06,
    3e-07,
    6e-07,
    6e-07,
    2.3e-06,
    3.8e-07,
    6e-07,
    2.3e-06,
    3.2e-07,
    7.7e-07,
    0.0008219298449736,
    0.03327023481404,
    3.5730511343029e-05,
    5.8651528796830005e-05,
    2.0458946767476998e-05,
    2.7087645520139e-05,
    6.628698752662e-06
  ]
}
