{
  "ene": [
    0.0676,
    0.07223,
    0.081,
    0.15423,
    0.15805000000000002,
    0.1856,
    0.23,
    0.2353,
    0.2535,
    0.5404,
    0.5745,
    0.6174,
    0.014920000000000001,
    0.015784,
    0.08543200000000001,
    0.08847100000000001,
    0.08995399999999999,
    0.093347,
    0.100119,
    0.10137,
    0.102948,
    0.10556600000000001,
    0.106894,
    0.10858
  ],
  "w": [
    0.0011,
    0.005600000000000001,
    1.8e-05,
    7.5e-06,
    0.175,
    0.048,
    0.26899999999999996,
    0.00043,
    0.057,
    0.00048,
    0.0007000000000000001,
    0.00043,
    0.085492381976,
    0.121584075305308,
    0.036474937521491724,
    0.05958010049247259,
    0.010747483719714044,
    0.017385124101769723,
    0.02090354366418349,
    0.027759905986035678,
    0.006856362321852186,
    0.006186227897917898,
    0.008270986699516229,
    0.002084758801598331
  ]
}
