{
  "ene": [
    0.01064,
    0.026000000000000002,
    0.03664,
    0.03854,
    0.04629,
    0.04918,
    0.05779,
    0.06298,
    0.06425,
    0.06987,
    0.07177,
    0.07362,
    0.07385,
    0.07489,
    0.07873000000000001,
    0.08736000000000001,
    0.09487999999999999,
    0.09615000000000001,
    0.09962,
    0.09985,
    0.10089000000000001,
    0.10349,
    0.10840999999999999,
    0.11153,
    0.11267,
    0.11414,
    0.11991,
    0.12375,
    0.12479000000000001,
    0.1261,
    0.12913999999999998,
    0.13362000000000002,
    0.13488999999999998,
    0.13979,
    0.14459,
    0.14515,
    0.15007,
    0.15267,
    0.15394,
    0.15722999999999998,
    0.16871,
    0.16977,
    0.1708,
    0.17832,
    0.17967,
    0.1861,
    0.18625,
    0.18719,
    0.188,
    0.19577000000000003,
    0.19758,
    0.19787000000000002,
    0.19863999999999998,
    0.20498,
    0.21692,
    0.22463999999999998,
    0.22756,
    0.23596,
    0.24067,
    0.24328,
    0.24953999999999998,
    0.25356,
    0.25612,
    0.27920999999999996,
    0.28494,
    0.29849000000000003,
    0.31725000000000003,
    0.31754000000000004,
    0.32204000000000005,
    0.35481,
    0.35628,
    0.36221,
    0.36774,
    0.37504000000000004,
    0.40321,
    0.40614,
    0.41796,
    0.43494,
    0.45116000000000006,
    0.45243,
    0.4624,
    0.46992,
    0.48117000000000004,
    0.49181,
    0.51351,
    0.5154099999999999,
    0.51781,
    0.5223,
    0.52605,
    0.5298200000000001,
    0.5310900000000001,
    0.5381,
    0.5456900000000001,
    0.5520499999999999,
    0.56556,
    0.56829,
    0.5708099999999999,
    0.59217,
    0.5940700000000001,
    0.6010800000000001,
    0.6032500000000001,
    0.63013,
    0.6377200000000001,
    0.64954,
    0.68035,
    0.7802000000000001,
    0.8242
  ],
  "w": [
    0.0,
    1.7689718740926587e-05,
    0.0006285076960989169,
    0.00014013875077251094,
    5.094408837781399e-05,
    8.625700342964925e-05,
    5.380957181573861e-05,
    0.004657686354737434,
    0.00037117935935799406,
    6.857718378285692e-05,
    0.00020934087681082653,
    0.0002730891022321622,
    0.002796584421679727,
    0.00022902556215706016,
    0.00011814049357548981,
    0.002215237049536319,
    0.0008252228668952574,
    0.0002761201988090596,
    0.007585808395337842,
    0.010593122809392905,
    0.0007897433177829663,
    3.459186759583197e-05,
    0.0036093254622556288,
    0.0034502801371859705,
    4.341711378992187e-05,
    1.4020109030820547e-05,
    0.0008634591250476949,
    0.0007876032905032654,
    0.00026237034614890034,
    3.0332967109515748e-05,
    3.001826141555554e-05,
    5.637353321296795e-05,
    0.00012133186843806299,
    2.2092293018262684e-05,
    9.376192826898318e-06,
    0.0017872464924513186,
    0.00784154576633175,
    0.00026904785907869307,
    0.002582859447155454,
    0.003137729531921131,
    0.00012745553664382313,
    0.000119233722213003,
    0.00023195929275656555,
    0.0001910252999171716,
    0.00011098595332311158,
    0.00012010950180174799,
    8.447020564773262e-05,
    0.0001051744283087469,
    0.00492252056564541,
    0.001204888140257714,
    0.00042485178881274387,
    0.0001430800335354517,
    0.00018607127738139647,
    2.6515813083821744e-05,
    0.003843540843981331,
    0.0010731094833106994,
    5.7653112659719944e-05,
    0.0002598487849987363,
    0.00013644664279797972,
    5.52307325456567e-05,
    0.00014174451254548096,
    0.001645035481224009,
    1.4106524343171345e-05,
    0.00034111660699494934,
    0.00011640939013469181,
    2.1844432678044787e-05,
    1.5954123239964865e-06,
    1.201443797292463e-06,
    3.81657433218293e-05,
    4.248517888127439e-05,
    2.839776248145822e-06,
    0.00010120539344970132,
    7.781365143285585e-06,
    2.7101555503786467e-05,
    7.438419956085798e-07,
    8.191662254266795e-05,
    6.150983875168605e-05,
    3.7930966940952604e-05,
    3.9319978820480615e-05,
    0.0010922216339022393,
    1.2783752596125693e-05,
    4.499880913836244e-05,
    0.00037054119729931355,
    2.5937883810951944e-06,
    6.116441149852542e-06,
    0.00023373542965507917,
    0.00019268142259564307,
    2.78904168683475e-05,
    0.0004052142261777307,
    0.00011156166747339,
    6.24745337850984e-05,
    4.016746776286331e-06,
    1.0425269610235571e-05,
    6.880996293584108e-05,
    2.6898572747312507e-05,
    2.0039103361695138e-05,
    5.113501038450277e-05,
    1.1156166747339001e-05,
    4.350905031462211e-05,
    1.4876839912171597e-05,
    3.435274862004881e-05,
    6.205517625140222e-06,
    4.0167467762863307e-07,
    2.5764561465036606e-05,
    1.2411035250280444e-05,
    1.0173325594654878e-06,
    1.0020051683426584e-05
  ]
}
