{
  "ene": [
    0.25787,
    0.33531,
    0.5931799999999999,
    0.7589
  ],
  "w": [
    0.00027894361677288155,
    7.365738926448184e-05,
    0.0001364025727120034,
    4.9414115304549584e-05
  ]
}
