{
  "ene": [
    0.1658,
    0.25789,
    0.33526,
    0.501,
    0.59313,
    0.7589,
    0.012904,
    0.07481499999999999,
    0.07710800000000001,
    0.08738800000000001,
    0.088458,
    0.089784
  ],
  "w": [
    2e-06,
    0.000287,
    6.2e-05,
    2e-06,
    0.000115,
    4.9e-05,
    5.128877985000001e-05,
    3.6387271849768e-05,
    6.0878821900231e-05,
    2.0853373851454e-05,
    2.723450625e-05,
    6.381132398545e-06
  ]
}
