{
  "ene": [
    0.0242,
    0.096,
    0.149697,
    0.2037,
    0.22269,
    0.2535,
    0.43510000000000004,
    0.5112,
    0.66978,
    0.687,
    0.6894,
    0.7136,
    0.74272,
    0.8924,
    1.0671,
    1.536,
    0.012904,
    0.013292,
    0.013686,
    0.07481499999999999,
    0.076862,
    0.07710800000000001,
    0.078947,
    0.07929000000000001,
    0.08151699999999999,
    0.08738800000000001,
    0.088458,
    0.089784,
    0.089837,
    0.09094100000000001,
    0.092315,
    0.092333,
    0.093473,
    0.09489700000000001
  ],
  "w": [
    0.000105,
    0.07,
    5.016e-07,
    0.4,
    3.553e-07,
    0.82,
    0.89,
    1.05,
    3.7000000000000005e-05,
    0.00261,
    0.79,
    0.23,
    1e-05,
    1.421e-06,
    1.09,
    0.97,
    1.25624984363e-06,
    0.185979178802508,
    0.7589381695999999,
    8.942585235039999e-07,
    0.1265285538279574,
    1.496166176182e-06,
    0.18622771339894173,
    0.21070533526720642,
    0.3086817725823666,
    5.12495341433e-07,
    6.693189159119999e-07,
    1.56823574478e-07,
    0.07254001275731213,
    0.0950999567248362,
    0.022559943967524074,
    0.10688539469102022,
    0.14055429401869157,
    0.03366889932767137
  ]
}
