{
  "ene": [
    0.09997,
    0.14972,
    0.22269,
    0.24969,
    0.66977,
    0.6872,
    0.7427400000000001,
    0.89246,
    0.9924299999999999
  ],
  "w": [
    5.55158692531393e-10,
    5.06809901967405e-07,
    3.5648493104486963e-07,
    1.0103888204071355e-08,
    3.727728940437103e-05,
    0.0025626420391165017,
    1.2213964890852953e-05,
    1.431666389738432e-06,
    3.701057950209287e-07
  ]
}
