{
  "ene": [
    0.20368
  ],
  "w": [
    0.000547945205479452
  ]
}
