{
  "ene": [
    0.14766,
    0.2928,
    0.3237,
    0.40280000000000005,
    0.44045,
    0.5448999999999999,
    0.5749,
    0.6009,
    0.60494,
    0.64603,
    0.6597500000000001,
    0.7108200000000001,
    0.8073600000000001,
    0.82655,
    0.8679800000000001,
    0.88091,
    0.8846,
    0.88666,
    0.897,
    1.0035800000000001,
    1.0457,
    1.10017,
    1.1194000000000002,
    1.3282,
    0.012147999999999999,
    0.013292,
    0.07083199999999999,
    0.072874,
    0.076862,
    0.07929000000000001,
    0.08262900000000001,
    0.083631,
    0.084866,
    0.089837,
    0.09094100000000001,
    0.092315
  ],
  "w": [
    0.000149,
    0.00419,
    0.00167,
    1e-06,
    0.259,
    0.000167,
    2.5e-05,
    4.3e-05,
    2.3e-05,
    2.29e-05,
    0.00037400000000000004,
    0.000114,
    0.0028899999999999998,
    6.7e-05,
    0.000118,
    4.1e-05,
    2.9e-06,
    1.01e-05,
    3.1e-06,
    0.00053,
    0.00017999999999999998,
    0.00252,
    0.00052,
    3.9e-06,
    8.541970508e-05,
    0.0139209200632099,
    6.1374227327259e-05,
    0.00010360267948558301,
    0.009830852643707165,
    0.016371111813001105,
    3.5234081100352e-05,
    4.5698603187156996e-05,
    1.0464522086804e-05,
    0.005636120500985303,
    0.007388953976791732,
    0.001752833475806429
  ]
}
