{
  "ene": [
    0.35106
  ],
  "w": [
    0.13000804505229285
  ]
}
