{
  "ene": [
    0.15819999999999998,
    0.1787,
    0.18680000000000002,
    0.22630000000000003,
    0.2559,
    0.2711,
    0.2935,
    0.2935,
    0.3084,
    0.31910000000000005,
    0.384,
    0.4016,
    0.4141,
    0.41910000000000003,
    0.498,
    0.5175,
    0.5427000000000001,
    0.5644,
    0.609,
    0.6776000000000001,
    0.7466,
    0.7769,
    0.784,
    0.8065,
    0.8362999999999999,
    0.905,
    1.0231000000000001,
    1.1045,
    1.1277000000000001,
    1.2945,
    1.3992,
    0.012904,
    0.013292,
    0.013292,
    0.07481499999999999,
    0.076862,
    0.076862,
    0.07710800000000001,
    0.07929000000000001,
    0.07929000000000001,
    0.08738800000000001,
    0.088458,
    0.089784,
    0.089837,
    0.089837,
    0.09094100000000001,
    0.09094100000000001,
    0.092315,
    0.092315
  ],
  "w": [
    0.032,
    0.022000000000000002,
    0.52,
    0.18,
    0.21899999999999997,
    0.04031,
    0.147,
    0.48928,
    0.222,
    0.04,
    0.0027800000000000004,
    0.009729999999999999,
    0.76,
    0.2,
    0.154,
    0.02085,
    0.00417,
    0.0139,
    0.0139,
    0.00834,
    0.75,
    0.01668,
    0.00695,
    0.00834,
    0.012509999999999999,
    0.00417,
    0.012509999999999999,
    0.03058,
    0.009729999999999999,
    0.012509999999999999,
    0.01668,
    0.110847802065,
    0.088158743977993,
    0.09011808732809999,
    0.04404648969905958,
    0.06237255001882334,
    0.05071037069551198,
    0.07369330717594041,
    0.08444691206579848,
    0.1038676936200222,
    0.025242835470903523,
    0.032967143125,
    0.007724307654096477,
    0.03575877094290957,
    0.02907273359167776,
    0.04687974870615444,
    0.03811435373868954,
    0.009041620147011785,
    0.011120977763244878
  ]
}
