{
  "ene": [
    0.14765,
    0.2928,
    0.32381,
    0.402823,
    0.44045,
    0.5751799999999999,
    0.60073,
    0.6052200000000001,
    0.659717,
    0.7107530000000001,
    0.807367,
    0.826491,
    0.8679800000000001,
    0.88775,
    1.003553,
    1.04567,
    1.100167,
    1.119291,
    1.3282
  ],
  "w": [
    0.0001491626267340487,
    0.004354692404167724,
    0.00165997535317069,
    9.837381079505688e-07,
    0.26168881883166445,
    2.5187205143019072e-05,
    4.1250575637452926e-05,
    2.2485577058508117e-05,
    0.0003657511344980273,
    0.00010821119187456257,
    0.0029496059233711878,
    7.122954301955916e-05,
    0.0001095095875783438,
    2.8627104726521514e-06,
    0.0005177568989213519,
    0.00017296597737313934,
    0.0025661571533329335,
    0.0005199236716756144,
    1.1450841890608606e-06
  ]
}
