{
  "ene": [
    0.039858,
    0.043000000000000003,
    0.14300000000000002,
    0.1436,
    0.14536000000000002,
    0.1648,
    0.18016200000000002,
    0.26716,
    0.2866,
    0.28818200000000005,
    0.28896,
    0.31016000000000005,
    0.32804000000000005,
    0.433542,
    0.45298200000000005,
    0.4734,
    0.49284,
    0.580542,
    0.6204,
    0.72733,
    0.78537,
    0.893408,
    0.9521200000000001,
    1.07357,
    1.0786300000000002,
    1.5127000000000002,
    1.620738,
    1.67945,
    1.8009000000000002,
    1.80596
  ],
  "w": [
    0.010297730327544136,
    2.402249926670868e-07,
    1.0330074213843126e-06,
    6.717359142128588e-07,
    8.812945443851668e-05,
    0.0009633901818834411,
    3.653012517656227e-05,
    1.848617432684883e-06,
    9.514833926029094e-07,
    0.004227571343872623,
    4.030415485277152e-07,
    1.5499316526880438e-07,
    0.0015726565399206169,
    4.8833139682359305e-05,
    0.0020070628789238347,
    0.00014362688141870386,
    2.0070628789238355e-05,
    1.1146812353389031e-05,
    3.344378143831093e-05,
    0.0667186581304959,
    0.011062592764449748,
    0.0037025055980339215,
    0.001677632058819239,
    0.00018265062588281137,
    0.005601366054363805,
    0.002876274118756934,
    0.014810022392135684,
    0.0005871712205867337,
    0.0,
    0.0008962185686982087
  ]
}
