{
  "ene": [
    0.3279998,
    0.5696982,
    0.897698,
    1.0636577999999999,
    1.442223,
    1.7702228
  ],
  "w": [
    6.899520290335027e-06,
    0.8905345516841948,
    0.0012776889426546346,
    0.7464438318363894,
    0.0013122408035777374,
    0.06870370699359883
  ]
}
