{
  "ene": [
    0.2656,
    0.30460000000000004,
    0.3296,
    0.3443,
    0.3689,
    0.384,
    0.5355,
    0.6343,
    0.6496000000000001,
    0.686,
    0.012147999999999999,
    0.07083199999999999,
    0.072874,
    0.08262900000000001,
    0.083631,
    0.084866
  ],
  "w": [
    0.51,
    0.2805,
    0.0066300000000000005,
    0.00714,
    0.0066300000000000005,
    5.61e-05,
    0.00255,
    0.00010200000000000001,
    0.03417,
    6.12e-05,
    0.056832758600923586,
    0.03819374875272903,
    0.06447290471426237,
    0.021926494225409886,
    0.02843866301035662,
    0.0065121687849467366
  ]
}
