{
  "ene": [
    0.1179,
    0.23800000000000002,
    0.2622,
    0.28800000000000003,
    0.30860000000000004,
    0.3281,
    0.405,
    0.42610000000000003,
    0.4561,
    0.569698,
    0.5710000000000001,
    0.6695,
    0.7135,
    0.7433,
    0.89777,
    0.9318,
    0.9756,
    1.063656,
    1.2409000000000001,
    1.4422000000000001,
    1.46,
    1.7702280000000001,
    0.511,
    0.012522,
    0.012904,
    0.07280500000000001,
    0.07481499999999999,
    0.07497,
    0.07710800000000001,
    0.084986,
    0.086022,
    0.087301,
    0.08738800000000001,
    0.088458,
    0.089784
  ],
  "w": [
    0.025750000000000002,
    0.025750000000000002,
    0.2369,
    0.0103,
    0.025750000000000002,
    6.9e-06,
    0.04325999999999999,
    0.1442,
    0.5047,
    0.9775,
    0.1648,
    0.6386,
    0.4017,
    0.3811,
    0.00128,
    0.2987,
    0.0721,
    0.745,
    0.023690000000000003,
    0.00131,
    0.0161,
    0.0687,
    0.0007599999999999999,
    0.3318940489011642,
    0.163,
    0.21710873162133087,
    0.11199999999999999,
    0.3648886245736653,
    0.188,
    0.12471371918464202,
    0.1623772623784039,
    0.03766354319376189,
    0.064,
    0.084,
    0.0197
  ]
}
