{
  "ene": [
    0.265832,
    0.304896
  ],
  "w": [
    4.5509394931908293e-07,
    5.76e-07
  ]
}
