{
  "ene": [
    0.35107,
    0.012147999999999999,
    0.07083199999999999,
    0.072874,
    0.08262900000000001,
    0.083631,
    0.084866
  ],
  "w": [
    0.13019999999999998,
    0.0093360162588,
    0.007250530205260422,
    0.012239247476806926,
    0.004162427461783081,
    0.005398668417932656,
    0.001236240956149575
  ]
}
