{
  "ene": [
    0.039857000000000004,
    0.1802,
    0.2882,
    0.32803,
    0.4337,
    0.45298000000000005,
    0.47300000000000003,
    0.4933,
    0.5760000000000001,
    0.62,
    0.72733,
    0.78537,
    0.893408,
    0.9521200000000001,
    1.0735999999999999,
    1.07862,
    1.5127000000000002,
    1.6205,
    1.6797,
    1.806,
    0.012147999999999999,
    0.013292,
    0.07083199999999999,
    0.072874,
    0.076862,
    0.07929000000000001,
    0.08262900000000001,
    0.083631,
    0.084866,
    0.089837,
    0.09094100000000001,
    0.092315
  ],
  "w": [
    0.0106,
    3.2e-05,
    0.00337,
    0.00125,
    0.00017,
    0.00363,
    0.0005,
    3.594e-05,
    3.5940000000000002e-06,
    1.0782000000000001e-05,
    0.0667,
    0.01102,
    0.00378,
    0.0017000000000000001,
    0.00016,
    0.005639999999999999,
    0.0029,
    0.0147,
    0.00058,
    0.0009,
    0.06998779634612,
    0.000564357256645,
    0.00054803366823264,
    0.000925107475071979,
    0.00038966863512450504,
    0.000648906969399675,
    0.00031461842459165704,
    0.000408060096695379,
    9.344167210372199e-05,
    0.000223400702117329,
    0.000292878320475819,
    6.9477618358489e-05
  ]
}
