{
  "ene": [
    0.08045999999999999,
    0.110943,
    0.12044,
    0.136325,
    0.16069999999999998,
    0.1724,
    0.17662,
    0.1852,
    0.19138,
    0.19913999999999998,
    0.21294,
    0.21811000000000003,
    0.21819,
    0.22544,
    0.23,
    0.25689,
    0.2691,
    0.2705,
    0.29225,
    0.29247,
    0.3097,
    0.31413,
    0.33837,
    0.34492,
    0.34943,
    0.3552,
    0.36551,
    0.36815,
    0.37368,
    0.38895,
    0.4224,
    0.42548,
    0.4255,
    0.42925,
    0.43443000000000004,
    0.45342000000000005,
    0.4637,
    0.46966,
    0.47489,
    0.48510000000000003,
    0.49732,
    0.5261,
    0.53615,
    0.5425700000000001,
    0.54934,
    0.5602400000000001,
    0.5604,
    0.56486,
    0.57355,
    0.5816,
    0.5860599999999999,
    0.62179,
    0.653512,
    0.6743300000000001,
    0.68783,
    0.71348,
    0.7273400000000001,
    0.72909,
    0.7335,
    0.75813,
    0.76474,
    0.7786000000000001,
    0.8232999999999999,
    0.8386100000000001,
    0.8696,
    0.89373,
    0.91047,
    0.91713,
    0.92315,
    0.94953,
    0.9599700000000001,
    0.9638,
    0.9651000000000001,
    0.98262,
    1.00277,
    1.05875,
    1.0635000000000001,
    1.07891,
    1.10322,
    1.2396,
    1.2619,
    1.2666400000000002,
    1.4231900000000002,
    1.4526,
    1.53214,
    1.5473,
    1.5884200000000002,
    1.61467,
    1.65853,
    1.78027,
    1.80426,
    1.84812,
    1.85766,
    1.87667,
    1.95076,
    1.97277,
    1.997,
    2.11058,
    2.1299,
    2.13342,
    2.15546,
    2.1929600000000002,
    2.2765400000000002,
    2.2928,
    2.3292800000000002,
    2.34064,
    2.34642,
    2.3851999999999998,
    2.38755,
    2.422,
    2.42596,
    2.48217,
    2.50824,
    2.51295,
    2.5594,
    0.511,
    0.006354,
    0.039522,
    0.040117,
    0.045523,
    0.045998,
    0.046575000000000005
  ],
  "w": [
    0.00014454,
    0.0191844,
    0.00017082,
    3.285e-05,
    0.00015768,
    9.855e-06,
    7.884e-05,
    5.913e-06,
    0.0059787,
    0.00029565,
    0.00021024000000000002,
    9.198e-05,
    7.227e-06,
    3.942e-05,
    3.285e-05,
    0.00021680999999999998,
    2.628e-06,
    2.6280000000000002e-05,
    2.4309e-05,
    0.00024965999999999996,
    3.2850000000000003e-06,
    0.00045333,
    0.00053217,
    9.198e-05,
    0.00027594,
    6.570000000000001e-06,
    0.0004993199999999999,
    3.285e-05,
    0.00062415,
    1.1826e-05,
    5.256e-06,
    0.00018396,
    1.5768e-05,
    6.57e-05,
    0.00169506,
    0.00035478,
    1.7082e-05,
    0.00025623,
    0.00024965999999999996,
    5.913e-05,
    3.942e-05,
    0.00096579,
    0.0002628,
    0.044676,
    0.00016424999999999998,
    3.942e-05,
    1.0512e-05,
    3.285e-05,
    6.57e-05,
    0.0001971,
    0.00020367,
    5.2560000000000005e-05,
    0.150453,
    2.628e-06,
    0.00029565,
    0.00234549,
    0.00049275,
    0.00026937,
    9.198e-06,
    0.00046647,
    0.0168192,
    0.00036135000000000003,
    3.942e-06,
    0.00106434,
    5.256e-06,
    0.657,
    0.00068328,
    1.1826e-05,
    5.913e-05,
    0.00076869,
    7.227e-06,
    6.570000000000001e-06,
    3.942e-05,
    1.971e-05,
    0.00010512000000000001,
    0.00011826,
    5.0589e-05,
    0.0043362,
    5.913e-05,
    0.0012088799999999999,
    3.942e-05,
    0.00012482999999999998,
    0.0036135,
    0.00070299,
    0.0034164,
    0.00053874,
    0.00011169,
    9.198e-05,
    0.149139,
    0.00015110999999999998,
    0.010709100000000001,
    7.227e-05,
    0.003942,
    0.0133371,
    1.2482999999999999e-05,
    0.00096579,
    0.071613,
    0.0003942,
    1.1826e-05,
    0.00220095,
    0.00119574,
    0.00035478,
    0.00105777,
    5.2560000000000005e-05,
    0.0018855900000000001,
    0.00021024000000000002,
    0.00196443,
    5.256e-06,
    0.00026937,
    4.599e-06,
    0.00134685,
    0.00036135000000000003,
    0.00030221999999999996,
    0.00021680999999999998,
    1.2482999999999999e-05,
    0.0382,
    0.13609123158305717,
    0.2230082060102765,
    0.4036347620095502,
    0.12617540842561376,
    0.1587286637994221,
    0.03255325537380835
  ]
}
