{
  "ene": [
    0.08043800000000001,
    0.110939,
    0.12032,
    0.160707,
    0.17235,
    0.1765,
    0.18513,
    0.19137700000000002,
    0.19912700000000003,
    0.21296299999999999,
    0.218077,
    0.21825999999999998,
    0.23002,
    0.2489,
    0.256938,
    0.26936000000000004,
    0.27047000000000004,
    0.29253300000000004,
    0.31415699999999996,
    0.338397,
    0.34498,
    0.34943,
    0.35602,
    0.36544,
    0.37367,
    0.38875,
    0.42258999999999997,
    0.425418,
    0.42545299999999997,
    0.429,
    0.43445,
    0.449658,
    0.45339999999999997,
    0.46398,
    0.46975,
    0.474864,
    0.48519,
    0.496927,
    0.526147,
    0.536357,
    0.542575,
    0.54932,
    0.5603,
    0.560597,
    0.57372,
    0.58165,
    0.586125,
    0.62172,
    0.653514,
    0.674237,
    0.687827,
    0.713492,
    0.7273270000000001,
    0.729248,
    0.733952,
    0.75815,
    0.764775,
    0.77861,
    0.823587,
    0.838588,
    0.86958,
    0.893788,
    0.910452,
    0.91738,
    0.92315,
    0.949527,
    0.963902,
    0.9643700000000001,
    0.982852,
    1.00272,
    1.05891,
    1.078932,
    1.103172,
    1.239639,
    1.261702,
    1.42324,
    1.4526020000000002,
    1.532172,
    1.547302,
    1.588362,
    1.614522,
    1.6585630000000002,
    1.78032,
    1.80424,
    1.85769,
    1.87664,
    1.97272,
    1.99696,
    2.1106,
    2.133427,
    2.15549,
    2.19299,
    2.2765500000000003,
    2.2928200000000003,
    2.3293000000000004,
    2.34062,
    2.34639,
    2.38589,
    2.38761,
    2.42596,
    2.4821500000000003,
    2.50831,
    2.5129699999999997,
    2.5588800000000003
  ],
  "w": [
    0.0001312104625140734,
    0.019863480161499317,
    0.00017446810028382177,
    0.00016020238735916416,
    9.432047447876356e-06,
    8.003963872973943e-05,
    5.5412308687251036e-06,
    0.005421919938598072,
    0.00029942467389161277,
    0.00021222128231946597,
    9.333642364922226e-05,
    2.575786922888407e-06,
    3.1664176392714875e-05,
    0.0,
    0.00021956819813698797,
    2.7054035840354304e-06,
    2.7769723947345344e-05,
    0.00025339873101952627,
    0.00048599381340206044,
    0.0005452128133869429,
    9.813336616772371e-05,
    0.00027965608230882895,
    5.473738568987051e-06,
    0.0005373970052042015,
    0.000630713717547572,
    1.139433438337537e-05,
    5.349596727839263e-06,
    0.00019626673233544745,
    5.59953678888784e-06,
    6.595309437494519e-05,
    0.0017098724798547357,
    0.0,
    0.0003598186766767121,
    1.5832088196357437e-05,
    0.0002578389411357998,
    0.00025142874682757715,
    5.2824467245610476e-05,
    4.015708505368452e-05,
    0.0009767895562593483,
    0.0002803810461934963,
    0.27580502316017963,
    0.00016661834368407208,
    3.760120946634891e-05,
    1.0671632134027096e-05,
    6.542553760643314e-05,
    0.00019793507893005273,
    0.00020692808367225374,
    5.206823240127252e-05,
    0.15518343876171345,
    2.8604665758898746e-06,
    0.00029948984701158284,
    0.00895382461379878,
    0.0004921628989612122,
    0.0002756465445481362,
    8.132879907897112e-06,
    0.0004707645120498552,
    0.01703290834631956,
    0.0003637725774930699,
    3.6316821231357196e-06,
    0.0010699193455678527,
    4.869494829028144e-06,
    1.8111384250455584,
    0.0006922347133382873,
    1.1082461737450207e-05,
    5.950129410826149e-05,
    0.000770341928808854,
    6.6976571791544955e-06,
    3.977539242370488e-05,
    2.029052688026574e-05,
    0.0001076076802959632,
    0.0001089504636940716,
    0.004673017436558273,
    5.815603342794059e-05,
    0.0012215432036136267,
    4.0157085053684516e-05,
    0.006154729542225716,
    0.0007100487763585871,
    0.0034712154934181676,
    0.0005586603795421687,
    0.0001023474052883703,
    9.195950959532681e-05,
    0.15073370217981896,
    0.00017430898343834402,
    0.010816167395910741,
    0.003939798340679115,
    0.013527017920177149,
    0.0010374098709159366,
    0.0726950417849257,
    0.00040863808226998224,
    0.00222503315776617,
    0.001216881365263167,
    0.0003452828601022841,
    0.001060179017492832,
    4.8694948290281435e-05,
    0.0019028255445393853,
    0.00019790110245446795,
    0.0019833764702753835,
    5.242604793282478e-06,
    0.00027243419468291015,
    0.0013746013353935944,
    0.00033015292028506544,
    0.00030653169865108926,
    0.00020960105439725234,
    4.423634063221394e-06
  ]
}
