{
  "ene": [
    0.0225002,
    0.072983,
    0.122,
    0.1295,
    0.13009800000000002,
    0.17858000000000002,
    0.208283,
    0.25151,
    0.254566,
    0.27221,
    0.27708900000000003,
    0.281295,
    0.28595,
    0.308,
    0.32752600000000004,
    0.35001600000000005,
    0.3765,
    0.3817,
    0.506093,
    0.528587,
    0.5358970000000001,
    0.558372,
    0.5682699999999999,
    0.59088,
    0.613915,
    0.63605,
    0.6365000000000001,
    0.006354,
    0.039522,
    0.040117,
    0.045523,
    0.045998,
    0.046575000000000005
  ],
  "w": [
    0.0271,
    0.000165,
    3.3e-06,
    4.7e-06,
    3.7000000000000005e-05,
    0.000257,
    0.000145,
    0.00013,
    0.0075,
    1.4999999999999998e-06,
    0.0418,
    0.000263,
    8.1e-06,
    1.2e-06,
    0.0475,
    0.00425,
    3.3e-07,
    4.1e-05,
    0.00645,
    0.00605,
    0.000536,
    0.00063,
    2.9e-07,
    1.13e-06,
    3.06e-06,
    3.5e-06,
    1.77e-06,
    0.235,
    0.22,
    0.397,
    0.124,
    0.156,
    0.032
  ]
}
