{
  "ene": [
    0.022507000000000003,
    0.07296599999999999,
    0.122015,
    0.129506,
    0.13000399999999998,
    0.17855500000000002,
    0.20833400000000002,
    0.251521,
    0.254568,
    0.263432,
    0.272436,
    0.277075,
    0.2813,
    0.28593900000000005,
    0.286419,
    0.304947,
    0.308559,
    0.327534,
    0.350041,
    0.350521,
    0.359385,
    0.37658300000000006,
    0.381525,
    0.506089,
    0.5285960000000001,
    0.535868,
    0.5583750000000001,
    0.5683790000000001,
    0.590886,
    0.613953,
    0.636093,
    0.63646
  ],
  "w": [
    0.023984275253993936,
    0.00014149937824822973,
    4.265816263443106e-06,
    3.9152428533060115e-06,
    3.1157673386874446e-05,
    0.00018457573451299768,
    5.534083167455916e-05,
    0.00011186408152302894,
    0.007898379628306152,
    2.335186948406197e-08,
    1.441167491524978e-06,
    0.04412502585645895,
    0.0002651748184405959,
    7.532861123890959e-06,
    0.0,
    3.42704583361694e-08,
    1.0502586534901498e-06,
    0.040428393785208495,
    0.003678983834453973,
    2.2530564031487802e-07,
    2.253056403148781e-07,
    4.2658162634431066e-07,
    3.5008621783004995e-05,
    0.005593204076151446,
    0.005089815709297815,
    0.00046693826725409295,
    0.0005764669966099912,
    2.3155715092006352e-07,
    9.262286036802541e-07,
    2.253056403148781e-06,
    3.1507759604704493e-06,
    1.3518338418892687e-06
  ]
}
