{
  "ene": [
    0.0538,
    0.06811,
    0.0963,
    0.10020000000000001,
    0.1178,
    0.15,
    0.1716,
    0.20140000000000002,
    0.2083,
    0.218,
    0.2507,
    0.25315,
    0.26339,
    0.27191000000000004,
    0.2819,
    0.29711000000000004,
    0.29958999999999997,
    0.31010000000000004,
    0.31411,
    0.324,
    0.359,
    0.36818,
    0.38110000000000005,
    0.4104,
    0.4378,
    0.44630000000000003,
    0.46900000000000003,
    0.4962,
    0.5375,
    0.5622999999999999,
    0.5685,
    0.5769,
    0.652,
    0.658,
    0.665,
    0.8093,
    0.8919,
    0.013686,
    0.078947,
    0.08151699999999999,
    0.092333,
    0.093473,
    0.09489700000000001
  ],
  "w": [
    0.00014000000000000001,
    5.1000000000000006e-05,
    7.000000000000001e-05,
    0.0014099999999999998,
    0.00023,
    0.000448,
    0.000774,
    1.14e-05,
    5.1000000000000006e-05,
    0.1144,
    3.4e-05,
    6.7e-05,
    2.2000000000000003e-05,
    3.5000000000000004e-05,
    6.9e-06,
    8.800000000000001e-05,
    0.00015,
    1.0300000000000001e-05,
    2.5e-05,
    0.000174,
    0.000386,
    5.4999999999999995e-05,
    0.000341,
    0.001205,
    1.06e-05,
    1.7e-05,
    1.6e-05,
    1.0300000000000001e-05,
    4.6e-05,
    5.72e-06,
    1.3e-05,
    3.5000000000000004e-05,
    4.58e-06,
    6.8599999999999995e-06,
    9.15e-06,
    9.2e-06,
    3.3e-06,
    0.0209,
    0.009000000000000001,
    0.0149,
    0.0052,
    0.0068000000000000005,
    0.0016300000000000002
  ]
}
