{
  "ene": [
    0.053950000000000005,
    0.09616,
    0.10025,
    0.11787,
    0.15011000000000002,
    0.17182,
    0.20877,
    0.21812,
    0.28206000000000003,
    0.28209,
    0.3103,
    0.32410000000000005,
    0.35888,
    0.38233999999999996,
    0.41064,
    0.43725,
    0.44627999999999995,
    0.46825,
    0.5375,
    0.56415,
    0.5685,
    0.577,
    0.652,
    0.6644,
    0.8093
  ],
  "w": [
    8.303103419762722e-05,
    0.0001365254674024984,
    0.0014089785573668605,
    0.00022912417075853785,
    0.0009101697826833227,
    0.0005189439637351702,
    0.0003270864565107705,
    0.11456208537926892,
    0.0,
    3.881312842538736e-05,
    1.0652922084341838e-05,
    0.00020260158565312694,
    8.818250867530373e-05,
    0.00018482442107327308,
    0.0015954847290288812,
    6.264848588047373e-06,
    4.47270926888493e-06,
    2.6632126170147292e-05,
    3.29728873055125e-05,
    1.2970856879766298e-05,
    2.2903628506326672e-05,
    8.111744121467109e-06,
    9.90705103058012e-06,
    2.370535912509013e-06,
    8.916395879879446e-06
  ]
}
