{
  "ene": [
    0.050140000000000004,
    0.07513,
    0.11111,
    0.13097999999999999,
    0.17237,
    0.19024000000000002,
    0.19631,
    0.20618,
    0.21866,
    0.22136000000000003,
    0.2241,
    0.23167,
    0.24211000000000002,
    0.26899,
    0.35175,
    0.37764,
    0.41505000000000003,
    0.45537,
    0.47445,
    0.6199500000000001,
    0.69688,
    0.70754,
    0.72345,
    0.78277,
    0.8315800000000001,
    0.84672,
    0.85378,
    0.8696,
    0.9136900000000001,
    0.92947,
    0.9636100000000001,
    0.96624,
    0.9829,
    1.02502,
    1.0435999999999999,
    1.06033,
    1.06808,
    1.0852000000000002,
    1.10109,
    1.11426,
    1.1224100000000001,
    1.13361,
    1.13847,
    1.15387,
    1.15675,
    1.16052,
    1.1716900000000001,
    1.18205,
    1.1904000000000001,
    1.19799,
    1.22524,
    1.2386,
    1.2490999999999999,
    1.2544000000000002,
    1.2575,
    1.28099,
    1.29161,
    1.2955999999999999,
    1.3216500000000002,
    1.32758,
    1.3433,
    1.3774000000000002,
    1.3885,
    1.4025,
    1.4364000000000001,
    1.4452,
    1.4534,
    1.5023,
    1.5087000000000002,
    1.5341,
    1.5565,
    1.5794000000000001,
    1.5996,
    1.6439000000000001,
    0.014920000000000001,
    0.08543200000000001,
    0.08847100000000001,
    0.100119,
    0.10137,
    0.102948
  ],
  "w": [
    0.00014800000000000002,
    8.4e-05,
    0.129,
    0.0062,
    0.0005899999999999999,
    0.0059,
    0.00039,
    0.493,
    0.0005899999999999999,
    0.00256,
    0.00094,
    0.00037999999999999997,
    0.0194,
    0.000197,
    0.000182,
    0.0005899999999999999,
    0.00015800000000000002,
    8.9e-05,
    0.00039,
    0.00035999999999999997,
    0.00022700000000000002,
    0.00439,
    0.00014800000000000002,
    0.0043,
    0.000178,
    0.00035000000000000005,
    0.00079,
    0.00064,
    0.00074,
    0.0006900000000000001,
    0.0006900000000000001,
    0.00035000000000000005,
    0.00035999999999999997,
    0.0003,
    0.00032099999999999994,
    0.0045000000000000005,
    0.000212,
    0.00227,
    0.00247,
    0.00037,
    0.0005899999999999999,
    0.00037,
    0.00148,
    0.00266,
    0.00021700000000000002,
    0.00035499999999999996,
    0.00242,
    0.00034,
    0.000113,
    0.00043999999999999996,
    0.000138,
    0.00026599999999999996,
    0.00019199999999999998,
    6.9e-05,
    0.000128,
    0.000118,
    0.000237,
    0.000138,
    0.00133,
    0.00113,
    0.000118,
    0.00039,
    0.00029600000000000004,
    0.000306,
    0.00035000000000000005,
    0.000182,
    0.00015800000000000002,
    0.000247,
    9.400000000000001e-05,
    0.00019199999999999998,
    0.00015800000000000002,
    0.00015800000000000002,
    6.4e-05,
    0.000153,
    0.2820746963436996,
    0.02111367542337104,
    0.0344881989927655,
    0.01210010670652369,
    0.01606894170626346,
    0.00396883499973977
  ]
}
