{
  "ene": [
    0.08233,
    0.12598,
    0.1271,
    0.12874000000000002,
    0.13200399999999998,
    0.1381,
    0.13974,
    0.14973,
    0.18451,
    0.18667,
    0.18969999999999998,
    0.19693000000000002,
    0.20314,
    0.21339,
    0.21427500000000002,
    0.23825000000000002,
    0.23987,
    0.24864,
    0.25221,
    0.26073599999999997,
    0.26466,
    0.26691000000000004,
    0.27079000000000003,
    0.27232,
    0.27831,
    0.29286,
    0.298633,
    0.30258,
    0.34165,
    0.3463,
    0.34664999999999996,
    0.34904,
    0.3528,
    0.37262,
    0.384539,
    0.39459,
    0.39882,
    0.4002,
    0.40429899999999996,
    0.41608,
    0.41856,
    0.41947,
    0.42158999999999996,
    0.42973,
    0.43129700000000004,
    0.43624,
    0.43662,
    0.44742000000000004,
    0.45677,
    0.45981900000000003,
    0.47827,
    0.47878,
    0.48264,
    0.49288,
    0.496385,
    0.50212,
    0.51655,
    0.52212,
    0.52792,
    0.534294,
    0.552761,
    0.56349,
    0.5748800000000001,
    0.57796,
    0.58179,
    0.59096,
    0.59316,
    0.59889,
    0.601201,
    0.62901,
    0.6453150000000001,
    0.6491100000000001,
    0.6629020000000001,
    0.666289,
    0.67237,
    0.67343,
    0.68827,
    0.71172,
    0.71521,
    0.7191900000000001,
    0.72621,
    0.7348600000000001,
    0.73866,
    0.748604,
    0.75642,
    0.76112,
    0.7766900000000001,
    0.7834500000000001,
    0.788875,
    0.7947000000000001,
    0.79891,
    0.8029299999999999,
    0.81263,
    0.84229,
    0.862862,
    0.8726200000000001,
    0.87591,
    0.8800399999999999,
    0.8989900000000001,
    0.93306,
    0.938616,
    0.947858,
    0.95265,
    0.9564,
    0.992201,
    1.01261,
    1.0152999999999999,
    1.08158,
    1.09668,
    1.09754,
    1.2077,
    1.22057,
    1.2312,
    1.24638,
    0.511,
    0.0066029999999999995,
    0.04090100000000001,
    0.041540999999999995,
    0.047146,
    0.04764500000000001,
    0.048248
  ],
  "w": [
    5.3e-05,
    0.00147,
    1.4499999999999998e-05,
    0.000373,
    0.00091,
    0.00079,
    0.00014000000000000001,
    0.484,
    0.000484,
    9.7e-05,
    2.42e-05,
    4.7999999999999994e-05,
    1.4499999999999998e-05,
    4.4000000000000006e-05,
    0.0019500000000000001,
    1.4499999999999998e-05,
    1.4499999999999998e-05,
    4.7999999999999994e-05,
    0.00271,
    0.013000000000000001,
    0.00039,
    0.00024,
    4.7999999999999994e-05,
    0.0322,
    0.00079,
    4.7999999999999994e-05,
    0.27899999999999997,
    0.000126,
    0.0007599999999999999,
    0.00073,
    0.237,
    0.00066,
    0.00041,
    1.4499999999999998e-05,
    0.0007599999999999999,
    9.7e-06,
    0.000448,
    9.7e-06,
    0.00198,
    0.000235,
    5.1000000000000006e-05,
    2.8999999999999997e-05,
    3.5000000000000004e-05,
    9.7e-06,
    0.0007099999999999999,
    0.000441,
    0.000208,
    4.7999999999999994e-05,
    0.00024,
    0.005849999999999999,
    0.00023,
    0.0020499999999999997,
    0.00075,
    0.000178,
    0.0166,
    9.7e-06,
    0.027000000000000003,
    9.7e-06,
    1.4499999999999998e-05,
    0.031200000000000002,
    0.00086,
    0.000106,
    9.7e-06,
    9.7e-06,
    9.7e-06,
    9.7e-06,
    9.7e-06,
    0.000201,
    0.0005909999999999999,
    4.8e-06,
    0.0147,
    0.000136,
    0.0028000000000000004,
    0.0088,
    4.8e-06,
    3.4e-05,
    1.4499999999999998e-05,
    4.8e-06,
    4.8e-06,
    9.7e-06,
    0.0008,
    0.00128,
    9.7e-06,
    0.083,
    1.4499999999999998e-05,
    8.099999999999999e-05,
    0.000147,
    7.7e-05,
    0.073,
    9.68e-06,
    0.000503,
    0.00044699999999999997,
    0.00147,
    5.3e-05,
    0.00066,
    2.42e-05,
    0.0015199999999999999,
    9.7e-06,
    4.8e-06,
    0.00624,
    0.024300000000000002,
    0.0096,
    0.000118,
    4.8e-06,
    0.000322,
    0.00023300000000000003,
    0.00012200000000000001,
    0.00017999999999999998,
    1.65e-05,
    1.94e-05,
    1.16e-05,
    7.699999999999999e-06,
    3.4e-06,
    2.0799999999999997e-05,
    6.599968000000001e-05,
    0.193,
    0.298,
    0.54,
    0.17,
    0.213,
    0.0438
  ]
}
