{
  "ene": [
    0.082323,
    0.125968,
    0.12732200000000002,
    0.12876300000000002,
    0.13198500000000002,
    0.138069,
    0.149732,
    0.18450899999999998,
    0.18671000000000001,
    0.189987,
    0.197165,
    0.214308,
    0.238208,
    0.24459,
    0.252217,
    0.260748,
    0.264635,
    0.266832,
    0.27231,
    0.278327,
    0.292661,
    0.298657,
    0.34163,
    0.346654,
    0.348977,
    0.352789,
    0.372584,
    0.384563,
    0.39881700000000003,
    0.404295,
    0.416092,
    0.41838600000000004,
    0.42169,
    0.4313,
    0.43620800000000004,
    0.436726,
    0.44748000000000004,
    0.45983300000000005,
    0.478304,
    0.478757,
    0.482648,
    0.492848,
    0.49638600000000005,
    0.516548,
    0.534295,
    0.552766,
    0.5632849999999999,
    0.590997,
    0.598871,
    0.601194,
    0.6453110000000001,
    0.6491979999999999,
    0.66289,
    0.66628,
    0.673485,
    0.719238,
    0.726193,
    0.734865,
    0.748603,
    0.7611380000000001,
    0.77678,
    0.788858,
    0.795043,
    0.7989299999999999,
    0.802949,
    0.812622,
    0.8628669999999999,
    0.875925,
    0.9331119999999999,
    0.93859,
    0.947848,
    0.9526810000000001,
    0.9564,
    0.992208,
    1.012599,
    1.015318,
    1.0815190000000001,
    1.096678,
    1.09758,
    1.20778,
    1.2206199999999998,
    1.231251,
    1.24641
  ],
  "w": [
    0.00029219580868910557,
    0.0011450688763339687,
    8.275994427003066e-05,
    0.00035097958774922355,
    0.0007885406284292657,
    0.0008153686836582185,
    1.0263410022568817,
    0.00043680465195975994,
    8.063661474937123e-05,
    9.021754783237332e-05,
    9.062256453231205e-05,
    0.0018146897592270761,
    0.0001364074373017744,
    1.4388540203870048e-05,
    0.0025298005541767293,
    0.012446276150184003,
    0.00038989849232855847,
    0.00028537903928037647,
    0.030396373808138078,
    0.0006744575674285729,
    0.0006665835166242311,
    0.26998429826863335,
    0.0007172528503402657,
    0.24182785334461807,
    0.0008228225994833797,
    0.00041186138338875983,
    0.00011880332644744611,
    0.0018498134542889839,
    0.0004193324658813696,
    0.0018806888817363974,
    0.0002151758551020797,
    4.8696003234370755e-05,
    3.2559832033424375e-05,
    0.0006121800140156346,
    0.0003230755844262057,
    0.00015142561267938344,
    0.0,
    0.01589344010132335,
    0.0,
    0.0021513415252335166,
    0.0005099355170402815,
    0.00017305191232049117,
    0.016782853022116514,
    0.028467170701417525,
    0.07458925218907199,
    0.0008142332815613973,
    8.804201814472164e-05,
    9.957742923029528e-05,
    0.00017685535789077446,
    0.0005043902534833118,
    0.013769199211700306,
    0.00010110158580147502,
    0.0027641703583138237,
    0.009223363307259275,
    3.0290858788868774e-05,
    0.00015444432438168,
    0.0007448394984302757,
    0.0008731772552059613,
    0.07689363386555412,
    7.018800099448805e-05,
    0.00013592481094884954,
    0.06939811371721023,
    0.00029698272809549687,
    0.00045337033991692835,
    0.00040244630772207237,
    0.0014290760752482476,
    0.0006326592597732057,
    0.0013793324045005108,
    0.0058240620261301316,
    0.022623785071810544,
    0.008228225994833796,
    9.94042380073519e-05,
    0.00015971056991051415,
    9.062256453231207e-05,
    0.00021170065320596333,
    0.00011421485612910724,
    0.00012486434749445249,
    1.4890706845590012e-05,
    7.44243041232717e-05,
    1.0298891988215383e-05,
    7.325962207520484e-06,
    2.357578589056096e-06,
    1.9090649802038476e-05
  ]
}
