{
  "ene": [
    0.014050000000000002,
    0.05515,
    0.0692,
    0.0716418,
    0.0884,
    0.1053589,
    0.1129498,
    0.1171442,
    0.1205,
    0.1285027,
    0.1367245,
    0.1457693,
    0.1532842,
    0.15973410000000002,
    0.1743988,
    0.1770007,
    0.1819093,
    0.203,
    0.20410499999999998,
    0.2083662,
    0.214,
    0.21443410000000002,
    0.22330000000000003,
    0.22848380000000001,
    0.2338615,
    0.2421,
    0.2496742,
    0.2548,
    0.2773,
    0.28178680000000006,
    0.283609,
    0.2915429,
    0.29252659999999997,
    0.29510000000000003,
    0.2964584,
    0.2990534,
    0.30550330000000003,
    0.3115,
    0.31372500000000003,
    0.3213159,
    0.3267,
    0.3276829,
    0.3416432,
    0.3785036,
    0.3850304,
    0.4185388,
    0.42647260000000003,
    0.4658416,
    0.5724,
    0.6065,
    0.6382000000000001,
    0.009114,
    0.009114,
    0.054608,
    0.054608,
    0.055786,
    0.055786,
    0.063333,
    0.063333,
    0.064057,
    0.064057,
    0.064935,
    0.064935
  ],
  "w": [
    0.001904,
    0.02529,
    0.000128,
    0.01133,
    0.0005600000000000001,
    0.16399999999999998,
    0.276,
    0.00251,
    0.009899999999999999,
    0.2075,
    0.018779999999999998,
    0.01248,
    0.214,
    0.0069,
    0.16140000000000002,
    0.046900000000000004,
    0.00126,
    0.00161,
    0.1748,
    0.7170000000000001,
    0.41100000000000003,
    0.08310000000000001,
    0.000167,
    0.46399999999999997,
    0.0602,
    0.00075,
    0.08070000000000001,
    0.0137,
    0.7609999999999999,
    0.1807,
    0.0053300000000000005,
    0.013300000000000001,
    0.0105,
    0.7,
    0.06480000000000001,
    0.021099999999999997,
    0.02327,
    0.59,
    0.01697,
    0.01506,
    0.69,
    0.23850000000000002,
    0.022799999999999997,
    0.38,
    0.040999999999999995,
    0.2809,
    0.0062,
    0.032,
    0.07200000000000001,
    0.11599999999999999,
    0.203,
    0.23196201544880002,
    0.5743303342306401,
    0.42703491246825037,
    0.16123702737187898,
    0.7473484642426503,
    0.2821789068461305,
    0.24655562604980236,
    0.0930928480678694,
    0.11794863850199051,
    0.3123859782050995,
    0.06583035215529721,
    0.02485579043412113
  ]
}
