{
  "ene": [
    0.265832,
    0.304896,
    0.344524,
    0.38358800000000004,
    0.64942
  ],
  "w": [
    3.628789557177822e-05,
    0.25960056427081374,
    0.005477364753639817,
    3.505513442329483e-05,
    0.02190945901455927
  ]
}
