{
  "ene": [
    0.265832,
    0.304896,
    0.34452,
    0.38359,
    0.64942,
    0.012147999999999999,
    0.07083199999999999,
    0.072874,
    0.08262900000000001,
    0.083631,
    0.084866
  ],
  "w": [
    3.5000000000000004e-05,
    0.26,
    0.0055000000000000005,
    3.5000000000000004e-05,
    0.022000000000000002,
    0.029504874547712,
    0.02299062733096421,
    0.03880929664241089,
    0.013198595944969084,
    0.017118578940624903,
    0.003919982995655818
  ]
}
