{
  "ene": [
    0.0801854,
    0.085919,
    0.16393000000000002,
    0.177214,
    0.23217500000000002,
    0.2725,
    0.2843046,
    0.295846,
    0.30244400000000005,
    0.318094,
    0.32462959999999996,
    0.32579,
    0.358419,
    0.36449000000000004,
    0.404815,
    0.503004,
    0.6369900000000001,
    0.6427236000000001,
    0.722909
  ],
  "w": [
    0.04179088938539225,
    8.795514793131231e-07,
    0.0021007130815072776,
    0.002679661117083224,
    3.137846240150748e-05,
    0.0005740832325730346,
    0.06130202527441348,
    1.7828671819038344e-05,
    4.7110810727642925e-05,
    0.0007704870958782957,
    0.00023115156362184535,
    0.002712440617652168,
    0.00015831926627636215,
    0.8141039213069521,
    0.0005926963169790905,
    0.0035690008127002215,
    0.07131468727615337,
    0.0021566602272757775,
    0.017591029586262456
  ]
}
