{
  "ene": [
    0.080185,
    0.0859,
    0.16393000000000002,
    0.177214,
    0.23218000000000003,
    0.272498,
    0.28430500000000003,
    0.2958,
    0.3024,
    0.31808800000000004,
    0.324651,
    0.325789,
    0.3584,
    0.364489,
    0.404814,
    0.44960000000000006,
    0.503004,
    0.636989,
    0.642719,
    0.722911,
    0.00454,
    0.029457999999999998,
    0.029778,
    0.033726,
    0.034030000000000005,
    0.034414
  ],
  "w": [
    0.0261615,
    8.965e-07,
    0.000211085,
    0.0026895,
    3.1785e-05,
    0.000576205,
    0.061206500000000004,
    1.793e-05,
    4.727e-05,
    0.00077425,
    0.0002119,
    0.00273025,
    0.00016299999999999998,
    0.815,
    0.00054605,
    7.335000000000001e-05,
    0.00359415,
    0.07155700000000001,
    0.0021679,
    0.0176855,
    0.006040157907418778,
    0.01446036761837186,
    0.02678838017482746,
    0.007765844345855567,
    0.00959858361147748,
    0.001832739265621913
  ]
}
