{
  "ene": [
    0.014050000000000002,
    0.05515,
    0.0692,
    0.0716418,
    0.0716418,
    0.0884,
    0.1053589,
    0.1129498,
    0.1129498,
    0.1158682,
    0.1171442,
    0.1216211,
    0.1253,
    0.1285027,
    0.1367245,
    0.1367245,
    0.1457693,
    0.1471637,
    0.1532842,
    0.15973410000000002,
    0.17185740000000002,
    0.1743988,
    0.1770007,
    0.1819093,
    0.19556020000000002,
    0.203,
    0.20410499999999998,
    0.2083662,
    0.2083662,
    0.21443410000000002,
    0.21810380000000001,
    0.22330000000000003,
    0.22848380000000001,
    0.2338615,
    0.2421,
    0.2496742,
    0.2496742,
    0.2687847,
    0.28178680000000006,
    0.283609,
    0.2915429,
    0.29252659999999997,
    0.2964584,
    0.2990534,
    0.30550330000000003,
    0.31372500000000003,
    0.319021,
    0.3213159,
    0.3213159,
    0.3276829,
    0.3331,
    0.334,
    0.3416432,
    0.3674174,
    0.3785036,
    0.3850304,
    0.4136637,
    0.4185388,
    0.42647260000000003,
    0.4658416,
    0.00881,
    0.009114,
    0.009114,
    0.052965000000000005,
    0.05407,
    0.054608,
    0.054608,
    0.055786,
    0.055786,
    0.061387000000000004,
    0.06208400000000001,
    0.062927,
    0.063333,
    0.063333,
    0.064057,
    0.064057,
    0.064935,
    0.064935
  ],
  "w": [
    0.001472,
    0.01955,
    9.900000000000001e-05,
    0.00876,
    0.00164,
    0.00043,
    0.1268,
    0.214,
    0.0623,
    0.00658,
    0.00194,
    0.0629,
    2.2e-06,
    0.1604,
    0.01452,
    0.00046499999999999997,
    0.009649999999999999,
    0.0359,
    0.1654,
    0.00534,
    0.048,
    0.1247,
    0.0363,
    0.00098,
    0.00855,
    0.00124,
    0.1351,
    0.5539999999999999,
    0.1041,
    0.0643,
    0.0337,
    0.000129,
    0.359,
    0.04650000000000001,
    0.000578,
    0.001997,
    0.062400000000000004,
    0.0349,
    0.13970000000000002,
    0.0041199999999999995,
    0.010320000000000001,
    0.008100000000000001,
    0.0501,
    0.0163,
    0.01799,
    0.01312,
    0.1051,
    0.002186,
    0.01164,
    0.1843,
    1.8e-05,
    1.838e-05,
    0.0176,
    0.0313,
    0.294,
    0.0317,
    0.17620000000000002,
    0.21719999999999998,
    0.0048,
    0.02471,
    0.086,
    0.444286326760692,
    0.030365354846605998,
    0.053,
    0.09300000000000001,
    0.015716035926459485,
    0.33026103414747027,
    0.5779857090435251,
    0.027504438093208763,
    0.030600000000000002,
    0.0387,
    0.008100000000000001,
    0.19068163669203217,
    0.009073911672637533,
    0.24159363368880477,
    0.011496646089231757,
    0.002422734416594221,
    0.05091199699677259
  ]
}
