{
  "ene": [
    0.11518300000000001,
    0.17668,
    0.238632,
    0.300087,
    0.4152,
    0.012904,
    0.07481499999999999,
    0.07710800000000001,
    0.08738800000000001,
    0.088458,
    0.089784
  ],
  "w": [
    0.0059644799999999994,
    0.0005232,
    0.436,
    0.0330052,
    0.0001308,
    0.13675041642107744,
    0.10027299973093201,
    0.16776476448206798,
    0.05746598313908116,
    0.07505057397964,
    0.017584590840558835
  ]
}
