{
  "ene": [
    0.0532256,
    0.10722,
    0.1375,
    0.1413,
    0.17007,
    0.19619999999999999,
    0.20568,
    0.21647,
    0.24199500000000002,
    0.25886000000000003,
    0.27480000000000004,
    0.295224,
    0.30526,
    0.31432,
    0.32383,
    0.351932,
    0.46201,
    0.4706,
    0.48043,
    0.48711000000000004,
    0.511,
    0.53366,
    0.53843,
    0.5438200000000001,
    0.58013,
    0.766,
    0.7859600000000001,
    0.8390599999999999,
    0.012904,
    0.07481499999999999,
    0.07710800000000001,
    0.08738800000000001,
    0.088458,
    0.089784
  ],
  "w": [
    0.01073529,
    6.8175e-05,
    0.0005454,
    0.0002727,
    0.00014544,
    0.00068175,
    0.000113625,
    9.999e-05,
    0.0726291,
    0.005313105,
    0.0033587549999999997,
    0.1847088,
    0.00031815,
    0.0007453799999999999,
    0.000286335,
    0.357237,
    0.002122515,
    0.00010907999999999999,
    0.003367845,
    0.00432684,
    0.000149985,
    0.001804365,
    0.00019088999999999998,
    0.00049995,
    0.003685995,
    0.0005454,
    0.010589850000000001,
    0.00580851,
    0.11137483074964427,
    0.052212476874370174,
    0.08735565814684654,
    0.029922724200567127,
    0.03907907780594067,
    0.009156353605373544
  ]
}
