{
  "ene": [
    0.569698,
    1.063656,
    0.012522,
    0.07280500000000001,
    0.07497,
    0.084986,
    0.086022,
    0.087301
  ],
  "w": [
    0.9790000000000001,
    0.888,
    0.04011357408573,
    0.027847893119110005,
    0.046803181712789924,
    0.015996658892549986,
    0.020827649878100082,
    0.004830990985550095
  ]
}
