{
  "ene": [
    0.11518300000000001,
    0.123449,
    0.17664,
    0.238632,
    0.300089,
    0.415272
  ],
  "w": [
    0.0060732880698631826,
    8.708357477578008e-05,
    0.0005278809308708561,
    0.4354178738789004,
    0.032992558179428505,
    0.00013197023271771402
  ]
}
