{
  "ene": [
    0.046539000000000004
  ],
  "w": [
    0.04263959390862944
  ]
}
