{
  "ene": [
    0.0697,
    0.20244,
    0.31366000000000005,
    0.34351,
    0.4581,
    0.51618,
    0.53747,
    0.65718,
    0.80306,
    0.88098,
    1.1946800000000002,
    1.2991,
    1.369,
    0.012522,
    0.012522,
    0.07280500000000001,
    0.07280500000000001,
    0.07497,
    0.07497,
    0.084986,
    0.084986,
    0.086022,
    0.086022,
    0.087301,
    0.087301
  ],
  "w": [
    0.01122,
    0.00098,
    0.0006174,
    0.2842,
    0.9570000000000001,
    0.9114,
    0.294,
    0.0032340000000000003,
    0.98,
    0.6664,
    0.0004704,
    0.3762,
    0.561,
    0.06364317753828541,
    0.11362459888764599,
    0.041518373821667856,
    0.00783957672260117,
    0.013175759197649026,
    0.06977877953221488,
    0.004503286268625041,
    0.023849390004403444,
    0.03105190578573328,
    0.0058632787217498036,
    0.001359992453124762,
    0.00720251578132984
  ]
}
