{
  "ene": [
    0.065421,
    0.09508499999999999,
    0.313611,
    0.34294600000000003,
    0.361673,
    0.404866,
    0.42709400000000003,
    0.429791,
    0.504181,
    0.609534,
    0.675284,
    0.704619,
    0.766539,
    0.83196,
    0.865854,
    1.0144,
    1.0801500000000002,
    1.10352,
    1.1094849999999998,
    1.19633,
    1.2343,
    1.27072
  ],
  "w": [
    0.0007771223006156833,
    0.00022923540307280167,
    0.00031256761879486596,
    0.00044083731360154173,
    0.00048329047706306715,
    0.0490320468473293,
    0.0175912229866641,
    7.312931724147857e-05,
    5.352583380801205e-05,
    0.0016074989930120096,
    0.0001312783998938437,
    0.005877830848020556,
    0.0070042098125082195,
    0.035323740937076506,
    5.4785265191729976e-05,
    0.0006526445911628761,
    0.0001237767770427669,
    4.680398491119193e-05,
    0.0014635798811571186,
    0.00011607828133568027,
    8.962465195760156e-06,
    6.297156918589653e-05
  ]
}
