{
  "ene": [
    0.046539000000000004,
    0.012904
  ],
  "w": [
    0.0425,
    0.2266627
  ]
}
