{
  "ene": [
    0.0532282,
    0.0567093,
    0.11817,
    0.18174359999999998,
    0.19618000000000002,
    0.20564179999999999,
    0.2384529,
    0.2419949,
    0.25887,
    0.274806,
    0.2952231,
    0.29870420000000003,
    0.305333,
    0.31435,
    0.32381180000000004,
    0.3519324,
    0.461969,
    0.4804478,
    0.48707659999999997,
    0.533676,
    0.5437858999999999,
    0.5801390000000001,
    0.7857808000000001,
    0.839009
  ],
  "w": [
    0.005716036984448537,
    0.0,
    0.0,
    1.044118205889617e-05,
    0.0014635636919899091,
    0.0002517329550222644,
    0.00015661773088344253,
    0.00023841201164518844,
    0.011708509535919273,
    0.0034803940196320555,
    0.0006057215743018,
    2.5176878481798548e-06,
    0.000306142671580657,
    0.0015334103107110682,
    0.0005673618149630953,
    0.0034022808759187227,
    0.0021007721256741637,
    0.003306374318650453,
    0.004275440758281589,
    0.0017784813440319806,
    0.00043282239775196344,
    0.003663155415120277,
    0.010556643847608863,
    0.005774484184642048
  ]
}
