{
  "ene": [
    0.06542,
    0.081,
    0.0838,
    0.0882,
    0.0943,
    0.095,
    0.0973,
    0.244,
    0.31359,
    0.34291000000000005,
    0.362072,
    0.404853,
    0.427088,
    0.43,
    0.47800000000000004,
    0.47962,
    0.4811,
    0.48192,
    0.49182,
    0.4942,
    0.5004,
    0.502,
    0.50412,
    0.60938,
    0.67669,
    0.70464,
    0.76651,
    0.83201,
    0.86593,
    0.9510000000000001,
    1.01464,
    1.08016,
    1.0905,
    1.10352,
    1.10948,
    1.19633,
    1.2343,
    1.27071,
    0.012904,
    0.07481499999999999,
    0.07710800000000001,
    0.08738800000000001,
    0.088458,
    0.089784
  ],
  "w": [
    0.0007746,
    0.00045185,
    0.00058095,
    0.00016783,
    0.00011619000000000001,
    0.00018074,
    0.00011619000000000001,
    0.0003873,
    0.00030984000000000003,
    0.00034857,
    0.00042603000000000004,
    0.0378263,
    0.0175576,
    6.455e-05,
    0.0001291,
    5.164e-05,
    0.0002582,
    0.00010328,
    4.1312e-05,
    1.6783e-05,
    0.00011619000000000001,
    3.6148e-05,
    5.8095000000000005e-05,
    0.00042603000000000004,
    0.0001291,
    0.00462178,
    0.00617098,
    0.0352443,
    5.9386e-05,
    0.00021947,
    0.000172994,
    0.000122645,
    2.582e-05,
    4.6476e-05,
    0.00114899,
    0.000101989,
    1.291e-05,
    6.8423e-05,
    0.004928582033163666,
    0.002235260956987074,
    0.0037397707160566752,
    0.001281017510300344,
    0.001673008868452249,
    0.000391991358151905
  ]
}
