{
  "ene": [
    0.067167,
    0.07248600000000001
  ],
  "w": [
    0.006824587976441074,
    0.02253796827634422
  ]
}
