{
  "ene": [
    0.06720000000000001,
    0.0724,
    0.00587,
    0.036848,
    0.037362,
    0.04238,
    0.04281,
    0.043335
  ],
  "w": [
    0.0068200000000000005,
    0.022000000000000002,
    0.134361617656,
    0.21724692648106356,
    0.3956418256803197,
    0.1215050732208566,
    0.1527318770386167,
    0.031226803817760142
  ]
}
