{
  "ene": [
    0.803054
  ],
  "w": [
    1.0293662308356343e-05
  ]
}
