{
  "ene": [
    0.4389,
    0.584,
    0.598,
    0.643,
    0.733,
    0.8150000000000001
  ],
  "w": [
    0.0005450904399304882,
    3.997296559518937e-06,
    1.568501073029478e-05,
    7.572668313822477e-06,
    7.896461142341081e-06,
    1.9402765527142086e-05
  ]
}
