{
  "ene": [
    0.7787999999999999
  ],
  "w": [
    4.352405074296331e-05
  ]
}
