{
  "ene": [
    0.80306,
    0.012522,
    0.07280500000000001,
    0.07497,
    0.084986,
    0.086022,
    0.087301
  ],
  "w": [
    1.0300000000000001e-05,
    3.2265798128e-08,
    2.325976349e-08,
    3.909203948e-08,
    1.3361100636e-08,
    1.7396153028e-08,
    4.035052392e-09
  ]
}
