{
  "ene": [
    0.5700000000000001,
    2.61
  ],
  "w": [
    0.02,
    0.026000000000000002
  ]
}
