{
  "ene": [
    0.3279998,
    0.5696982,
    0.897698
  ],
  "w": [
    2.740601779557102e-05,
    3.5786636393198656e-05,
    0.005075188480661299
  ]
}
