{
  "ene": [
    0.034,
    0.3282,
    0.363,
    0.37760000000000005,
    0.56965,
    0.6871,
    0.89778,
    0.8977999999999999,
    1.063656,
    1.0649000000000002,
    0.012522,
    0.013292,
    0.07280500000000001,
    0.07497,
    0.076862,
    0.07929000000000001,
    0.084986,
    0.086022,
    0.087301,
    0.089837,
    0.09094100000000001,
    0.092315
  ],
  "w": [
    2.5e-11,
    3.21e-05,
    0.00016,
    6.7e-06,
    0.005350000000000001,
    1.1999999999999999e-05,
    0.0165,
    0.005510500000000001,
    7.2225e-06,
    0.00015,
    7.7627665516255e-05,
    3.8595763375e-06,
    5.6156818810299995e-05,
    9.438120808453901e-05,
    2.63427966336e-06,
    4.386810430242e-06,
    3.2258148620322e-05,
    4.200010950366e-05,
    9.741960883337001e-06,
    1.510257365672e-06,
    1.979947406396e-06,
    4.69690040724e-07
  ]
}
