{
  "ene": [
    0.7997000000000001
  ],
  "w": [
    0.00010291887343117334
  ]
}
