{
  "ene": [
    0.8049,
    0.012522,
    0.07280500000000001,
    0.07497,
    0.084986,
    0.086022,
    0.087301
  ],
  "w": [
    1.9e-05,
    5.913381989e-08,
    4.2639529241e-08,
    7.1663074355e-08,
    2.4493415056e-08,
    3.1890426403e-08,
    7.397011347e-09
  ]
}
