{
  "ene": [
    0.298,
    0.7997000000000001,
    0.012522,
    0.07280500000000001,
    0.07497,
    0.084986,
    0.086022,
    0.087301
  ],
  "w": [
    5.22e-07,
    0.00010352999999999999,
    3.4476351507900003e-07,
    2.4492512418e-07,
    4.1163886416899997e-07,
    1.4069228321700002e-07,
    1.8318135274899999e-07,
    4.2489069531e-08
  ]
}
