{
  "ene": [
    0.7788700000000001,
    0.012522,
    0.07280500000000001,
    0.07497,
    0.084986,
    0.086022,
    0.087301
  ],
  "w": [
    4.4000000000000006e-05,
    4.530168808e-07,
    3.43565457927e-07,
    5.77420937693e-07,
    1.9735422763300001e-07,
    2.56955204378e-07,
    5.9600976745e-08
  ]
}
