{
  "ene": [
    0.03481,
    0.18621100000000002,
    0.26227,
    0.4146,
    0.44937,
    0.60066,
    0.014088,
    0.08106999999999999,
    0.083789,
    0.094878,
    0.096054,
    0.09753
  ],
  "w": [
    6e-10,
    0.03565,
    5e-05,
    2.9999999999999997e-06,
    1.9e-06,
    4.9e-06,
    0.00782875307941856,
    0.001926117767006508,
    0.00317736352195069,
    0.001101888005570304,
    0.001454492167352801,
    0.000352604161782497
  ]
}
