{
  "ene": [
    0.240986,
    0.292694,
    0.40445400000000004,
    0.422044,
    0.64544
  ],
  "w": [
    0.039752639540580004,
    6.181086589124452e-05,
    2.1887654304795446e-05,
    2.953819631584511e-05,
    5.338452269462303e-05
  ]
}
