{
  "ene": [
    0.00447,
    0.0099,
    0.014369999999999999,
    0.03187,
    0.03455,
    0.06949,
    0.10225000000000001,
    0.10318000000000001,
    0.10404000000000001,
    0.10676000000000001,
    0.10855,
    0.11084000000000001,
    0.11258,
    0.11466,
    0.1223,
    0.1316,
    0.13824,
    0.14427,
    0.14728,
    0.15417,
    0.15864,
    0.16573,
    0.17555,
    0.17734,
    0.17963,
    0.19928,
    0.22139,
    0.24742,
    0.24949000000000002,
    0.25132,
    0.25511,
    0.25583,
    0.26045,
    0.26948,
    0.27033,
    0.28598,
    0.28818,
    0.32389999999999997,
    0.32841000000000004,
    0.33380000000000004,
    0.33827,
    0.34278,
    0.35547,
    0.35586,
    0.36189,
    0.36296,
    0.36852,
    0.37179,
    0.37286,
    0.37626,
    0.38335,
    0.38773,
    0.39002,
    0.43066000000000004,
    0.43245,
    0.44503,
    0.48746,
    0.50013,
    0.51003,
    0.52762,
    0.53752,
    0.54199,
    0.54583,
    0.57416,
    0.5797300000000001,
    0.58435,
    0.5941000000000001,
    0.59872,
    0.6093099999999999,
    0.61921,
    0.62368,
    0.63173,
    0.64163,
    0.6461,
    0.6969299999999999,
    0.7112999999999999,
    0.71843,
    0.72833,
    0.7328
  ],
  "w": [
    5.553569541276691e-07,
    0.0002522651633378109,
    0.00030393393173230236,
    1.126920513947159e-06,
    0.0,
    6.41369774793168e-05,
    6.2903666728181036e-06,
    5.2164219895558336e-05,
    0.00019241093243795046,
    0.00018871100018454313,
    5.130958198345344e-05,
    0.0005805206307160688,
    0.0,
    0.0005738064188511417,
    0.012077354406400374,
    0.00010269268814424829,
    6.471180418693328e-05,
    0.03211723464749404,
    5.2164219895558336e-05,
    0.05634602569735794,
    0.006874215135077671,
    5.807910055493444e-05,
    0.00015725916682045259,
    0.000481027331094876,
    0.0015291424224548578,
    5.1346344072124144e-05,
    0.0002351122678129562,
    5.131803007539296e-05,
    0.00047543015913158594,
    0.0004012632299658333,
    0.0005252329516002526,
    5.216421989555832e-05,
    4.331015459712351e-05,
    0.13821919778954023,
    7.934888683926306e-05,
    1.5148423851132038e-05,
    0.0016034244369829201,
    0.04024059006460152,
    0.0017862391548346946,
    0.001006014751615038,
    0.028570818945867084,
    0.0019002544200369094,
    5.680658944174514e-05,
    0.00010589204321498172,
    0.0005586304369796133,
    0.0002581614864702531,
    0.0001707840279653013,
    0.005942876989144824,
    0.0008605382882341772,
    0.0001545148017177654,
    0.0001451977513873361,
    0.0005882891289721206,
    9.467764906957524e-05,
    0.00015725916682045259,
    0.00035275337613624235,
    0.010483944454696838,
    0.00020538537628849658,
    5.294602160749086e-05,
    1.764867386916362e-05,
    0.0007259887569366803,
    2.105367395116373e-05,
    1.451977513873361e-05,
    5.2568637531011776e-05,
    1.5148423851132038e-05,
    1.2037896898975e-05,
    9.280747413669324e-06,
    1.2037896898975e-05,
    0.0006187164942446216,
    0.00030187076514937033,
    1.811224590896222e-05,
    4.528061477240555e-05,
    8.215415051539863e-06,
    3.080780644327448e-05,
    8.215415051539863e-06,
    1.3662722237224102e-05,
    7.343713202507954e-05,
    1.8935529813915048e-05,
    3.7871059627830095e-06,
    3.7871059627830095e-06
  ]
}
