{
  "ene": [
    0.240986,
    0.2927,
    0.4042,
    0.42204,
    0.6455,
    0.014088,
    0.08106999999999999,
    0.083789,
    0.094878,
    0.096054,
    0.09753
  ],
  "w": [
    0.040999999999999995,
    6.2e-05,
    2.2000000000000003e-05,
    3e-05,
    5.4000000000000005e-05,
    0.00370883569840672,
    0.001292859873976533,
    0.002132728264560431,
    0.000739615620820481,
    0.000976292619483035,
    0.000236676998662553
  ]
}
