{
  "ene": [
    0.1444,
    0.32431,
    0.32889999999999997,
    0.47259,
    0.51583,
    0.7968,
    0.8401799999999999,
    0.014088,
    0.08106999999999999,
    0.083789,
    0.094878,
    0.096054,
    0.09753
  ],
  "w": [
    1.1e-06,
    0.0277,
    4e-05,
    3.9e-05,
    1.42e-05,
    1.7e-06,
    2.8e-05,
    0.001009619420527008,
    0.000458872485715097,
    0.000756965499365057,
    0.00026251047405139697,
    0.000346513825747844,
    8.400335169644699e-05
  ]
}
