{
  "ene": [
    0.143731,
    0.32432,
    0.32886000000000004,
    0.47259100000000004,
    0.515852,
    0.65318,
    0.7969109999999999,
    0.840172
  ],
  "w": [
    1.0527964531887145e-06,
    0.027579133286213038,
    3.593667774188508e-05,
    3.759987332816838e-05,
    1.3874112802770063e-05,
    2.1562006645131043e-06,
    1.6389784783748597e-06,
    2.720414275052953e-05
  ]
}
