{
  "ene": [
    0.004413,
    0.009987000000000001,
    0.014400000000000001,
    0.03198,
    0.0695,
    0.0709,
    0.1022,
    0.1032,
    0.10423,
    0.10678,
    0.1085,
    0.110856,
    0.11470000000000001,
    0.12231900000000001,
    0.1316,
    0.1383,
    0.14423500000000003,
    0.1472,
    0.154208,
    0.158635,
    0.1658,
    0.1756,
    0.1773,
    0.17954,
    0.1993,
    0.22132,
    0.2462,
    0.24930000000000002,
    0.2516,
    0.2552,
    0.2557,
    0.26039999999999996,
    0.269463,
    0.27030000000000004,
    0.28600000000000003,
    0.28818,
    0.32387099999999996,
    0.32838,
    0.33401,
    0.33828199999999997,
    0.34287,
    0.3555,
    0.3557,
    0.36205200000000004,
    0.3629,
    0.36856,
    0.371676,
    0.3729,
    0.37610000000000005,
    0.38280000000000003,
    0.3877,
    0.39010000000000006,
    0.43060000000000004,
    0.43212,
    0.445033,
    0.4875,
    0.4908,
    0.5,
    0.51,
    0.5232000000000001,
    0.527611,
    0.5329,
    0.5376000000000001,
    0.542,
    0.5458,
    0.5741,
    0.5796,
    0.5842999999999999,
    0.594,
    0.5987210000000001,
    0.6093099999999999,
    0.6191,
    0.6235,
    0.6317,
    0.6417,
    0.6461,
    0.6969,
    0.7112999999999999,
    0.7184,
    0.7284,
    0.7328,
    0.7372000000000001,
    0.014088,
    0.08106999999999999,
    0.083789,
    0.094878,
    0.096054,
    0.09753
  ],
  "w": [
    2.33e-07,
    0.00016856,
    0.00019866000000000003,
    1.0836e-06,
    7.224e-05,
    3.6722e-05,
    9.03e-06,
    6.02e-05,
    0.000119196,
    0.000229362,
    6.02e-05,
    0.000522536,
    0.00010234,
    0.01304534,
    5.418e-05,
    2.6488e-05,
    0.0347354,
    6.02e-05,
    0.0602,
    0.007380520000000001,
    4.1538e-05,
    0.00015778420000000002,
    0.00042742,
    0.0016091459999999999,
    2.9497999999999998e-05,
    0.00029919399999999997,
    9.632e-05,
    0.00037444400000000004,
    0.000636314,
    0.000500262,
    5.418e-05,
    6.622e-05,
    0.133042,
    7.224e-06,
    1.204e-05,
    0.00148694,
    0.036421,
    0.00202272,
    0.0007555099999999999,
    0.0260064,
    0.0017458,
    4.3946e-05,
    2.9497999999999998e-05,
    0.000264278,
    0.000186018,
    0.000134246,
    0.00434644,
    0.0008307599999999999,
    5.5384e-05,
    1.8662e-05,
    5.1772e-05,
    5.2374e-05,
    0.00023417799999999998,
    0.000312438,
    0.01218448,
    6.5618e-05,
    1.7458e-05,
    1.3846e-05,
    4.214e-06,
    1.7458e-05,
    0.000660394,
    1.806e-05,
    2.9497999999999998e-05,
    1.6856e-05,
    2.0468e-05,
    2.0468e-05,
    1.4448e-05,
    1.4448e-05,
    1.4448e-05,
    0.0008620640000000001,
    0.000305214,
    4.816e-05,
    7.6454e-05,
    4.214e-05,
    1.7458e-05,
    4.214e-05,
    7.224e-06,
    3.3712e-05,
    1.4448e-05,
    2.5284e-05,
    6.02e-06,
    2.9498e-06,
    0.23,
    0.1542,
    0.254,
    0.0882,
    0.1164,
    0.0282
  ]
}
