{
  "ene": [
    0.54973,
    0.013292,
    0.076862,
    0.07929000000000001,
    0.089837,
    0.09094100000000001,
    0.092315
  ],
  "w": [
    0.00114,
    9.3472766244e-06,
    5.878983563053e-06,
    9.790147482187e-06,
    3.370476700807e-06,
    4.418694954758e-06,
    1.048218253951e-06
  ]
}
