{
  "ene": [
    0.6093160000000001
  ],
  "w": [
    0.0012446099568796552
  ]
}
