{
  "ene": [
    0.51,
    0.013292,
    0.076862,
    0.07929000000000001,
    0.089837,
    0.09094100000000001,
    0.092315
  ],
  "w": [
    0.0007599999999999999,
    7.420888748000001e-06,
    4.571827305332e-06,
    7.613367702468e-06,
    2.6210716950410003e-06,
    3.4362249921989996e-06,
    8.151532971569999e-07
  ]
}
