{
  "ene": [
    0.54976
  ],
  "w": [
    0.0011114360924246855
  ]
}
