{
  "ene": [
    0.130584,
    0.22407,
    0.271228,
    0.29356,
    0.32180000000000003,
    0.33088799999999996,
    0.37347,
    0.38308,
    0.401812,
    0.405412,
    0.43687200000000004,
    0.461472,
    0.489288,
    0.51763,
    0.54176,
    0.5560700000000001,
    0.564092,
    0.57657,
    0.6083,
    0.619872,
    0.671888,
    0.67664,
    0.7081000000000001,
    0.7327,
    0.802472,
    0.8353200000000001,
    0.8772000000000001,
    0.8911,
    1.0737
  ],
  "w": [
    0.0013493338292920264,
    1.3231905140187744e-05,
    0.11042366982681782,
    0.0006590337239979938,
    8.997544570086823e-07,
    9.916648585310743e-06,
    2.6749456829987847e-06,
    4.426126085167295e-06,
    0.06746669146460132,
    2.4786306076936853e-06,
    3.0830964468138612e-06,
    1.6858302595028265e-06,
    6.727893687542399e-06,
    0.0004134970356308669,
    4.362445852163307e-06,
    5.436321128357534e-07,
    1.3087337556489922e-05,
    8.997544570086823e-07,
    4.079305395497096e-05,
    3.485535283907508e-06,
    2.1425500917644404e-06,
    0.0001770450434066918,
    3.315157469692324e-06,
    6.941654009717521e-07,
    3.1978359578573735e-06,
    1.454148617387769e-05,
    2.999181523362274e-06,
    8.105896009087227e-06,
    3.1978359578573735e-06
  ]
}
