{
  "ene": [
    0.1306,
    0.2215,
    0.224,
    0.27123,
    0.29356,
    0.32180000000000003,
    0.32489999999999997,
    0.33080000000000004,
    0.3377,
    0.3709,
    0.3735,
    0.38,
    0.38310000000000005,
    0.40181,
    0.4054,
    0.4369,
    0.4382,
    0.4616,
    0.4893,
    0.5176000000000001,
    0.5382,
    0.5561,
    0.5641,
    0.5766,
    0.6083,
    0.6199,
    0.6718999999999999,
    0.6766599999999999,
    0.7081000000000001,
    0.7328,
    0.8025,
    0.8352999999999999,
    0.8772000000000001,
    0.8911,
    1.055,
    1.0737,
    0.013292,
    0.076862,
    0.07929000000000001,
    0.089837,
    0.09094100000000001,
    0.092315
  ],
  "w": [
    0.0012959999999999998,
    0.0003024,
    1.4040000000000001e-05,
    0.10800000000000001,
    0.0007344000000000001,
    8.64e-07,
    6.48e-05,
    9.72e-06,
    8.64e-05,
    0.00010800000000000001,
    2.4840000000000003e-06,
    3.24e-07,
    4.32e-06,
    0.06588,
    2.4840000000000003e-06,
    3.0239999999999998e-06,
    0.0003024,
    1.6200000000000002e-06,
    6.2640000000000005e-06,
    0.0004428,
    6.48e-05,
    5.4e-07,
    1.5120000000000001e-05,
    8.64e-07,
    4.32e-05,
    3.2400000000000003e-06,
    2.16e-06,
    0.0001728,
    3.2400000000000003e-06,
    6.48e-07,
    3.2400000000000003e-06,
    1.62e-05,
    3.2400000000000003e-06,
    7.5600000000000005e-06,
    6.480000000000001e-06,
    3.2400000000000003e-06,
    0.01015808439460464,
    0.00547529805787232,
    0.009117898514358567,
    0.0031390399949421132,
    0.00411528143336911,
    0.0009762414384269969
  ]
}
