{
  "ene": [
    0.6093099999999999,
    0.6653,
    0.013292,
    0.076862,
    0.07929000000000001,
    0.089837,
    0.09094100000000001,
    0.092315
  ],
  "w": [
    0.00127,
    9.000000000000001e-07,
    8.272576244231e-06,
    5.334705375955999e-06,
    8.883772482858e-06,
    3.058436884962e-06,
    4.009610756185e-06,
    9.51173871223e-07
  ]
}
