{
  "ene": [
    0.0612265,
    0.4314,
    0.49255000000000004,
    0.006109,
    0.038171000000000004,
    0.038723999999999995,
    0.043934,
    0.044387,
    0.044938000000000006
  ],
  "w": [
    0.1215,
    5.2245e-07,
    3.2805e-05,
    0.222751948441968,
    0.3884687524970449,
    0.7052809595080699,
    0.21866292969521509,
    0.2748593026268853,
    0.056196372931670284
  ]
}
