{
  "ene": [
    0.06125,
    0.43106,
    0.49231
  ],
  "w": [
    0.12384398263829045,
    5.109586058540189e-07,
    3.1934912865876175e-05
  ]
}
