{
  "ene": [
    0.01815,
    0.02565135,
    0.028701,
    0.04381,
    0.04891533,
    0.0571917,
    0.059243000000000004,
    0.07456668999999999,
    0.077422,
    0.08127,
    0.08473,
    0.087941,
    0.1005,
    0.103065,
    0.106113,
    0.11259999999999999,
    0.1318,
    0.1383,
    0.21280000000000002,
    0.23857,
    0.286481,
    0.292401,
    0.31510000000000005,
    0.31966000000000006,
    0.3414,
    0.34363,
    0.3482,
    0.37681000000000003,
    0.39257,
    0.41847,
    0.4258,
    0.475658,
    0.50668,
    0.550249,
    0.007384000000000001,
    0.045207000000000004,
    0.045998,
    0.05222,
    0.052791,
    0.053478000000000005
  ],
  "w": [
    0.00021,
    0.23154,
    0.00036516,
    0.0006018,
    0.17034,
    0.017849999999999998,
    0.00022235999999999998,
    0.102,
    0.0005967,
    2.244e-05,
    4.182e-06,
    0.0018257999999999998,
    1.02e-06,
    0.0010098,
    0.00077826,
    1.122e-06,
    1.02e-06,
    7.956e-06,
    3.876e-07,
    2.2644000000000002e-05,
    0.0001428,
    0.0005813999999999999,
    5.5080000000000005e-06,
    3.3048e-05,
    3.468e-05,
    0.0001326,
    5.712e-06,
    6.12e-06,
    2.1012e-05,
    8.057999999999999e-05,
    2.958e-06,
    0.00018156,
    8.466e-06,
    0.00036209999999999997,
    0.2143537540898185,
    0.06292804736503083,
    0.11245183589176344,
    0.03610598548953369,
    0.04549354171681244,
    0.009387556227278758
  ]
}
