{
  "ene": [
    0.02565136,
    0.0286964,
    0.0438201,
    0.048915320000000005,
    0.05719202,
    0.059242199999999995,
    0.07456668000000001,
    0.07741094,
    0.0811933,
    0.0844571,
    0.08793859999999999,
    0.1004033,
    0.1030623,
    0.10610734,
    0.1125487,
    0.1317587,
    0.13838532,
    0.212952,
    0.23848,
    0.29240822,
    0.3196733,
    0.34132354,
    0.3483697,
    0.37686532,
    0.42578064
  ],
  "w": [
    0.00027040591492197226,
    3.267442918724969e-07,
    4.250150501419472e-06,
    8.15008860502407e-05,
    1.5972137172538257e-05,
    4.916573150805413e-07,
    4.8802925778587225e-05,
    1.319355639092278e-06,
    2.31504512954377e-05,
    3.96232690587204e-06,
    1.6337214593624845e-06,
    5.871476957419079e-07,
    2.232755696925394e-06,
    6.96385180722668e-07,
    1.157522564771885e-06,
    9.126935527164717e-10,
    8.207887277473368e-06,
    3.9987143146665125e-07,
    2.1454550563502264e-05,
    2.0693552229419995e-05,
    3.131204676835465e-05,
    1.2343522382461052e-06,
    5.411958700703273e-06,
    5.7985271793249355e-06,
    2.8026214700070518e-06
  ]
}
