{
  "ene": [
    0.07518000000000001,
    0.11112000000000001,
    0.13099000000000002,
    0.17237,
    0.19027000000000002,
    0.20617,
    0.24211000000000002,
    0.67189,
    0.7076100000000001,
    0.72351,
    0.78279,
    0.80288,
    0.91378,
    1.0249000000000001
  ],
  "w": [
    3.2118939913463676e-07,
    0.03251775674363454,
    0.0027740634708775065,
    2.0363608815759942e-06,
    0.0010916183506938211,
    0.0018893494066743333,
    0.008641942276876967,
    2.7892827863702577e-06,
    7.495116815399702e-07,
    2.5483397172358984e-08,
    7.345214479091708e-07,
    5.857493851377542e-07,
    1.2741698586179494e-07,
    5.0217282663178003e-08
  ]
}
