{
  "ene": [
    0.07513,
    0.11115000000000001,
    0.13104,
    0.1723,
    0.19031,
    0.20625000000000002,
    0.24214,
    0.67202,
    0.70752,
    0.7229,
    0.783,
    0.8027000000000001,
    0.9139,
    0.9295,
    1.02502,
    0.014920000000000001,
    0.08543200000000001,
    0.08847100000000001,
    0.100119,
    0.10137,
    0.102948
  ],
  "w": [
    3.3e-07,
    0.0311,
    0.0027,
    2.02e-06,
    0.00111,
    0.00191,
    0.00866,
    2.9e-06,
    5e-07,
    7e-08,
    5.6e-07,
    3.7e-07,
    3.3e-07,
    0.0002,
    3.6e-08,
    0.06420989389826343,
    0.002955757419601671,
    0.004828091178702501,
    0.00169392488321529,
    0.002249532244909906,
    0.000555607361694615
  ]
}
