{
  "ene": [
    0.363346,
    0.803054,
    1.1664
  ],
  "w": [
    0.0010318939024400561,
    0.0011392305969348145,
    0.0
  ]
}
