{
  "ene": [
    0.11721,
    0.46513,
    0.50578,
    0.7787999999999999,
    0.8250000000000001,
    0.872,
    0.92391,
    0.9709099999999999,
    1.5670899999999999,
    1.7122000000000002,
    1.7959100000000001,
    2.491
  ],
  "w": [
    0.75231390374204,
    0.9440998161880065,
    5.37681870376544e-06,
    2.8936077769313323e-05,
    0.0005519982868757219,
    0.0003010899746594848,
    2.984805916645884e-06,
    0.0005376818703765439,
    0.9768865484513698,
    8.954417749937652e-06,
    0.00015054498732974234,
    0.00028952617391465077
  ]
}
