{
  "ene": [
    0.083,
    0.097,
    0.296,
    0.356,
    0.382,
    0.48,
    0.67,
    0.7996000000000001,
    0.86,
    0.91,
    1.07,
    1.11,
    1.21,
    1.316,
    1.41,
    1.49,
    1.54,
    1.59,
    1.6500000000000001,
    2.0100000000000002,
    2.09,
    2.27,
    2.36,
    2.43,
    0.012522,
    0.07280500000000001,
    0.07497,
    0.084986,
    0.086022,
    0.087301
  ],
  "w": [
    0.019792,
    0.039584,
    0.79168,
    0.039584,
    0.029688,
    0.019792,
    0.019792,
    0.9895999999999999,
    0.069272,
    0.029688,
    0.118752,
    0.069272,
    0.168232,
    0.207816,
    0.04948,
    0.019792,
    0.019792,
    0.019792,
    0.019792,
    0.069272,
    0.04948,
    0.029688,
    0.079168,
    0.08906399999999999,
    0.1939859473742208,
    0.025369346181029956,
    0.04263755660677303,
    0.014572907740243496,
    0.018973925877797032,
    0.004401018137553535
  ]
}
