{
  "ene": [
    0.2114,
    0.23336,
    0.25261,
    0.277371,
    0.48595,
    0.51077,
    0.583187,
    0.5877000000000001,
    0.6501,
    0.7052,
    0.72204,
    0.7487,
    0.76313,
    0.8083,
    0.8212,
    0.8359,
    0.860557,
    0.8833,
    0.9276000000000001,
    0.9827,
    1.004,
    1.0939,
    1.1257000000000001,
    1.1608,
    1.1852,
    1.2828,
    1.3811,
    1.6475,
    1.744,
    2.614511,
    3.1976999999999998,
    3.4751,
    3.7084,
    3.9609,
    0.012522,
    0.07280500000000001,
    0.07497,
    0.084986,
    0.086022,
    0.087301
  ],
  "w": [
    0.0018,
    0.0031,
    0.0078000000000000005,
    0.066,
    0.00049,
    0.226,
    0.85,
    0.0006,
    0.0005,
    0.00021999999999999998,
    0.0024,
    0.00046,
    0.0179,
    0.0003,
    0.00041,
    0.0007599999999999999,
    0.125,
    0.00031,
    0.00125,
    0.0020499999999999997,
    5e-05,
    0.0043,
    5e-05,
    0.00010999999999999999,
    0.00017,
    0.00052,
    7.000000000000001e-05,
    2e-05,
    2e-05,
    0.9975400000000001,
    7.000000000000001e-05,
    3e-05,
    4e-05,
    3e-05,
    0.0277,
    0.020499999999999997,
    0.0345,
    0.0118,
    0.015300000000000001,
    0.00356
  ]
}
