{
  "ene": [
    0.11721,
    0.28404,
    0.3115,
    0.3755,
    0.46514,
    0.4697,
    0.5824,
    0.7483,
    0.7556,
    0.8605,
    0.8735,
    0.89,
    0.9027999999999999,
    0.92053,
    1.23973,
    1.3293,
    1.56708,
    1.6611,
    1.6732,
    1.7817,
    2.0321,
    2.149,
    2.3159,
    0.012522,
    0.07280500000000001,
    0.07497,
    0.084986,
    0.086022,
    0.087301
  ],
  "w": [
    0.7574388000000001,
    0.0013952819999999999,
    0.0002790564,
    0.0006976409999999999,
    0.95377491,
    0.000298989,
    0.003089553,
    0.0007973040000000001,
    0.001096293,
    0.002591238,
    0.005880117000000001,
    0.001195956,
    0.00099663,
    0.0062987016,
    0.004385172,
    0.00099663,
    0.99663,
    0.00099663,
    0.004783824,
    0.00039865200000000004,
    9.966300000000001e-06,
    0.0001494945,
    0.00028403955,
    0.07900072704904687,
    0.05736953650410493,
    0.0964193890825293,
    0.03295476976856448,
    0.04290711023867095,
    0.009952340470106472
  ]
}
