{
  "ene": [
    0.0885,
    0.2164,
    0.2472,
    0.2657,
    0.3049,
    0.3168,
    0.3633,
    0.36819999999999997,
    0.45330000000000004,
    0.4572,
    0.5355,
    0.5642,
    0.6043,
    0.6163,
    0.6865,
    0.7046,
    0.80306,
    1.0215,
    1.1399000000000001,
    0.012147999999999999,
    0.012522,
    0.07083199999999999,
    0.07280500000000001,
    0.072874,
    0.07497,
    0.08262900000000001,
    0.083631,
    0.084866,
    0.084986,
    0.086022,
    0.087301
  ],
  "w": [
    0.001032,
    0.7395999999999999,
    0.08428000000000001,
    0.86,
    0.0129,
    0.00774,
    1.2999999999999998e-06,
    0.010320000000000001,
    0.9288,
    0.2236,
    0.01376,
    0.05504,
    0.010320000000000001,
    0.0051600000000000005,
    0.9116,
    0.01462,
    5e-05,
    0.688,
    0.059340000000000004,
    0.2044756398002536,
    1.8229784784e-07,
    0.11360994902328152,
    1.27898926522e-07,
    0.1917791171898743,
    2.14956179028e-07,
    0.0652218745883147,
    0.08459277134104416,
    0.019370896752729464,
    7.3468951189e-08,
    9.565657444800001e-08,
    2.2187623259e-08
  ]
}
