{
  "ene": [
    0.3281,
    0.569698,
    0.89777,
    0.012522,
    0.07280500000000001,
    0.07497,
    0.084986,
    0.086022,
    0.087301
  ],
  "w": [
    1.42e-05,
    1.8500000000000002e-05,
    0.00263,
    2.025382406616e-05,
    1.535417400222e-05,
    2.5805334457513e-05,
    8.819894669943e-06,
    1.1483502860265001e-05,
    2.663608190322e-06
  ]
}
