{
  "ene": [
    0.164185,
    0.171213,
    0.17700800000000003,
    0.178256,
    0.178769,
    0.21151499999999998,
    0.233373,
    0.238127,
    0.252711,
    0.257938,
    0.27736700000000003,
    0.362784,
    0.36323200000000005,
    0.41689600000000004,
    0.46331900000000004,
    0.47150000000000003,
    0.486084,
    0.49782600000000005,
    0.51074,
    0.55342,
    0.583189,
    0.5881090000000001,
    0.650269,
    0.7053360000000001,
    0.722255,
    0.748867,
    0.763451,
    0.772295,
    0.7867930000000001,
    0.797727,
    0.8214819999999999,
    0.8488680000000001,
    0.8605560000000001,
    0.883592,
    0.927636,
    0.982703,
    1.008566,
    1.06416,
    1.0939290000000002,
    1.098849,
    1.1262349999999999,
    1.160959,
    1.1855740000000001,
    1.2830350000000001,
    1.380916,
    1.647349,
    1.709424,
    1.744148,
    2.614522,
    3.197711,
    3.475078,
    3.708451,
    3.961162,
    4.323946
  ],
  "w": [
    5.998410337557752e-05,
    2.747835454693735e-05,
    1.3275974008850714e-06,
    5.603543391346781e-06,
    1.1262321450108432e-05,
    0.001859074964458802,
    0.0030986998145651422,
    7.068609501351592e-05,
    0.0072633749110416,
    1.046459127756468e-06,
    0.06484305544674898,
    6.146578549480312e-06,
    7.471391188462376e-06,
    6.12082687505893e-05,
    6.403705110151519e-06,
    7.348001181246912e-05,
    0.00047411063388000006,
    6.32739245538559e-07,
    0.22784557460037802,
    4.544380347866881e-06,
    1.0231542844558503,
    0.000518459519753535,
    0.00030971383987798187,
    0.00021784943836533993,
    0.002267164590803417,
    0.0002793916798953199,
    0.018964425355199994,
    4.129192937712407e-05,
    5.379062452577124e-06,
    1.794576937970607e-05,
    0.00032662949744472706,
    1.0050486547123213e-06,
    0.12764380993454527,
    0.000266835399587942,
    0.0012241653750117859,
    0.002035976059489158,
    3.071549735624073e-06,
    4.080668067472302e-07,
    0.0039872975555066146,
    5.599362813338178e-05,
    4.1530936145137236e-05,
    0.00010139745184341798,
    0.00015618792951589076,
    0.0004746198778979779,
    6.042346592493626e-05,
    9.274245607891594e-06,
    2.1180777434019994e-07,
    4.135948693613101e-05,
    1.7124791161922324,
    8.42567553249394e-05,
    3.063451438429088e-05,
    4.032866670426692e-05,
    3.1784376895315195e-05,
    1.2874590204992544e-07
  ]
}
