{
  "ene": [
    0.3279998,
    0.5696982,
    0.897698
  ],
  "w": [
    1.4200812391930863e-05,
    1.8543347426424993e-05,
    0.0026297800725797894
  ]
}
