{
  "ene": [
    0.16393000000000002,
    0.00454,
    0.029457999999999998,
    0.029778,
    0.033726,
    0.034030000000000005,
    0.034414
  ],
  "w": [
    0.0195,
    0.08266649429999999,
    0.1580752140235221,
    0.29284033720548736,
    0.08489324334222532,
    0.1049280487709905,
    0.020034805428765175
  ]
}
