{
  "Co60": {
    "energy_bin_edges": [
      0.0,
      0.0746,
      0.1491,
      0.2237,
      0.2982,
      0.3728,
      0.4473,
      0.5219,
      0.5964,
      0.671,
      0.7455,
      0.8201,
      0.8947,
      0.9692,
      1.0438,
      1.1183,
      1.1929,
      1.2674,
      1.342,
      1.4165,
      1.4911
    ],
    "weights": [
      0.445,
      0.33,
      0.178,
      0.0458,
      0.000636,
      5.99e-05,
      5.96e-05,
      5.77e-05,
      5.54e-05,
      5.4e-05,
      5.23e-05,
      4.99e-05,
      4.66e-05,
      4.24e-05,
      3.71e-05,
      3.06e-05,
      2.31e-05,
      1.47e-05,
      6.66e-06,
      1.57e-06
    ]
  },
  "Cu67": {
    "energy_bin_edges": [
      0.0,
      0.0287,
      0.0575,
      0.0862,
      0.115,
      0.1437,
      0.1725,
      0.2012,
      0.23,
      0.2587,
      0.2875,
      0.3162,
      0.345,
      0.3737,
      0.4025,
      0.4312,
      0.46,
      0.4887,
      0.5175,
      0.5462,
      0.575
    ],
    "weights": [
      0.125,
      0.12,
      0.116,
      0.109,
      0.1,
      0.0905,
      0.0795,
      0.0677,
      0.0556,
      0.0436,
      0.0323,
      0.0224,
      0.0146,
      0.0096,
      0.00628,
      0.00391,
      0.0023,
      0.00119,
      0.00045,
      7.59e-05
    ]
  },
  "Y90": {
    "energy_bin_edges": [
      0.0,
      0.1142,
      0.2284,
      0.3426,
      0.4568,
      0.571,
      0.6852,
      0.7994,
      0.9136,
      1.0278,
      1.142,
      1.2562,
      1.3704,
      1.4846,
      1.5988,
      1.713,
      1.8272,
      1.9414,
      2.0556,
      2.1698,
      2.284
    ],
    "weights": [
      0.0426,
      0.0518,
      0.0594,
      0.0649,
      0.0686,
      0.0708,
      0.0717,
      0.0715,
      0.0704,
      0.0685,
      0.0657,
      0.0619,
      0.0569,
      0.0507,
      0.043,
      0.0342,
      0.0246,
      0.015,
      0.00643,
      0.00113
    ]
  },
  "Ru106": {
    "energy_bin_edges": [
      0.0,
      0.002,
      0.0039,
      0.0059,
      0.0079,
      0.0098,
      0.0118,
      0.0138,
      0.0158,
      0.0177,
      0.0197,
      0.0217,
      0.0236,
      0.0256,
      0.0276,
      0.0295,
      0.0315,
      0.0335,
      0.0355,
      0.0374,
      0.0394
    ],
    "weights": [
      0.139,
      0.126,
      0.113,
      0.101,
      0.0896,
      0.0789,
      0.0689,
      0.0595,
      0.0507,
      0.0425,
      0.035,
      0.0282,
      0.0221,
      0.0167,
      0.0121,
      0.00813,
      0.00499,
      0.00253,
      0.000993,
      0.000178
    ]
  },
  "I131": {
    "energy_bin_edges": [
      0.0,
      0.0403,
      0.0807,
      0.121,
      0.1614,
      0.2017,
      0.2421,
      0.2824,
      0.3227,
      0.3631,
      0.4034,
      0.4438,
      0.4841,
      0.5245,
      0.5648,
      0.6052,
      0.6455,
      0.6858,
      0.7262,
      0.7665,
      0.8069
    ],
    "weights": [
      0.138,
      0.131,
      0.123,
      0.113,
      0.102,
      0.0894,
      0.077,
      0.0647,
      0.053,
      0.0415,
      0.0303,
      0.02,
      0.0112,
      0.00455,
      0.000855,
      0.000115,
      6.94e-05,
      4.13e-05,
      1.73e-05,
      2.96e-06
    ]
  },
  "Sm153": {
    "energy_bin_edges": [
      0.0,
      0.0408,
      0.0817,
      0.1225,
      0.1634,
      0.2042,
      0.2451,
      0.2859,
      0.3268,
      0.3676,
      0.4085,
      0.4493,
      0.4902,
      0.5311,
      0.5719,
      0.6127,
      0.6536,
      0.6945,
      0.7353,
      0.7761,
      0.817
    ],
    "weights": [
      0.103,
      0.103,
      0.101,
      0.0976,
      0.0932,
      0.0874,
      0.0804,
      0.0724,
      0.0635,
      0.0541,
      0.0444,
      0.0349,
      0.0258,
      0.0177,
      0.0109,
      0.00602,
      0.00292,
      0.00127,
      0.000486,
      7.24e-05
    ]
  },
  "Ta175": {
    "energy_bin_edges": [
      0.0,
      0.0548,
      0.1096,
      0.1645,
      0.2193,
      0.2741,
      0.329,
      0.3838,
      0.4386,
      0.4934,
      0.5483,
      0.6031,
      0.6579,
      0.7127,
      0.7675,
      0.8224,
      0.8772,
      0.932,
      0.9869,
      1.0417,
      1.0965
    ],
    "weights": [
      1.05e-05,
      0.000106,
      0.00027,
      0.000433,
      0.000563,
      0.000648,
      0.000686,
      0.000682,
      0.00064,
      0.000568,
      0.000476,
      0.000374,
      0.000274,
      0.000185,
      0.000117,
      7.37e-05,
      4.29e-05,
      2.03e-05,
      7.36e-06,
      1.26e-06
    ]
  },
  "Lu177": {
    "energy_bin_edges": [
      0.0,
      0.0249,
      0.0497,
      0.0746,
      0.0994,
      0.1243,
      0.1491,
      0.174,
      0.1988,
      0.2237,
      0.2485,
      0.2734,
      0.2983,
      0.3231,
      0.348,
      0.3728,
      0.3977,
      0.4225,
      0.4474,
      0.4722,
      0.4971
    ],
    "weights": [
      0.135,
      0.122,
      0.109,
      0.0968,
      0.0851,
      0.0745,
      0.0657,
      0.0588,
      0.0522,
      0.0456,
      0.0389,
      0.0324,
      0.0261,
      0.0203,
      0.015,
      0.0105,
      0.00664,
      0.00346,
      0.00148,
      0.000297
    ]
  },
  "Re186": {
    "energy_bin_edges": [
      0.0,
      0.0538,
      0.1076,
      0.1615,
      0.2153,
      0.2691,
      0.323,
      0.3768,
      0.4306,
      0.4844,
      0.5383,
      0.5921,
      0.6459,
      0.6997,
      0.7535,
      0.8074,
      0.8612,
      0.915,
      0.9688,
      1.0227,
      1.0765
    ],
    "weights": [
      0.075,
      0.078,
      0.0798,
      0.0803,
      0.0794,
      0.0771,
      0.0737,
      0.0692,
      0.0637,
      0.0573,
      0.0503,
      0.0428,
      0.0352,
      0.0277,
      0.0206,
      0.0141,
      0.00869,
      0.00459,
      0.00177,
      0.000348
    ]
  }
}