12098  3  0  0
0   -0.43223 3.099151 43.501823000000002
1   -0.32384600000000002 3.25909 43.701613999999999
2   -0.26950000000000002 3.1409940000000001 43.412593999999999
3   -0.16417699999999999 3.2171799999999999 43.580520999999997
4   2.7949820000000001 -4.6309060000000004 41.427104999999997
5   2.3214969999999999 -4.5257880000000004 41.573193000000003
6   2.529766 -4.5880640000000001 41.206619000000003
7   2.201171 -4.4759469999999997 41.179622999999999
8   -1.969152 0.69740100000000005 48.537410999999999
9   -2.060476 0.92844099999999996 48.488945000000001
10   -1.9484030000000001 0.75456100000000004 48.147506999999997
11   -1.99508 1.0096259999999999 47.982731000000001
12   -2.095345 1.3179350000000001 48.110970000000002
13   -2.223573 1.2690410000000001 48.737110000000001
14   1.347437 -1.800827 49.884914000000002
15   1.533355 -1.8801840000000001 49.705928999999998
16   1.585996 -1.73895 49.959525999999997
17   1.801601 -1.7699959999999999 49.720413000000001
18   1.0999840000000001 -2.6294740000000001 48.030132000000002
19   1.274883 -2.3486889999999998 48.765067999999999
20   0.90526399999999996 -2.2574360000000002 48.641917999999997
21   1.6718150000000001 -2.5330539999999999 48.617801999999998
22   1.465743 -2.2507069999999998 49.05592
23   1.665232 -2.1886420000000002 49.130547
24   1.78013 -2.3867430000000001 48.827435000000001
25   1.8828199999999999 -2.249492 48.968688999999998
26   2.2042549999999999 -2.100565 48.965034000000003
27   1.887667 -2.0905269999999998 49.155822999999998
28   2.0601419999999999 -1.8748370000000001 49.275784000000002
29   1.1069819999999999 -1.476566 50.352055
30   1.355278 -1.423726 50.507595000000002
31   1.155538 -1.3052630000000001 50.640106000000003
32   1.4347259999999999 -1.33833 50.788223000000002
33   3.3203200000000002 0.283163 50.442081000000002
34   3.2318190000000002 -0.10466399999999999 50.272739000000001
35   3.549531 0.45190900000000001 50.195328000000003
36   3.5345019999999998 0.12431 49.957076999999998
37   2.952261 -0.714557 49.942177000000001
38   3.522821 -0.24248900000000001 49.648277
39   0.58240499999999995 2.9606680000000001 49.465546000000003
40   0.64317100000000005 3.0376430000000001 49.370475999999996
41   0.458762 3.0035270000000001 49.416763000000003
42   0.58629900000000001 3.1316760000000001 49.260978999999999
43   0.76024700000000001 2.9894609999999999 49.40802
44   0.797126 3.0912869999999999 49.256714000000002
45   0.42645699999999997 2.8725299999999998 49.555484999999997
46   0.82840999999999998 3.1807189999999999 49.105491999999998
47   9.2672430000000006 -0.65000999999999998 39.271366
48   8.9820039999999999 -0.50264299999999995 39.263260000000002
49   9.1712810000000005 -0.45942899999999998 39.301464000000003
50   9.3640290000000004 -0.43028100000000002 39.352347999999999
51   9.0857290000000006 -0.26662000000000002 39.337311
52   1.942726 2.555698 40.662768999999997
53   2.1411009999999999 2.7182650000000002 40.819240999999998
54   2.1985510000000001 2.544241 40.545361
55   2.2691150000000002 2.8865409999999998 41.204262
56   2.4085559999999999 2.7606380000000001 40.758803999999998
57   2.4741550000000001 2.4889070000000002 40.395995999999997
58   4.1687640000000004 2.6146989999999999 50.503211999999998
59   4.1957750000000003 2.460947 50.326453999999998
60   4.2675029999999996 2.6655039999999999 50.475624000000003
61   1.7329570000000001 -3.7977789999999998 46.435093000000002
62   1.579437 -3.8904800000000002 45.892578
63   1.961903 -3.9822030000000002 46.039852000000003
64   -2.0970979999999999 0.96811999999999998 49.176239000000002
65   -1.8580209999999999 0.51803600000000005 49.133414999999999
66   3.6939860000000002 3.2291889999999999 48.312302000000003
67   3.809965 3.2900010000000002 48.127437999999998
68   3.5650400000000002 3.371775 48.185535000000002
69   3.6870630000000002 3.4512170000000002 47.991534999999999
70   4.3044209999999996 3.0759889999999999 48.010654000000002
71   4.2200160000000002 3.1278830000000002 48.146351000000003
72   4.3276399999999997 2.9952179999999999 48.186400999999996
73   4.2468839999999997 3.0793499999999998 48.422156999999999
74   4.3925689999999999 2.8022680000000002 48.228085
75   4.3571749999999998 2.9362499999999998 48.408580999999998
76   2.07952 3.7034669999999998 48.267406000000001
77   2.2952149999999998 3.688631 48.241619
78   2.2659539999999998 3.8571219999999999 48.143700000000003
79   2.4000520000000001 3.7760280000000002 48.120078999999997
80   2.1356160000000002 3.557245 48.381400999999997
81   1.8013349999999999 3.67815 48.209201999999998
82   1.9187190000000001 3.549887 48.402515000000001
83   1.7633760000000001 3.4210410000000002 48.526806000000001
84   1.747622 3.5258720000000001 48.410407999999997
85   0.97504100000000005 3.15029 49.080204000000002
86   0.98904199999999998 3.217104 48.955967000000001
87   0.15089 2.878787 49.445552999999997
88   0.27160800000000002 2.6985100000000002 49.677298999999998
89   5.2518979999999997 -4.8286210000000001 42.150452000000001
90   5.5381580000000001 -4.8798079999999997 41.901985000000003
91   5.851502 -4.7714930000000004 42.049191
92   6.5070319999999997 -4.6314260000000003 41.993834999999997
93   6.1648740000000002 -4.530214 42.334964999999997
94   3.3503039999999999 -4.369624 44.542186999999998
95   3.5586760000000002 -4.2963519999999997 44.852046999999999
96   3.030424 -4.268872 44.979340000000001
97   3.3544179999999999 -4.22654 45.142367999999998
98   3.1081460000000001 -4.1453129999999998 45.475918
99   3.7367689999999998 -4.1499100000000002 45.235100000000003
100   3.486739 -3.9727589999999999 45.80397
101   3.9621970000000002 -3.814721 45.825996000000004
102   3.6148579999999999 -3.786394 46.127662999999998
103   3.2422170000000001 -3.800249 46.323802999999998
104   2.9852409999999998 -4.2015950000000002 39.910514999999997
105   2.6136509999999999 -4.0953609999999996 39.951968999999998
106   2.9211369999999999 -3.9014150000000001 39.761558999999998
107   3.490666 -4.4827469999999998 40.025219
108   3.0427499999999998 -4.4401570000000001 40.150936000000002
109   3.1881339999999998 -4.3835819999999996 40.009174000000002
110   2.8639329999999998 -4.3100540000000001 40.062469
111   3.2172269999999998 -4.6170099999999996 40.435805999999999
112   -2.1154329999999999 1.6568020000000001 48.078879999999998
113   -1.9925189999999999 1.5050559999999999 47.560229999999997
114   4.705292 3.3438629999999998 49.148784999999997
115   4.7688860000000002 3.1539709999999999 49.326358999999997
116   4.6932650000000002 3.1210290000000001 49.082016000000003
117   4.65578 2.9015550000000001 49.032997000000002
118   4.7303870000000003 2.931889 49.211768999999997
119   4.3971359999999997 3.0951050000000002 48.803035999999999
120   4.1837080000000002 3.29331 48.937461999999996
121   4.4881570000000002 3.1842440000000001 48.964694999999999
122   4.578392 2.8956949999999999 48.88232
123   4.6164120000000004 3.0474950000000001 48.980713000000002
124   4.4685389999999998 2.9722870000000001 48.764763000000002
125   4.5260619999999996 3.0609959999999998 48.899318999999998
126   4.8305819999999997 3.3981189999999999 49.380848
127   4.5696570000000003 3.5523229999999999 49.157173
128   -1.059995 2.6843819999999998 43.59066
129   -1.191516 2.533582 43.656647
130   -1.1953199999999999 2.743379 43.723987999999999
131   -1.359642 2.5462739999999999 43.786288999999996
132   6.4710270000000003 -4.073728 42.931663999999998
133   6.8673849999999996 -3.93526 42.814922000000003
134   6.4862260000000003 -3.8440449999999999 43.35463
135   7.2002879999999996 -3.9991949999999998 42.431995000000001
136   7.3259850000000002 -3.760945 42.679405000000003
137   -2.0643609999999999 1.926377 48.167946000000001
138   -1.8454710000000001 2.1106989999999999 47.737437999999997
139   -2.0029629999999998 1.7952399999999999 47.726016999999999
140   3.062989 4.6479299999999997 49.903151999999999
141   3.1560030000000001 4.6433520000000001 50.117446999999999
142   3.2690890000000001 4.8154469999999998 49.971229999999998
143   -1.3088580000000001 2.9324509999999999 43.912635999999999
144   -1.5359849999999999 2.8489089999999999 44.014217000000002
145   -1.4617150000000001 3.0082309999999999 44.057651999999997
146   4.880236 3.5764480000000001 49.485508000000003
147   5.0155260000000004 3.5602330000000002 49.809849
148   4.9444229999999996 3.4315340000000001 49.674518999999997
149   4.9475990000000003 3.7391079999999999 49.563735999999999
150   2.7374260000000001 3.6544949999999998 50.891517999999998
151   2.890428 3.6368610000000001 50.987251000000001
152   2.9866470000000001 3.7531530000000002 50.852294999999998
153   4.0240629999999999 3.205775 48.256065
154   3.9214600000000002 3.188237 48.544429999999998
155   1.776742 3.151224 42.321396
156   1.685781 3.2544780000000002 42.693649000000001
157   1.8485510000000001 3.2484139999999999 42.681286
158   1.4849699999999999 -3.9788209999999999 45.301150999999997
159   1.9655210000000001 -4.1289829999999998 45.110004000000004
160   1.9042399999999999 -4.0440680000000002 45.602684000000004
161   1.6531849999999999 -1.363861 50.791190999999998
162   1.5412220000000001 -1.4565889999999999 50.609656999999999
163   1.7238659999999999 -1.4586570000000001 50.605831000000002
164   1.3948959999999999 -1.606525 50.221755999999999
165   1.6165119999999999 -1.5464039999999999 50.404181999999999
166   1.472575 -1.5176080000000001 50.441406000000001
167   4.7068779999999997 -4.831607 42.162967999999999
168   4.7489670000000004 -4.8686249999999998 41.919998
169   5.1189809999999998 -4.8936070000000003 41.859206999999998
170   2.5628030000000002 -4.5036880000000004 43.052588999999998
171   2.8499119999999998 -4.5811520000000003 42.851081999999998
172   2.8258350000000001 -4.5337040000000002 43.174278000000001
173   3.0635810000000001 -4.557016 43.293593999999999
174   3.1163349999999999 -4.6043469999999997 43.008338999999999
175   3.3500009999999998 -4.6320100000000002 43.152648999999997
176   3.4692539999999998 -4.6244019999999999 43.515385000000002
177   3.6832240000000001 -4.6983540000000001 43.048504000000001
178   2.5693489999999999 -4.5484980000000004 42.616439999999997
179   4.424277 3.5089600000000001 49.062206000000003
180   4.5897629999999996 3.4254440000000002 49.065674000000001
181   4.5943170000000002 3.2819959999999999 49.031536000000003
182   0.65444000000000002 -4.0003510000000002 43.530880000000003
183   1.1764079999999999 -4.1144590000000001 43.714503999999998
184   0.81081400000000003 -3.9414929999999999 44.042763000000001
185   2.5208249999999999 4.0260930000000004 49.891041000000001
186   2.6876929999999999 4.2580229999999997 49.789684000000001
187   2.5326270000000002 4.1127419999999999 49.533504000000001
188   3.462723 4.0623719999999999 47.358657999999998
189   3.1432519999999999 4.189292 47.169376
190   3.25861 4.0898849999999998 47.533413000000003
191   3.5205690000000001 4.1068569999999998 46.895321000000003
192   -2.2357469999999999 1.9090240000000001 48.520287000000003
193   -2.1403240000000001 2.077258 48.501964999999998
194   -0.60018499999999997 3.2394449999999999 46.848582999999998
195   -0.55629099999999998 3.2562609999999999 47.121853000000002
196   -0.52522400000000002 3.4061210000000002 47.030399000000003
197   -0.56004399999999999 3.487177 47.338023999999997
198   -0.57048699999999997 3.3823690000000002 47.223948999999998
199   -0.14146700000000001 3.1281590000000001 49.259898999999997
200   -0.22434699999999999 2.7198880000000001 49.507938000000003
201   2.639122 3.4111919999999998 42.639595
202   2.824989 3.4579019999999998 42.454856999999997
203   2.5524070000000001 3.3515350000000002 42.489780000000003
204   2.4800849999999999 3.404029 43.073486000000003
205   2.6553870000000002 3.4516830000000001 42.877738999999998
206   2.5300669999999998 3.388528 42.766433999999997
207   3.0267400000000002 3.569137 42.693607
208   2.8532250000000001 3.5460989999999999 43.102500999999997
209   1.6735059999999999 -1.2134419999999999 51.005989
210   1.8706769999999999 -1.312676 50.828960000000002
211   2.0589309999999998 -1.0104390000000001 51.073008999999999
212   2.1677119999999999 -0.67332899999999996 51.162044999999999
213   1.737916 -0.96274700000000002 51.151791000000003
214   2.3388770000000001 -0.80046600000000001 50.988551999999999
215   2.2882359999999999 -1.0647519999999999 50.736694
216   0.21861700000000001 2.0282230000000001 51.092528999999999
217   0.45332699999999998 2.2568039999999998 50.993996000000003
218   0.14641799999999999 2.1723349999999999 50.924877000000002
219   4.9772720000000001 3.2013669999999999 39.535088000000002
220   4.9988039999999998 3.0325690000000001 39.467236
221   4.9119789999999997 3.1246269999999998 39.492122999999999
222   4.8403890000000001 3.2919870000000002 39.604416000000001
223   5.0496239999999997 3.293517 39.671256999999997
224   5.1802409999999997 3.264157 39.856216000000003
225   4.7442019999999996 3.244605 39.710804000000003
226   4.3736329999999999 2.5641039999999999 48.492012000000003
227   4.393167 2.601512 48.094467000000002
228   4.4102430000000004 2.4465789999999998 48.281695999999997
229   4.4948990000000002 2.4240210000000002 47.922874
230   4.4207229999999997 2.265784 48.379069999999999
231   4.4423349999999999 2.8130500000000001 48.607619999999997
232   4.4086959999999999 2.371953 48.513668000000003
233   -1.8473029999999999 1.8761950000000001 47.438243999999997
234   -1.6675660000000001 2.2530450000000002 47.423724999999997
235   3.6460680000000001 3.9762439999999999 47.210903000000002
236   3.8045469999999999 3.8242280000000002 47.303322000000001
237   3.7580330000000002 3.9256319999999998 46.994937999999998
238   3.117162 3.9558499999999999 47.640343000000001
239   3.4576709999999999 3.8848440000000002 47.608561999999999
240   5.9600119999999999 -4.9429749999999997 40.450474
241   6.4524220000000003 -4.9440609999999996 40.547004999999999
242   5.9655060000000004 -5.0020170000000004 40.785750999999998
243   6.4630960000000002 -4.9954109999999998 40.976180999999997
244   2.145572 3.9900899999999999 48.018096999999997
245   2.0364559999999998 3.8580000000000001 48.122498
246   1.8282860000000001 3.9406159999999999 47.852950999999997
247   2.0126230000000001 2.381866 40.399203999999997
248   3.0233319999999999 3.6385459999999998 43.557476000000001
249   3.150709 3.6326480000000001 43.038898000000003
250   2.690788 3.5770010000000001 43.861266999999998
251   2.6255790000000001 3.486723 43.272629000000002
252   2.4658410000000002 3.4578139999999999 43.483150000000002
253   2.2691129999999999 3.4703439999999999 43.931365999999997
254   2.2756349999999999 3.3678710000000001 43.310504999999999
255   3.5471200000000001 -3.6990319999999999 46.374535000000002
256   3.8589959999999999 -3.611618 46.303595999999999
257   4.2309330000000003 -3.589391 46.020350999999998
258   1.937678 3.3024939999999998 43.012076999999998
259   1.72489 3.3714979999999999 43.177486000000002
260   1.9788669999999999 3.4027310000000002 43.559578000000002
261   2.1137510000000002 3.294562 43.048141000000001
262   4.266432 -0.17005799999999999 39.290218000000003
263   4.0266970000000004 0.49069299999999999 39.350872000000003
264   4.7283249999999999 -0.148396 39.258277999999997
265   0.14078199999999999 3.1023420000000002 49.334556999999997
266   0.33177899999999999 3.1110280000000001 49.329559000000003
267   0.58135499999999996 3.2739500000000001 49.095469999999999
268   0.75923200000000002 3.2961779999999998 48.870334999999997
269   0.35656100000000002 3.3359109999999998 49.120499000000002
270   0.21639700000000001 3.2529750000000002 49.239776999999997
271   0.42952800000000002 3.2440159999999998 49.207374999999999
272   0.45881699999999997 3.315347 49.124034999999999
273   2.4532310000000002 4.2089530000000002 47.535511
274   2.0773890000000002 4.1901339999999996 47.176845999999998
275   2.0238339999999999 4.1512039999999999 47.572552000000002
276   1.726583 4.0558149999999999 47.534050000000001
277   1.8202210000000001 4.1368200000000002 47.326996000000001
278   -2.3584260000000001 1.63283 45.029471999999998
279   -2.327359 1.7613190000000001 45.574027999999998
280   -2.5583010000000002 2.0948579999999999 45.036696999999997
281   -2.4320659999999998 2.5617899999999998 45.520180000000003
282   -2.5132370000000002 2.5543040000000001 44.721825000000003
283   4.8174910000000004 3.0049350000000001 49.858376
284   4.779236 2.9182079999999999 49.481464000000003
285   4.8624489999999998 3.2276440000000002 49.690967999999998
286   8.0801979999999993 -4.4313459999999996 40.950733
287   8.0300589999999996 -4.4638309999999999 41.145713999999998
288   7.8269390000000003 -4.5439290000000003 40.972473000000001
289   7.6469110000000002 -4.63314 40.805832000000002
290   7.9273809999999996 -4.4816710000000004 40.708500000000001
291   -2.6458469999999998 2.229724 49.570469000000003
292   -2.5775579999999998 2.40801 50.376365999999997
293   -2.482634 2.433176 49.807968000000002
294   -2.207249 2.4115340000000001 49.892654
295   -2.4224920000000001 2.4856989999999999 50.113720000000001
296   2.2258580000000001 2.1177830000000002 40.107162000000002
297   2.0135730000000001 1.9971950000000001 40.149158
298   2.0615969999999999 2.2117599999999999 40.254306999999997
299   1.841161 2.1929539999999998 40.358367999999999
300   2.2251189999999998 2.3424010000000002 40.294319000000002
301   2.201457 1.903651 40.016238999999999
302   2.2878099999999999 -4.1290630000000004 45.437407999999998
303   2.202915 -4.059895 45.788863999999997
304   2.5792310000000001 -4.0947740000000001 45.749569000000001
305   2.317876 -4.0035429999999996 46.087378999999999
306   2.4496570000000002 -4.2274719999999997 44.989376
307   2.2034410000000002 3.0393629999999998 41.741585000000001
308   1.899046 3.0156239999999999 41.880992999999997
309   2.0830709999999999 3.102023 42.144753000000001
310   3.4276749999999998 3.3715009999999999 50.969799000000002
311   3.5205579999999999 3.5773229999999998 50.863033000000001
312   3.2863880000000001 3.5066830000000002 50.979511000000002
313   3.08724 3.6137480000000002 50.97871
314   3.281031 3.757177 50.842300000000002
315   3.665753 3.7478349999999998 50.774054999999997
316   3.647138 4.0553039999999996 50.697094
317   3.492902 3.832967 50.774425999999998
318   3.3855390000000001 3.9417390000000001 50.742851000000002
319   -1.804182 1.574811 47.117820999999999
320   -1.8803110000000001 1.190944 47.157367999999998
321   -1.9505570000000001 1.1443129999999999 47.607650999999997
322   -2.3532099999999998 2.5160300000000002 50.492137999999997
323   -2.1768079999999999 2.5029400000000002 50.358097000000001
324   -2.461055 2.444293 50.656784000000002
325   -2.112587 2.4997560000000001 50.797984999999997
326   -2.6058759999999999 2.2670119999999998 50.653103000000002
327   -2.622871 2.0780750000000001 50.613467999999997
328   -2.4996309999999999 2.0837750000000002 50.874828000000001
329   -2.4960170000000002 1.982826 50.154758000000001
330   -2.4638580000000001 1.9056500000000001 50.826889000000001
331   -2.6703070000000002 2.2058909999999998 50.393990000000002
332   -2.3646699999999998 2.3582299999999998 50.905276999999998
333   -2.1710560000000001 1.639915 50.256591999999998
334   -2.2634940000000001 1.664736 50.650889999999997
335   -0.49066199999999999 3.2860649999999998 43.856842
336   4.4714919999999996 -3.6973669999999998 45.629612000000002
337   4.2225929999999998 -3.9763419999999998 45.326366
338   4.1547000000000001 -4.2657080000000001 44.642876000000001
339   3.8521679999999998 -3.9947539999999999 45.551926000000002
340   4.1665219999999996 -4.1368739999999997 45.022311999999999
341   4.5203170000000004 -4.0634949999999996 44.858440000000002
342   3.7630859999999999 -4.3687259999999997 44.517021
343   4.3905149999999997 -4.8560210000000001 41.746693
344   4.4712750000000003 -4.8467200000000004 41.960433999999999
345   4.0807570000000002 -4.8214699999999997 41.965938999999999
346   4.2037699999999996 -4.8129030000000004 42.260330000000003
347   3.097003 3.622369 45.006714000000002
348   3.3798490000000001 3.6916709999999999 45.340617999999999
349   3.4634520000000002 3.5027740000000001 45.023499000000001
350   3.612962 3.5531570000000001 45.317368000000002
351   3.626023 3.6831200000000002 45.588470000000001
352   3.4447169999999998 3.764211 45.499713999999997
353   6.4996229999999997 -4.8733449999999996 40.168171000000001
354   0.54672299999999996 -1.4282969999999999 50.516907000000003
355   0.64530200000000004 -1.5416190000000001 50.321841999999997
356   0.834619 -1.411181 50.536780999999998
357   0.74867799999999995 -1.658021 50.095032000000003
358   0.87456999999999996 -1.5713490000000001 50.276339999999998
359   1.9433339999999999 2.7603430000000002 41.055430999999999
360   1.7395320000000001 2.6180829999999999 40.848323999999998
361   2.9928629999999998 -3.62079 46.812752000000003
362   3.4156270000000002 -3.6253769999999998 46.604897000000001
363   2.7857940000000001 -3.8203330000000002 46.46978
364   3.4587029999999999 4.1446350000000001 46.552086000000003
365   3.4082499999999998 4.0967039999999999 46.251052999999999
366   3.2303359999999999 4.1877680000000002 46.609524
367   3.1728179999999999 4.1768070000000002 46.241515999999997
368   3.2376499999999999 4.1074549999999999 46.013663999999999
369   2.9910489999999998 4.1407889999999998 46.033397999999998
370   3.411292 3.9087390000000002 45.813343000000003
371   3.6285630000000002 3.887432 46.105148
372   3.1095760000000001 4.0363670000000003 45.804749000000001
373   3.0934430000000002 3.8770150000000001 45.464801999999999
374   3.1746080000000001 4.56534 49.202438000000001
375   3.1894619999999998 4.6592390000000004 49.277920000000002
376   3.2950020000000002 4.6126050000000003 49.158501000000001
377   8.5661400000000008 -3.9827469999999998 39.512977999999997
378   8.4111560000000001 -4.0777080000000003 39.771900000000002
379   8.2309000000000001 -4.1482720000000004 39.457943
380   8.6871860000000005 -3.9048750000000001 39.342266000000002
381   8.8534869999999994 -3.7770769999999998 39.212806999999998
382   8.8000030000000002 -3.8405209999999999 39.468285000000002
383   8.9304000000000006 -3.6566519999999998 39.170760999999999
384   8.9690969999999997 -3.6664599999999998 39.397452999999999
385   8.7320969999999996 -3.907114 39.684840999999999
386   8.9378919999999997 -3.7679019999999999 39.640658999999999
387   9.0740619999999996 -3.5709209999999998 39.472651999999997
388   9.0905450000000005 -3.6062370000000001 39.654915000000003
389   9.0297730000000005 -3.7105440000000001 39.824455
390   8.7286780000000004 -3.9192300000000002 39.906165999999999
391   8.9085680000000007 -3.8243179999999999 39.820430999999999
392   8.9643149999999991 -3.7620990000000001 40.052574
393   8.7639139999999998 -3.9024939999999999 40.059784000000001
394   9.1896830000000005 -3.3330950000000001 39.503928999999999
395   9.2524099999999994 -3.2910499999999998 39.763404999999999
396   9.1921789999999994 -3.434761 39.745609000000002
397   8.5322449999999996 -4.0286249999999999 40.059494000000001
398   9.1253589999999996 -3.5632609999999998 39.933326999999998
399   8.0623850000000008 -4.2784820000000003 40.049187000000003
400   -0.23297200000000001 2.420051 42.465243999999998
401   -0.223275 2.5626579999999999 42.694366000000002
402   -0.087106000000000003 2.6080209999999999 42.538871999999998
403   -0.090381000000000003 2.735703 42.765182000000003
404   4.5747470000000003 2.6916259999999999 48.985743999999997
405   4.3741649999999996 2.565823 48.882815999999998
406   -2.420115 1.9145490000000001 44.784241000000002
407   -1.6213709999999999 1.912722 46.988433999999998
408   -1.585742 2.215014 47.162230999999998
409   -1.542748 2.1457030000000001 46.904536999999998
410   -1.6449039999999999 2.0093939999999999 47.127040999999998
411   5.9930570000000003 3.0599609999999999 39.658394000000001
412   5.714601 3.1750780000000001 39.607750000000003
413   5.7549619999999999 3.1970779999999999 39.744129000000001
414   5.8648699999999998 3.148523 39.855721000000003
415   5.6388920000000002 3.2456049999999999 39.791569000000003
416   5.6906869999999996 3.2173440000000002 39.85154
417   6.2822529999999999 2.8395779999999999 39.531852999999998
418   5.955241 2.9104719999999999 39.520893000000001
419   -0.40530100000000002 2.9161350000000001 49.352111999999998
420   0.022707000000000001 2.617944 42.406151000000001
421   0.056392999999999999 2.5626250000000002 42.246578
422   -0.10337200000000001 2.4428640000000001 42.188526000000003
423   6.6058389999999996 -4.7797980000000004 39.796439999999997
424   7.1655189999999997 -4.6779250000000001 39.921055000000003
425   7.7377510000000003 -4.4522690000000003 40.025089000000001
426   7.5183780000000002 -4.5630959999999998 40.033337000000003
427   7.6896269999999998 -4.4530890000000003 39.871937000000003
428   7.6898119999999999 -4.430307 39.542167999999997
429   7.2084080000000004 -4.6115209999999998 39.537250999999998
430   8.0021590000000007 -4.3828399999999998 40.388534999999997
431   7.5904629999999997 -4.6127589999999996 40.469963
432   2.8685160000000001 2.8551760000000002 40.754635
433   2.6690849999999999 2.6948400000000001 40.602806000000001
434   2.6571479999999998 2.8784900000000002 40.842781000000002
435   2.5482209999999998 2.9642430000000002 41.076416000000002
436   6.9259779999999997 -4.8190520000000001 40.320950000000003
437   2.9083549999999998 4.4919960000000003 49.751282000000003
438   3.0692330000000001 4.6594959999999999 49.68047
439   2.8336109999999999 4.4085320000000001 49.466202000000003
440   2.9912610000000002 4.5660280000000002 49.535384999999998
441   3.9573330000000002 3.6761710000000001 50.743392999999998
442   1.180329 -3.7392539999999999 45.496124000000002
443   1.370309 -3.8298220000000001 45.656395000000003
444   1.260915 -3.6824889999999999 45.908259999999999
445   3.0339489999999998 -4.6649909999999997 41.834431000000002
446   2.7282000000000002 -4.5968580000000001 42.186439999999997
447   2.6131310000000001 -4.585566 41.844177000000002
448   2.223468 -4.4119599999999997 42.186005000000002
449   7.5121599999999997 -4.6574869999999997 41.325001
450   7.4802999999999997 -4.687773 41.036915
451   7.7712279999999998 -4.5533789999999996 41.215091999999999
452   8.2020470000000003 -4.3535279999999998 41.262630000000001
453   8.280742 -4.1891119999999997 41.476379000000001
454   7.9642819999999999 -4.4448480000000004 41.427883000000001
455   8.167154 -4.1866500000000002 41.698635000000003
456   8.0599830000000008 -4.3185900000000004 41.634746999999997
457   1.6665749999999999 -4.1017469999999996 44.779400000000003
458   2.0962990000000001 -4.2055949999999998 44.471218
459   3.1757029999999999 -4.6840989999999998 42.047401000000001
460   3.0304319999999998 -4.6535570000000002 42.158340000000003
461   3.3629859999999998 -4.7204540000000001 41.932898999999999
462   3.286149 -4.6920970000000004 42.253310999999997
463   3.4091130000000001 -4.738105 41.619221000000003
464   3.8545500000000001 -4.0825500000000003 39.542743999999999
465   4.1794739999999999 -4.1421580000000002 39.408192
466   4.1610509999999996 -4.3995930000000003 39.599769999999999
467   4.5355270000000001 -4.4021730000000003 39.485621999999999
468   4.0524930000000001 -4.547358 39.843639000000003
469   3.8903840000000001 -4.3477189999999997 39.677982
470   3.2048220000000001 -4.65686 42.656230999999998
471   3.625353 -4.7357110000000002 42.454341999999997
472   3.484499 -4.6846769999999998 42.838608000000001
473   4.0261490000000002 -4.7636710000000004 42.637656999999997
474   2.9404340000000002 -4.6238939999999999 42.457923999999998
475   0.59524999999999995 -3.8938470000000001 40.366576999999999
476   0.60141999999999995 -3.720837 40.215533999999998
477   0.82677699999999998 -3.8239909999999999 40.195618000000003
478   0.932782 -3.9927030000000001 40.307471999999997
479   1.026726 -4.1341869999999998 40.510342000000001
480   0.77998999999999996 -4.0498900000000004 40.479968999999997
481   3.9850819999999998 3.6929789999999998 49.017795999999997
482   4.30213 3.7049609999999999 49.038882999999998
483   4.7026190000000003 3.5881259999999999 49.299824000000001
484   1.743517 -3.5728650000000002 46.924171000000001
485   2.0841750000000001 -3.7574990000000001 46.701332000000001
486   2.1359880000000002 -3.5766469999999999 47.081394000000003
487   2.501922 -3.7098149999999999 46.796855999999998
488   2.689165 -3.5998299999999999 46.992683
489   2.488899 -3.513261 47.195011000000001
490   3.1297609999999998 -3.357891 47.233528
491   2.716758 -3.3590369999999998 47.409050000000001
492   2.8001770000000001 -3.5015239999999999 47.137886000000002
493   -0.76445099999999999 3.2806099999999998 47.768729999999998
494   -0.62980899999999995 3.4041600000000001 47.439342000000003
495   -0.60397100000000004 3.2740200000000002 47.350571000000002
496   -0.67515800000000004 3.470326 47.752949000000001
497   -0.77478599999999997 -0.59887000000000001 49.912998000000002
498   -1.2592239999999999 -0.23424600000000001 49.768653999999998
499   -1.056292 -0.42986999999999997 49.495117
500   9.2204949999999997 -3.1888930000000002 40.727454999999999
501   9.2983820000000001 -3.1716350000000002 40.472397000000001
502   9.3764099999999999 -3.0352459999999999 40.476719000000003
503   9.0738190000000003 -3.4928219999999999 40.578994999999999
504   9.2288460000000008 -3.316068 40.395637999999998
505   8.9601520000000008 -3.3619240000000001 41.118462000000001
506   9.0459099999999992 -3.4067430000000001 40.826202000000002
507   6.8528380000000002 -4.625464 39.404228000000003
508   6.2080390000000003 -4.6908459999999996 39.53389
509   8.2757330000000007 -4.0450249999999999 41.679259999999999
510   8.4120600000000003 -3.9050220000000002 41.585258000000003
511   2.950825 3.527015 51.084834999999998
512   3.0919919999999999 3.4306700000000001 51.097118000000002
513   4.7456050000000003 4.0844719999999999 50.432262000000001
514   4.7371239999999997 4.1947080000000003 50.185138999999999
515   4.6056720000000002 4.3563330000000002 50.275481999999997
516   4.6143830000000001 4.1922220000000001 50.576560999999998
517   4.9279590000000004 3.9190529999999999 50.005282999999999
518   4.9644110000000001 3.931514 49.780994
519   4.8440190000000003 4.1312350000000002 49.939982999999998
520   4.8974450000000003 4.0755569999999999 49.633774000000003
521   4.9996499999999999 3.7560600000000002 49.920653999999999
522   4.5391349999999999 4.0542210000000001 50.664940000000001
523   4.6886320000000001 3.992235 50.612952999999997
524   4.5732600000000003 3.7840440000000002 50.684288000000002
525   4.855855 3.993932 50.187775000000002
526   4.7503149999999996 3.8469289999999998 50.599186000000003
527   4.8054079999999999 3.8723740000000002 50.516289
528   4.8708980000000004 3.8589099999999998 50.360537999999998
529   4.8724239999999996 3.6804199999999998 50.515022000000002
530   4.7901889999999998 3.6790590000000001 50.60371
531   2.6478730000000001 3.3116690000000002 42.108055
532   2.3528030000000002 3.2132360000000002 42.203991000000002
533   2.5956459999999999 3.1461239999999999 41.577347000000003
534   2.7427980000000001 2.505414 40.365085999999998
535   2.690499 2.2750859999999999 40.121040000000001
536   2.4145500000000002 2.2655850000000002 40.167934000000002
537   2.3448419999999999 1.8134980000000001 39.908687999999998
538   2.3415650000000001 1.953228 39.968288000000001
539   2.4807600000000001 2.0791580000000001 39.984112000000003
540   2.254826 1.70608 39.931316000000002
541   3.0631339999999998 2.4558819999999999 40.248328999999998
542   2.9228700000000001 2.6682869999999999 40.521469000000003
543   -1.7648630000000001 3.410765 45.070270999999998
544   -2.261145 2.9611230000000002 45.439174999999999
545   -1.864975 3.2162190000000002 45.515349999999998
546   -1.612209 3.0911849999999998 45.879086000000001
547   -1.8812150000000001 2.997487 45.776660999999997
548   -1.2930459999999999 3.2256170000000002 45.939377
549   -1.4283920000000001 3.2754439999999998 45.716599000000002
550   -1.337337 3.1319900000000001 46.094917000000002
551   5.1938909999999998 -4.9508549999999998 41.566173999999997
552   4.7642290000000003 -4.8861150000000002 41.690651000000003
553   5.5665139999999997 -4.7153830000000001 39.749119
554   5.8029869999999999 -4.606306 39.380386000000001
555   6.0653560000000004 -4.4855729999999996 39.09742
556   6.572921 -4.5365589999999996 39.138733000000002
557   6.4182180000000004 -4.3174250000000001 38.872543
558   3.770057 -3.1906050000000001 47.098782
559   3.4005909999999999 -3.4617640000000001 46.890948999999999
560   3.3337310000000002 -3.0344699999999998 47.580204000000002
561   2.929773 -3.1685810000000001 47.579940999999998
562   3.2536870000000002 0.49514399999999997 50.746071000000001
563   3.0966770000000001 0.32361600000000001 50.929313999999998
564   3.0946090000000002 0.16631199999999999 50.846195000000002
565   2.9721570000000002 0.25815199999999999 51.055900999999999
566   0.175238 2.116746 41.116463000000003
567   0.032974000000000003 2.0046179999999998 40.885620000000003
568   -0.019730999999999999 2.1386780000000001 41.179645999999998
569   -0.052989000000000001 2.0489570000000001 40.967125000000003
570   0.18295500000000001 1.9316139999999999 40.824368
571   3.4254190000000002 2.364449 51.004547000000002
572   3.457309 2.7720069999999999 51.059272999999997
573   3.3492709999999999 2.6239520000000001 51.112755
574   3.4029910000000001 3.0002270000000002 51.061748999999999
575   3.1877979999999999 2.7172809999999998 51.160919
576   3.5917590000000001 3.0489280000000001 50.945278000000002
577   3.6399349999999999 2.752605 50.905388000000002
578   3.2586430000000002 2.3802989999999999 51.119540999999998
579   3.2386279999999998 1.419278 50.973129
580   3.589556 1.610673 50.670245999999999
581   3.2469739999999998 1.655465 51.019421000000001
582   3.3808500000000001 1.2213430000000001 50.796455000000002
583   4.7647430000000002 3.1315270000000002 39.503928999999999
584   -1.1506700000000001 3.1241690000000002 43.942481999999998
585   -1.3078879999999999 3.2180399999999998 44.095413000000001
586   2.9001519999999998 4.3682559999999997 50.097011999999999
587   3.24037 4.417694 50.444983999999998
588   9.1578420000000005 -0.92144000000000004 39.174900000000001
589   2.9783240000000002 1.7752490000000001 39.615226999999997
590   2.8677579999999998 1.4582029999999999 39.502510000000001
591   2.7695340000000002 1.7062790000000001 39.610137999999999
592   2.753012 1.9595659999999999 39.788119999999999
593   3.18133 2.2483110000000002 39.968474999999998
594   2.9478119999999999 2.1807810000000001 39.965206000000002
595   3.1064289999999999 2.0336820000000002 39.765213000000003
596   2.6247199999999999 1.7568600000000001 39.715656000000003
597   2.4958809999999998 1.875866 39.833508000000002
598   1.0403910000000001 -1.7129190000000001 50.027965999999999
599   4.4089580000000002 2.0463100000000001 49.588242000000001
600   4.4254290000000003 2.0394169999999998 49.322926000000002
601   4.5164989999999996 2.2232970000000001 49.514918999999999
602   4.495984 2.2452960000000002 49.191203999999999
603   4.5760209999999999 2.343407 49.373111999999999
604   4.3954310000000003 2.417421 50.159492
605   4.2847030000000004 2.2140330000000001 50.110450999999998
606   1.496507 3.0955620000000001 51.087902
607   1.7438400000000001 3.1534749999999998 51.077942
608   1.563598 3.1866569999999999 51.002665999999998
609   1.5025520000000001 3.2186029999999999 50.859786999999997
610   1.907778 3.241466 50.913550999999998
611   2.3389950000000002 3.4479899999999999 50.655853
612   2.1611570000000002 3.3156829999999999 50.639000000000003
613   2.135265 3.3598319999999999 50.892722999999997
614   2.0177779999999998 3.2683339999999999 50.716942000000003
615   2.052899 3.307029 50.850726999999999
616   2.0126170000000001 3.2276349999999998 51.018512999999999
617   1.796206 3.2394690000000002 50.729885000000003
618   2.3213520000000001 3.3161529999999999 50.481712000000002
619   2.2835070000000002 3.4590559999999999 50.924464999999998
620   2.2150729999999998 3.3109730000000002 51.05368
621   2.0076589999999999 3.083942 51.138176000000001
622   2.059234 3.184501 50.421374999999998
623   7.694197 -4.4863939999999998 40.191077999999997
624   1.6588750000000001 3.5381680000000002 44.005383000000002
625   1.5819179999999999 3.36944 43.138615000000001
626   1.5154860000000001 3.4281739999999998 43.419871999999998
627   8.4323840000000008 -4.103434 40.354053
628   3.6861920000000001 3.4629310000000002 50.841884999999998
629   3.586811 3.3301889999999998 50.910763000000003
630   3.2508349999999999 3.216987 51.085278000000002
631   2.745187 3.7395489999999998 50.671653999999997
632   2.5227750000000002 3.5567769999999999 50.960189999999997
633   2.6229239999999998 3.6696930000000001 50.568686999999997
634   2.8168929999999999 4.0440950000000004 50.389015000000001
635   2.6172589999999998 3.9203209999999999 50.19585
636   2.510786 3.5512839999999999 50.532814000000002
637   5.192323 -4.4217399999999998 43.443497000000001
638   4.8113780000000004 -4.5747309999999999 43.391917999999997
639   5.4855679999999998 -4.5454920000000003 42.882747999999999
640   4.7886889999999998 -4.7729030000000003 42.585262
641   5.5293720000000004 -4.7200110000000004 42.374374000000003
642   5.7085309999999998 -4.2153790000000004 38.986023000000003
643   5.6703109999999999 -4.4348650000000003 39.168132999999997
644   5.4630010000000002 -4.3384 39.126826999999999
645   5.3917820000000001 -4.5406409999999999 39.387062
646   -1.539388 0.094923999999999994 50.425044999999997
647   -1.651065 0.22156799999999999 50.011974000000002
648   -1.500381 0.0077270000000000004 49.986736000000001
649   -1.3364549999999999 -0.070172999999999999 50.165050999999998
650   -2.2819039999999999 1.7089829999999999 48.614117
651   2.0669170000000001 3.208234 42.600448999999998
652   1.922447 3.148282 42.303359999999998
653   6.1876259999999998 -4.8669719999999996 41.826000000000001
654   6.2337030000000002 -5.0628039999999999 41.359425000000002
655   6.3621759999999998 -4.9859609999999996 41.620711999999997
656   5.7304089999999999 -4.978351 41.613235000000003
657   4.9743279999999999 3.6122559999999999 49.998210999999998
658   4.9142270000000003 3.481414 49.977936
659   4.9398920000000004 3.7301000000000002 50.160232999999998
660   4.900023 3.7349199999999998 50.435501000000002
661   4.912617 3.719039 50.331733999999997
662   4.8630050000000002 3.2773629999999998 50.088729999999998
663   4.8966820000000002 3.5574080000000001 50.321689999999997
664   4.863715 3.3243309999999999 50.380428000000002
665   4.8229980000000001 3.3474050000000002 50.517254000000001
666   4.849888 3.4941309999999999 50.517173999999997
667   4.6835519999999997 3.3653949999999999 50.594856
668   4.7952050000000002 3.2054490000000002 50.465504000000003
669   4.6957009999999997 3.1119309999999998 50.520332000000003
670   4.8060499999999999 3.0645479999999998 50.224957000000003
671   2.5808450000000001 -4.0155419999999999 46.044517999999997
672   2.5400749999999999 -3.933392 46.288525
673   2.7670370000000002 -4.3372419999999998 44.468437000000002
674   4.4417840000000002 -3.9367230000000002 39.264400000000002
675   3.3242720000000001 4.8593669999999998 49.721024
676   3.726099 5.0589849999999998 49.982821999999999
677   1.1171450000000001 3.2261000000000002 48.886142999999997
678   0.91851099999999997 3.244885 48.891579
679   1.0581020000000001 3.2893970000000001 48.758792999999997
680   0.89283199999999996 3.3473769999999998 48.658138000000001
681   4.6511699999999996 2.8821639999999999 39.442936000000003
682   4.2999689999999999 2.7055500000000001 39.458137999999998
683   4.3655549999999996 2.9681440000000001 39.501716999999999
684   4.2444829999999998 2.884404 39.545363999999999
685   4.5046299999999997 3.1078929999999998 39.489379999999997
686   2.8708779999999998 3.643103 44.542904
687   3.0866479999999998 3.6726230000000002 44.099730999999998
688   2.4618899999999999 3.5741710000000002 44.481934000000003
689   1.9058839999999999 -1.835693 49.480018999999999
690   2.1962069999999998 -1.550265 49.556496000000003
691   1.9376660000000001 -1.6399410000000001 49.915790999999999
692   1.711568 -1.9766220000000001 49.415202999999998
693   1.4816990000000001 -2.1094050000000002 49.301304000000002
694   0.95373399999999997 -2.1036779999999999 49.092650999999996
695   1.241832 -2.1047449999999999 49.287143999999998
696   1.4098900000000001 -1.9987220000000001 49.523758000000001
697   0.567384 -1.997142 48.868279000000001
698   2.6914959999999999 -1.2902659999999999 49.394244999999998
699   4.7495039999999999 2.733355 49.471760000000003
700   4.7451920000000003 2.7619449999999999 49.668697000000002
701   4.6822119999999998 2.5660500000000002 49.496971000000002
702   8.1509959999999992 -4.0640900000000002 41.805911999999999
703   8.2805169999999997 -3.8684099999999999 41.804569000000001
704   8.0114800000000006 -3.9616220000000002 41.971637999999999
705   8.4364399999999993 -3.6911209999999999 41.720402
706   8.2551039999999993 -3.5582240000000001 42.039104000000002
707   2.3407200000000001 3.3049840000000001 42.779800000000002
708   -2.0456110000000001 2.826705 45.769534999999998
709   -1.4220470000000001 2.686896 43.863563999999997
710   0.80459999999999998 -1.745654 49.930492000000001
711   0.56952700000000001 -1.7184550000000001 49.833103000000001
712   2.0906880000000001 3.3641040000000002 49.798279000000001
713   2.2240730000000002 3.295439 50.114277000000001
714   2.2083349999999999 3.5157500000000002 49.923465999999998
715   3.1869450000000001 1.8708199999999999 39.614032999999999
716   3.2759230000000001 2.004095 39.676678000000003
717   3.42733 2.1941259999999998 39.779819000000003
718   3.3878680000000001 1.917921 39.578856999999999
719   3.727846 1.8161320000000001 39.390427000000003
720   3.52664 2.0022639999999998 39.573794999999997
721   2.167049 -3.2144159999999999 47.702168
722   2.424029 -3.3452130000000002 47.499232999999997
723   2.5808149999999999 -3.1617519999999999 47.709805000000003
724   4.6490460000000002 2.5605000000000002 49.745688999999999
725   4.7326670000000002 2.7930320000000002 49.975181999999997
726   -1.8622479999999999 1.655581 46.297561999999999
727   -1.836948 1.9224479999999999 46.277897000000003
728   -2.0482239999999998 1.865318 46.069271000000001
729   -2.0034860000000001 1.260248 46.184845000000003
730   -1.9733810000000001 1.537358 46.196536999999999
731   -2.1358969999999999 1.6140939999999999 45.956927999999998
732   -2.2231860000000001 1.977209 45.801623999999997
733   -2.0327920000000002 2.1721810000000001 46.034987999999998
734   3.9893540000000001 2.6523910000000002 50.560772
735   3.9389530000000001 2.0378409999999998 50.353374000000002
736   1.228019 -4.2380959999999996 40.803452
737   0.73895599999999995 -4.1236969999999999 40.73592
738   1.234027 -3.900471 40.111027
739   3.8274859999999999 5.0406560000000002 49.526386000000002
740   3.6873849999999999 5.0571190000000001 49.741050999999999
741   -1.902809 0.59011599999999997 48.522525999999999
742   6.884919 -4.7474379999999998 41.743755
743   3.7689140000000001 2.9844219999999999 50.841636999999999
744   3.7964639999999998 3.2937639999999999 50.821635999999998
745   3.9989469999999998 3.3253889999999999 50.755248999999999
746   3.980254 3.0359829999999999 50.740966999999998
747   3.7568269999999999 2.5203060000000002 50.721435999999997
748   3.8138730000000001 2.7938519999999998 50.756926999999997
749   3.7902269999999998 3.5068999999999999 50.802379999999999
750   4.2694109999999998 3.303471 50.694195000000001
751   3.4595729999999998 3.5909390000000001 44.645771000000003
752   3.3325279999999999 3.6742710000000001 44.348736000000002
753   3.1732019999999999 3.6434519999999999 44.557594000000002
754   2.6626430000000001 3.6131259999999998 44.400505000000003
755   2.6490480000000001 3.6577480000000002 44.710667000000001
756   2.77481 3.7651949999999998 45.086326999999997
757   -0.097507999999999997 2.3680300000000001 49.840252
758   -0.245813 2.294638 49.903289999999998
759   -0.072151999999999994 2.2260209999999998 50.031993999999997
760   4.4210539999999998 2.2736689999999999 49.969794999999998
761   4.5181389999999997 2.3064429999999998 49.744163999999998
762   4.5686669999999996 2.5425499999999999 50.029060000000001
763   3.4601869999999999 3.1996250000000002 50.999434999999998
764   3.7235559999999999 3.5957859999999999 50.801623999999997
765   -1.590074 0.16756299999999999 49.602352000000003
766   -1.7568459999999999 0.33675500000000003 49.758484000000003
767   2.2878280000000002 3.6851989999999999 49.770865999999998
768   2.1975280000000001 3.584419 49.642536
769   2.281101 3.7012800000000001 49.532390999999997
770   4.019558 -3.323331 46.698124
771   3.9575749999999998 -3.4594390000000002 46.517147000000001
772   4.2557999999999998 -3.3825750000000001 46.373942999999997
773   3.7170269999999999 -3.4786169999999998 46.666592000000001
774   1.7690630000000001 -2.7085460000000001 48.373939999999997
775   1.4987600000000001 -2.6125729999999998 48.425311999999998
776   2.0617350000000001 -2.3663799999999999 48.763835999999998
777   2.1034700000000002 -2.6172309999999999 48.455303000000001
778   4.7347080000000004 2.7673899999999998 49.288597000000003
779   4.6680390000000003 2.7363460000000002 49.129004999999999
780   8.2220209999999998 -4.3514220000000003 41.078662999999999
781   8.3331160000000004 -4.2339209999999996 40.891272999999998
782   4.827655 -4.1907839999999998 39.205105000000003
783   5.0664619999999996 -4.0469980000000003 39.031517000000001
784   5.2055759999999998 -4.2567089999999999 39.132998999999998
785   5.4280970000000002 -4.1747319999999997 39.006863000000003
786   5.4373589999999998 -3.8466309999999999 38.863410999999999
787   3.4563109999999999 3.3624489999999998 48.406371999999998
788   3.4992480000000001 3.3998159999999999 48.616954999999997
789   3.6218319999999999 3.264402 48.554817
790   3.6509269999999998 3.380509 48.670566999999998
791   3.3718889999999999 3.0060199999999999 40.811912999999997
792   3.1855709999999999 3.2345649999999999 41.149639000000001
793   3.5906739999999999 3.2667929999999998 41.089202999999998
794   2.9268420000000002 3.3942540000000001 41.837798999999997
795   2.9690840000000001 3.2859750000000001 41.394821
796   2.865526 3.0738660000000002 41.071705000000001
797   4.6702219999999999 2.834768 50.283642
798   4.5606710000000001 2.8415059999999999 50.443770999999998
799   4.4556360000000002 2.639977 50.327537999999997
800   -1.8063340000000001 1.2687520000000001 46.854900000000001
801   -1.8366260000000001 1.014572 46.770344000000001
802   -1.823869 0.95102500000000001 46.404559999999996
803   -1.9247609999999999 0.96723599999999998 46.130938999999998
804   -1.8374710000000001 1.216798 46.55677
805   -1.73109 1.4311659999999999 46.764465000000001
806   -1.735733 1.4339850000000001 46.598109999999998
807   -1.8425180000000001 1.3801969999999999 46.404823
808   -1.7818039999999999 1.541741 46.429813000000003
809   -1.612358 2.0659619999999999 46.578978999999997
810   -1.686361 1.723962 47.001938000000003
811   -1.7303329999999999 1.7927029999999999 46.413620000000002
812   2.4861810000000002 3.835226 50.057654999999997
813   3.6358519999999999 3.6690489999999998 44.358364000000002
814   3.3722249999999998 3.7187239999999999 44.024619999999999
815   2.2434349999999998 3.6397819999999999 44.950831999999998
816   2.2043300000000001 3.5425620000000002 44.491580999999996
817   -2.1501809999999999 2.4063669999999999 50.080105000000003
818   -1.9580839999999999 2.4310809999999998 50.294063999999999
819   4.1172500000000003 4.9766700000000004 50.040301999999997
820   3.9297179999999998 5.0907080000000002 49.775542999999999
821   4.6618919999999999 4.5212469999999998 49.895023000000002
822   4.6856669999999996 4.3690170000000004 50.022044999999999
823   4.7328440000000001 4.3167929999999997 49.604733000000003
824   9.2406880000000005 -3.3371270000000002 40.024177999999999
825   9.1135450000000002 -3.5293929999999998 40.236632999999998
826   9.3331359999999997 -3.1417570000000001 40.228703000000003
827   8.7567679999999992 -3.8404150000000001 40.876179
828   8.5832840000000008 -4.0118900000000002 40.911200999999998
829   8.6030870000000004 -4.0188240000000004 40.682392
830   8.9216689999999996 -3.6110030000000002 40.830528000000001
831   8.7718900000000009 -3.698267 41.090961
832   8.8258849999999995 -3.8073640000000002 40.691406000000001
833   8.7154430000000005 -3.582608 41.352333000000002
834   8.8229340000000001 -3.3463699999999998 41.437770999999998
835   8.9322540000000004 -3.6965439999999998 40.593772999999999
836   8.7902520000000006 -3.8712469999999999 40.485408999999997
837   8.2637710000000002 -4.2475709999999998 40.600475000000003
838   -1.5293079999999999 3.374838 44.271957
839   -1.5405899999999999 3.201603 44.171245999999996
840   5.5815539999999997 -4.295337 43.369495000000001
841   6.0321490000000004 -4.1836880000000001 43.138767000000001
842   5.85466 -4.0161519999999999 43.700705999999997
843   6.6505960000000002 -4.3875149999999996 42.108814000000002
844   6.7515090000000004 -4.1912520000000004 42.390307999999997
845   -1.8193900000000001 2.3632420000000001 48.127090000000003
846   -1.6375230000000001 2.6688990000000001 47.742511999999998
847   -1.5892390000000001 2.4452069999999999 46.464699000000003
848   -1.7048760000000001 2.1840290000000002 46.385105000000003
849   -1.498783 2.3741859999999999 46.673611000000001
850   3.6859449999999998 3.7373949999999998 45.814521999999997
851   4.1527190000000003 -4.726585 43.047668000000002
852   3.8774250000000001 -4.7900799999999997 42.245021999999999
853   3.9187829999999999 -4.7774140000000003 42.408915999999998
854   3.6737099999999998 -4.7655649999999996 42.055599000000001
855   3.6159330000000001 -4.7688110000000004 41.770947
856   4.4257619999999998 -4.8075390000000002 42.413429000000001
857   3.1854399999999998 4.7092830000000001 49.457667999999998
858   3.4805510000000002 4.873189 49.416606999999999
859   7.6310029999999998 -4.6379159999999997 40.663581999999998
860   7.3551270000000004 -4.7410290000000002 40.716453999999999
861   -1.3532329999999999 3.3807489999999998 45.459964999999997
862   -1.112155 3.3477860000000002 45.733165999999997
863   -1.551858 3.4761709999999999 44.927883000000001
864   -1.439514 3.436153 45.156585999999997
865   -1.417109 3.4919720000000001 44.803127000000003
866   -1.1813750000000001 3.519622 44.930732999999996
867   -1.4983359999999999 3.386574 45.367812999999998
868   -1.6684479999999999 3.3606699999999998 45.383265999999999
869   3.773685 3.395378 48.757216999999997
870   3.776186 3.3074119999999998 48.641311999999999
871   2.9013550000000001 -3.9876559999999999 46.031131999999999
872   2.6873200000000002 -4.1865030000000001 45.333893000000003
873   1.699074 3.15299 50.529114
874   1.5039169999999999 3.1404700000000001 50.548507999999998
875   1.413365 3.2278820000000001 50.686419999999998
876   1.6696709999999999 3.060324 50.390895999999998
877   1.6172299999999999 3.0506500000000001 50.391204999999999
878   1.615124 3.0950859999999998 50.455582
879   1.535623 3.0532279999999998 50.431151999999997
880   1.6983349999999999 3.02474 50.308574999999998
881   2.8969140000000002 -4.4404570000000003 43.954932999999997
882   3.3485930000000002 -4.4911519999999996 44.122646000000003
883   1.7952589999999999 3.7884120000000001 45.179595999999997
884   1.67761 3.98733 45.959015000000001
885   1.9615370000000001 3.8514680000000001 45.577632999999999
886   6.7853719999999997 -4.9603260000000002 41.365803
887   3.6889500000000002 3.5585779999999998 44.650188
888   4.0333079999999999 3.3955449999999998 44.903992000000002
889   3.9780259999999998 3.5883989999999999 44.537491000000003
890   7.0393650000000001 -4.8769499999999999 40.997120000000002
891   6.9091420000000001 -4.8809319999999996 40.660277999999998
892   2.3177500000000002 -3.9370560000000001 46.316315000000003
893   2.1090770000000001 -3.904668 46.358711
894   1.220475 -3.5098229999999999 46.348453999999997
895   1.4398340000000001 -3.7226650000000001 46.231003000000001
896   1.4617309999999999 -3.6230959999999999 46.512096
897   -1.9425600000000001 2.3252809999999999 46.100493999999998
898   2.9358520000000001 4.2649319999999999 46.807434000000001
899   2.6594009999999999 4.2774799999999997 47.023308
900   2.8827509999999998 4.2522200000000003 47.111004000000001
901   1.4651449999999999 3.1543730000000001 42.414948000000003
902   1.612946 3.1547139999999998 42.362755
903   1.5159290000000001 3.0372780000000001 42.036136999999997
904   2.0192700000000001 3.652971 44.767391000000003
905   2.0392589999999999 3.5128159999999999 44.299118
906   -0.88649900000000004 3.1217990000000002 49.150092999999998
907   -1.100152 2.801933 49.144592000000003
908   -0.84104299999999999 2.8030840000000001 49.299720999999998
909   -1.362765 2.7362690000000001 48.908347999999997
910   -1.307175 2.7265799999999998 48.996788000000002
911   -1.2983309999999999 2.8181259999999999 48.957050000000002
912   -1.262583 2.6939229999999998 49.096775000000001
913   -1.2414849999999999 2.8014230000000002 49.032142999999998
914   -1.251709 2.90096 48.964882000000003
915   -0.46626000000000001 3.3958379999999999 46.605590999999997
916   -0.47596899999999998 3.3950279999999999 46.254913000000002
917   -0.60909000000000002 3.225244 46.392277
918   -0.63714499999999996 3.3724560000000001 45.763061999999998
919   -0.72753500000000004 3.2152080000000001 46.044525
920   -0.55892799999999998 3.3241860000000001 46.062747999999999
921   7.116816 -4.1336339999999998 42.223381000000003
922   1.5384389999999999 -4.1117160000000004 44.273910999999998
923   1.8848549999999999 -4.1968189999999996 43.695942000000002
924   -1.754024 3.2627549999999998 44.283912999999998
925   -1.9739230000000001 2.8653810000000002 44.228172000000001
926   -1.6976990000000001 2.8775810000000002 44.115681000000002
927   -1.870752 3.3132980000000001 44.508823
928   -1.660182 3.414088 44.415382000000001
929   0.98735700000000004 -1.98641 49.451542000000003
930   1.1728449999999999 -1.9249179999999999 49.671467
931   1.3593139999999999 -1.9161950000000001 49.705371999999997
932   0.72427200000000003 -1.9150579999999999 49.384349999999998
933   0.87434100000000003 -1.8520019999999999 49.736342999999998
934   4.301094 2.0882990000000001 49.967224000000002
935   4.3942759999999996 2.119434 49.820315999999998
936   -2.3005810000000002 3.1024509999999998 44.866706999999998
937   3.6016750000000002 3.477509 48.773834000000001
938   3.7707440000000001 3.5179109999999998 48.892395
939   -0.48758800000000002 3.4238 46.817627000000002
940   8.0144760000000002 -3.595602 38.850239000000002
941   8.4008479999999999 -3.934539 38.845863000000001
942   8.1340990000000009 -4.0968819999999999 38.895947
943   8.1388999999999996 -4.1891610000000004 39.099930000000001
944   8.2932550000000003 -4.1145310000000004 39.041263999999998
945   8.2553300000000007 -4.1341320000000001 39.215313000000002
946   8.4672020000000003 -4.0461119999999999 39.074207000000001
947   8.4326039999999995 -4.0503429999999998 39.255329000000003
948   3.1643089999999998 1.910541 51.103642000000001
949   3.2902279999999999 2.1567479999999999 51.070377000000001
950   3.0193699999999999 2.1030060000000002 51.166083999999998
951   3.4273419999999999 1.9944679999999999 50.916977000000003
952   -2.0132599999999998 0.77063899999999996 49.714770999999999
953   -1.8902110000000001 0.45463799999999999 50.337111999999998
954   1.4180200000000001 3.4450379999999998 48.456268000000001
955   1.6411469999999999 3.5363540000000002 48.342528999999999
956   1.4637819999999999 3.5954220000000001 48.186047000000002
957   1.6035820000000001 3.3209759999999999 42.942101000000001
958   -1.9693430000000001 2.4883839999999999 50.570656
959   4.7897980000000002 4.073556 49.431170999999999
960   4.6900849999999998 4.1588120000000002 49.304400999999999
961   8.6778589999999998 -3.9193709999999999 39.137839999999997
962   8.5224130000000002 -4.002097 39.344695999999999
963   9.137696 -3.489741 39.537357
964   9.0551980000000007 -3.5062060000000002 39.286644000000003
965   8.0143660000000008 -4.27454 39.736030999999997
966   8.6286869999999993 -3.8511630000000001 38.921790999999999
967   8.8032909999999998 -3.6831019999999999 39.019736999999999
968   0.94588799999999995 3.0490889999999999 49.231681999999999
969   2.9752149999999999 0.792215 51.087764999999997
970   3.2403040000000001 1.0149980000000001 50.885871999999999
971   3.1161690000000002 1.1453150000000001 50.992564999999999
972   3.4129049999999999 0.66677299999999995 50.582253000000001
973   3.3849469999999999 0.86169300000000004 50.689383999999997
974   -2.246931 2.715042 45.630535000000002
975   -1.738127 2.6952690000000001 46.191654
976   -2.102201 2.5036520000000002 45.839843999999999
977   -2.1760069999999998 2.239166 45.831451000000001
978   9.4700670000000002 -1.451106 39.115513
979   9.0724090000000004 -1.759441 38.999420000000001
980   9.1957509999999996 -1.269296 39.078074999999998
981   3.1447509999999999 3.5741510000000001 42.307461000000004
982   3.0019659999999999 3.501312 42.099120999999997
983   3.450564 3.6262300000000001 41.928192000000003
984   3.1422460000000001 3.5347659999999999 41.870322999999999
985   5.1175990000000002 -4.6870989999999999 39.727921000000002
986   4.7197420000000001 -4.6734859999999996 39.778140999999998
987   4.9565149999999996 -4.5363420000000003 39.459358000000002
988   4.3944429999999999 -4.6231359999999997 39.777057999999997
989   -2.4158590000000002 2.8689770000000001 44.630370999999997
990   -2.3566349999999998 2.740599 44.444794000000002
991   -2.2005490000000001 2.710461 44.333129999999997
992   -2.3157559999999999 2.4732310000000002 44.438384999999997
993   -2.204949 2.9759199999999999 44.426758
994   -2.0986959999999999 2.4861789999999999 44.265839
995   -2.5223800000000001 2.8602630000000002 44.998992999999999
996   -2.404982 2.1896450000000001 44.616332999999997
997   7.2184990000000004 -4.7655500000000002 40.465896999999998
998   3.192542 1.6206309999999999 39.494961000000004
999   -1.9731890000000001 3.1321789999999998 44.326419999999999
1000   1.685738 3.1100370000000002 50.460330999999996
1001   1.9966170000000001 3.1079970000000001 50.122311000000003
1002   1.8982399999999999 3.083113 50.331783000000001
1003   1.872547 3.1157010000000001 50.447845000000001
1004   1.745207 3.0756239999999999 50.406016999999999
1005   2.4726499999999998 3.457176 50.310211000000002
1006   5.7011669999999999 3.0409220000000001 39.539883000000003
1007   4.2690340000000004 -4.720485 40.172320999999997
1008   5.9228120000000004 -4.8378810000000003 40.053440000000002
1009   2.4846089999999998 -2.3417089999999998 48.641086999999999
1010   2.755903 -2.5879409999999998 48.294398999999999
1011   3.1531090000000002 -2.2969930000000001 48.345939999999999
1012   5.8111110000000004 -4.8843649999999998 41.845771999999997
1013   4.4266500000000004 2.7730950000000001 47.940666
1014   4.467435 2.6660520000000001 47.837643
1015   4.3844079999999996 2.9573320000000001 47.925944999999999
1016   4.2299660000000001 3.1774800000000001 47.965504000000003
1017   4.063231 3.2799909999999999 48.017859999999999
1018   -1.062921 2.9877159999999998 43.788001999999999
1019   0.0098549999999999992 2.568327 49.705181000000003
1020   0.21056800000000001 2.5126629999999999 49.861930999999998
1021   0.047869000000000002 2.378673 49.916569000000003
1022   -0.22175900000000001 2.7319309999999999 42.910640999999998
1023   -0.36302699999999999 2.914161 43.192421000000003
1024   -0.175734 2.9902139999999999 43.149116999999997
1025   -0.035471999999999997 2.8926210000000001 42.954678000000001
1026   -0.011632999999999999 3.0280040000000001 43.199340999999997
1027   0.101234 2.772796 42.666091999999999
1028   -0.45810000000000001 2.6789130000000001 43.103897000000003
1029   -0.59405399999999997 2.8120039999999999 43.369225
1030   3.7099609999999998 -4.416944 39.832588000000001
1031   3.3421150000000002 -4.2315950000000004 39.817162000000003
1032   3.6512910000000001 -4.2131699999999999 39.678775999999999
1033   3.4586730000000001 -3.9690810000000001 39.640476
1034   3.8109820000000001 -4.5763759999999998 40.044196999999997
1035   3.538875 -4.6282379999999996 40.365639000000002
1036   5.328729 -4.2227009999999998 43.753807000000002
1037   4.5973839999999999 2.3983780000000001 49.571522000000002
1038   -0.93335500000000005 3.2895020000000001 48.219917000000002
1039   -0.94720700000000002 3.2083780000000002 48.030921999999997
1040   -0.79856899999999997 3.4333469999999999 48.212215
1041   -0.61362499999999998 3.0214880000000002 49.285606000000001
1042   -0.47903699999999999 3.2971170000000001 49.164223
1043   1.4781500000000001 3.3385570000000002 48.631950000000003
1044   1.6112489999999999 3.33311 48.620311999999998
1045   1.6092200000000001 3.4350710000000002 48.499518999999999
1046   7.9657299999999998 -4.2585439999999997 39.249256000000003
1047   7.6834199999999999 -3.8462040000000002 42.307423
1048   7.4233969999999996 -4.466844 39.184128000000001
1049   7.0839619999999996 -4.4457310000000003 39.046317999999999
1050   2.1531220000000002 3.7786919999999999 45.343826
1051   2.0249470000000001 3.7344780000000002 45.170245999999999
1052   2.3527439999999999 3.7982269999999998 45.320999
1053   9.3182109999999998 -3.0685150000000001 39.739677
1054   9.4672610000000006 -2.8887670000000001 40.206203000000002
1055   -0.0099749999999999995 1.9861009999999999 51.014000000000003
1056   -0.069635000000000002 2.109394 50.791640999999998
1057   4.4418749999999996 3.703198 49.106892000000002
1058   2.5399940000000001 -3.838336 46.524859999999997
1059   -2.087882 1.477751 50.185851999999997
1060   -2.0802960000000001 1.575075 49.720286999999999
1061   -2.2746219999999999 1.844087 49.556910999999999
1062   1.2660480000000001 3.2453620000000001 48.813194000000003
1063   1.3600300000000001 3.3223039999999999 48.670485999999997
1064   1.2424820000000001 3.3247100000000001 48.674079999999996
1065   1.1232169999999999 3.4356270000000002 48.426738999999998
1066   1.2931189999999999 3.5348329999999999 48.257263000000002
1067   1.3275220000000001 3.1971699999999998 48.865639000000002
1068   1.1604479999999999 3.1267119999999999 49.022480000000002
1069   1.3838200000000001 3.2636639999999999 48.752116999999998
1070   -0.25107200000000002 2.4741919999999999 49.726807000000001
1071   3.6303709999999998 -3.6130620000000002 46.493941999999997
1072   2.5027409999999999 3.6952859999999998 44.989902000000001
1073   3.7738239999999998 3.6071230000000001 45.649039999999999
1074   3.7962389999999999 3.506262 45.454791999999998
1075   3.6552180000000001 3.4489339999999999 45.090159999999997
1076   3.8141039999999999 3.396258 45.180549999999997
1077   3.6805270000000001 3.4710450000000002 44.886203999999999
1078   3.2903370000000001 3.5661019999999999 44.787436999999997
1079   4.313167 3.1343380000000001 47.830295999999997
1080   4.193371 3.286114 47.807468
1081   3.9849030000000001 3.4838399999999998 47.774315000000001
1082   2.569134 4.270518 47.275913000000003
1083   2.7948179999999998 4.2255479999999999 47.356589999999997
1084   7.2135280000000002 -4.8110369999999998 41.248714
1085   1.9261999999999999 3.2082549999999999 50.581519999999998
1086   -2.161794 1.2901670000000001 49.242595999999999
1087   -2.121483 1.0835680000000001 49.750861999999998
1088   2.7894160000000001 0.16304099999999999 51.102843999999997
1089   2.9916309999999999 -0.050271000000000003 50.956657
1090   2.3972470000000001 3.8765909999999999 49.832557999999999
1091   4.1342949999999998 4.4374700000000002 49.115929000000001
1092   3.1448589999999998 4.3383250000000002 49.105457000000001
1093   3.5994069999999998 4.7084999999999999 49.187817000000003
1094   2.406644 4.2578319999999996 47.140438000000003
1095   -0.61629199999999995 2.808554 49.397216999999998
1096   -0.45723599999999998 2.7482150000000001 49.473644
1097   1.9080349999999999 -4.2685880000000003 42.697814999999999
1098   1.393832 -4.2159399999999998 43.001995000000001
1099   1.444909 -4.199668 42.016182000000001
1100   3.0728420000000001 2.806524 40.650486000000001
1101   3.1712669999999998 2.7181519999999999 40.520302000000001
1102   1.081599 -3.8139720000000001 45.049613999999998
1103   1.285682 -4.0044740000000001 44.711593999999998
1104   1.135348 -4.0178240000000001 44.260029000000003
1105   -0.496776 3.4231410000000002 46.009216000000002
1106   -0.84313300000000002 3.2829459999999999 45.758308
1107   1.907843 -1.53546 50.320419000000001
1108   1.6570560000000001 -1.6308180000000001 50.187511000000001
1109   1.780016 -1.682768 50.022469000000001
1110   3.468731 4.2892469999999996 50.602215000000001
1111   3.2166709999999998 4.023962 50.694808999999999
1112   7.6756399999999996 -4.1709189999999996 42.021678999999999
1113   7.934869 -4.245317 41.827404000000001
1114   7.3786750000000003 -4.1296249999999999 42.156036
1115   7.4818829999999998 -4.4440150000000003 41.805363
1116   7.4159129999999998 -4.2809549999999996 41.993682999999997
1117   7.226928 -4.7546220000000003 41.490780000000001
1118   7.594875 -4.56236 41.542319999999997
1119   7.3100250000000004 -4.6486859999999997 41.653247999999998
1120   7.7306619999999997 -4.5528279999999999 41.386177000000004
1121   7.8295519999999996 -4.4185420000000004 41.665291000000003
1122   3.1707200000000002 0.072349999999999998 50.554473999999999
1123   3.8398150000000002 0.43675999999999998 49.736839000000003
1124   1.8285450000000001 3.62581 44.520943000000003
1125   1.8964760000000001 3.4905360000000001 44.074241999999998
1126   7.0514299999999999 -4.3349310000000001 41.994450000000001
1127   8.512124 -4.0571270000000004 41.063930999999997
1128   8.3744209999999999 -4.196733 41.177097000000003
1129   8.6441949999999999 -3.9041130000000002 41.048369999999998
1130   8.5443700000000007 -3.9074770000000001 41.290230000000001
1131   4.1721399999999997 0.99682800000000005 49.562182999999997
1132   3.9112200000000001 1.0430410000000001 50.038254000000002
1133   3.7010580000000002 1.228486 50.473613999999998
1134   3.6192350000000002 0.85307900000000003 50.395977000000002
1135   4.2191099999999997 1.7557849999999999 49.835129000000002
1136   4.3384489999999998 1.868052 49.459721000000002
1137   4.2719550000000002 1.936113 49.853465999999997
1138   3.175408 -4.6997720000000003 41.441943999999999
1139   -1.509911 2.870514 47.872653999999997
1140   -1.324187 2.7856350000000001 47.106358
1141   -1.4574830000000001 2.7252360000000002 47.368507000000001
1142   -1.3777619999999999 2.6792449999999999 47.116630999999998
1143   -1.5349820000000001 2.6798769999999998 46.415267999999998
1144   -1.4123950000000001 2.6822680000000001 46.603805999999999
1145   -1.397024 2.873129 46.395851
1146   -1.3295650000000001 2.7693020000000002 46.750976999999999
1147   -1.1738090000000001 3.0325090000000001 46.435993000000003
1148   -1.4046069999999999 2.5696279999999998 46.855514999999997
1149   0.31451099999999999 -3.6707990000000001 40.302684999999997
1150   4.1345559999999999 4.3066380000000004 50.673752
1151   3.0403669999999998 4.1401029999999999 47.511074000000001
1152   2.3373499999999998 -3.857313 46.512512000000001
1153   1.3873439999999999 -3.411403 46.809555000000003
1154   1.57365 -3.6131950000000002 46.682673999999999
1155   1.0312060000000001 -3.2135549999999999 46.665638000000001
1156   2.9719739999999999 -4.6521549999999996 40.751804
1157   2.792303 -4.6407280000000002 40.978324999999998
1158   2.4847990000000002 -4.5045000000000002 40.816352999999999
1159   7.3401940000000003 -4.6797339999999998 40.218021
1160   5.1360939999999999 -4.7903950000000002 39.976776000000001
1161   1.5270550000000001 -3.304481 47.220286999999999
1162   2.9156599999999999 -2.877548 47.917461000000003
1163   1.691095 3.057013 42.046844
1164   1.648101 2.9133659999999999 41.647326999999997
1165   2.0251199999999998 2.8918849999999998 41.441302999999998
1166   1.841045 2.873281 41.432701000000002
1167   4.9230830000000001 3.8920870000000001 49.518470999999998
1168   4.8757390000000003 3.9943939999999998 49.469169999999998
1169   4.7877210000000003 3.9203199999999998 49.361553000000001
1170   1.484216 3.2097410000000002 48.772658999999997
1171   0.90849000000000002 -3.8414830000000002 44.537410999999999
1172   -0.24076900000000001 1.93066 50.911757999999999
1173   -0.25874200000000003 2.0151309999999998 50.690818999999998
1174   -0.35893900000000001 1.9288099999999999 50.841453999999999
1175   -2.552327 2.0250219999999999 49.388302000000003
1176   -2.6276329999999999 2.1284239999999999 49.280822999999998
1177   -2.548924 2.096079 49.102234000000003
1178   -2.5864029999999998 2.2459730000000002 49.194439000000003
1179   -2.456521 2.2412019999999999 48.943344000000003
1180   -2.5269740000000001 2.4017940000000002 49.359153999999997
1181   -2.3791039999999999 2.4325570000000001 49.243411999999999
1182   -2.4910649999999999 2.3846240000000001 49.128292000000002
1183   -2.2313459999999998 2.2590759999999999 48.785091000000001
1184   -2.3006600000000001 2.0958709999999998 48.717129
1185   -2.4062410000000001 2.053347 48.872017
1186   -2.411127 1.9230039999999999 48.933422
1187   -2.350136 1.7770220000000001 48.980331
1188   -2.0753349999999999 1.353613 49.593479000000002
1189   -2.186134 1.4998880000000001 49.274239000000001
1190   -2.2422249999999999 1.658018 49.255637999999998
1191   8.7550150000000002 -3.8919679999999999 40.228458000000003
1192   4.1619140000000003 3.4159120000000001 47.603115000000003
1193   3.9934889999999998 3.6096240000000002 47.453311999999997
1194   0.20282 2.4020139999999999 41.676205000000003
1195   0.111494 2.2630970000000001 41.416840000000001
1196   -0.023980000000000001 2.3245610000000001 41.684238000000001
1197   0.33782800000000002 -1.4921739999999999 50.282257000000001
1198   0.10525900000000001 -1.313858 50.497990000000001
1199   -0.068089999999999998 -1.29406 49.965674999999997
1200   0.58269800000000005 -1.281247 50.753174000000001
1201   0.93522000000000005 -1.1812149999999999 50.824069999999999
1202   0.65743799999999997 -1.0626420000000001 50.934691999999998
1203   0.30487300000000001 -1.175737 50.854813
1204   0.35537400000000002 -1.3661270000000001 50.632637000000003
1205   0.23245299999999999 -1.5466089999999999 49.763767000000001
1206   0.56465600000000005 -1.6224670000000001 50.151435999999997
1207   -2.0628350000000002 1.3098860000000001 50.030639999999998
1208   -1.108012 -0.15388299999999999 50.463329000000002
1209   2.0375589999999999 3.4444569999999999 43.968890999999999
1210   1.8354950000000001 3.05016 50.277946
1211   2.6333489999999999 -4.4511560000000001 43.518318000000001
1212   3.9990000000000001 -4.5566709999999997 43.896155999999998
1213   2.4204829999999999 -4.3282369999999997 43.965591000000003
1214   2.3440590000000001 -2.9383339999999998 48.051490999999999
1215   4.7822449999999996 -3.8243 45.119906999999998
1216   -1.2332620000000001 2.2332230000000002 51.049961000000003
1217   -1.1115820000000001 2.1531799999999999 50.944836000000002
1218   -1.3695489999999999 2.285517 50.839416999999997
1219   -2.0243630000000001 1.13442 50.935043
1220   -2.0833460000000001 0.85461200000000004 50.710639999999998
1221   -1.9711829999999999 0.89182499999999998 50.984206999999998
1222   -0.18066699999999999 2.1733259999999999 41.435901999999999
1223   -0.238263 2.2146710000000001 41.753010000000003
1224   4.4236789999999999 2.7897850000000002 50.488892
1225   4.2991549999999998 2.8266619999999998 50.556362
1226   1.8189979999999999 3.029468 50.178825000000003
1227   2.4624350000000002 4.0470600000000001 47.949759999999998
1228   2.51301 3.9144070000000002 48.045093999999999
1229   2.6810580000000002 3.9796529999999999 47.931418999999998
1230   2.8799220000000001 3.9740509999999998 47.782069999999997
1231   2.6856369999999998 4.0988329999999999 47.782646
1232   3.4901930000000001 4.8846660000000002 50.123382999999997
1233   4.2969369999999998 2.3326509999999998 48.777611
1234   4.5432249999999996 2.218839 48.252602000000003
1235   4.5017589999999998 1.9844219999999999 48.563659999999999
1236   4.407273 2.1898170000000001 48.703601999999997
1237   4.5232419999999998 2.5416690000000002 48.971103999999997
1238   3.897564 -4.8147669999999998 41.736350999999999
1239   1.2602960000000001 -1.173594 50.917541999999997
1240   6.2227810000000003 2.9587490000000001 39.985207000000003
1241   6.0988499999999997 3.0513659999999998 39.868492000000003
1242   5.908919 3.0597780000000001 39.988109999999999
1243   6.3741219999999998 2.936159 39.763359000000001
1244   -2.1197520000000001 1.078106 50.272185999999998
1245   -2.3085819999999999 2.4206099999999999 49.473498999999997
1246   -0.21208199999999999 1.7502139999999999 51.050567999999998
1247   8.5538699999999999 -3.7153659999999999 41.518436000000001
1248   8.6134939999999993 -3.4683069999999998 41.651111999999998
1249   3.366403 4.7583880000000001 49.271172
1250   3.8218369999999999 4.748767 50.473422999999997
1251   5.2202250000000001 3.1527400000000001 39.509856999999997
1252   5.2615920000000003 3.2724220000000002 39.595322000000003
1253   5.537903 3.2672479999999999 39.687572000000003
1254   5.3054259999999998 3.2953549999999998 39.732616
1255   5.4963449999999998 3.2656019999999999 39.828110000000002
1256   5.4808399999999997 3.2000479999999998 39.529601999999997
1257   2.7782110000000002 -4.4074030000000004 40.260711999999998
1258   1.5172319999999999 2.9259849999999998 51.111488000000001
1259   1.2771410000000001 3.1392859999999998 50.811149999999998
1260   1.3620719999999999 3.131392 50.980468999999999
1261   1.4607079999999999 3.0788129999999998 50.502749999999999
1262   1.3570249999999999 3.024451 50.556930999999999
1263   1.367629 3.1056409999999999 50.623905000000001
1264   1.265496 3.000013 50.676712000000002
1265   1.236761 3.0153690000000002 50.951678999999999
1266   1.2866139999999999 2.9455979999999999 51.045943999999999
1267   1.1748879999999999 2.8780700000000001 50.845646000000002
1268   1.180277 2.8586930000000002 50.981738999999997
1269   8.5618169999999996 1.63493 39.764415999999997
1270   8.3409589999999998 1.9216249999999999 39.907294999999998
1271   8.6213429999999995 1.668358 40.036724
1272   -0.012716999999999999 1.9362330000000001 40.797919999999998
1273   -0.25580599999999998 1.899583 40.768593000000003
1274   6.5313299999999996 2.8218800000000002 39.586525000000002
1275   6.6871809999999998 2.6929690000000002 39.549357999999998
1276   6.5213279999999996 2.68798 39.505671999999997
1277   0.66805700000000001 -4.1635869999999997 42.507015000000003
1278   -1.2004570000000001 3.0320990000000001 48.90934
1279   -1.082149 3.1858140000000001 48.991379000000002
1280   -1.1202399999999999 3.1878980000000001 48.731434
1281   -0.92069599999999996 3.339143 48.990603999999998
1282   -1.0343150000000001 3.2926929999999999 48.844298999999999
1283   -1.1120540000000001 3.0271379999999999 49.066443999999997
1284   -0.72923499999999997 3.3392840000000001 49.082279
1285   7.5210189999999999 -4.4968789999999998 39.378700000000002
1286   8.4052070000000008 1.489851 39.510379999999998
1287   8.3819040000000005 1.692812 39.634636
1288   8.5265909999999998 1.4924919999999999 39.564743
1289   2.6810299999999998 4.2721520000000002 49.533569
1290   4.6756260000000003 2.1243470000000002 48.092564000000003
1291   4.8501139999999996 2.0463819999999999 47.834285999999999
1292   2.9435129999999998 4.42103 49.261082000000002
1293   3.0400900000000002 4.5360110000000002 49.314509999999999
1294   3.5511300000000001 4.8186580000000001 49.290942999999999
1295   4.7459379999999998 3.031901 50.408923999999999
1296   4.4940329999999999 3.0102129999999998 50.578789
1297   4.6512029999999998 2.962278 50.460911000000003
1298   2.8578049999999999 4.3530980000000001 49.242004000000001
1299   2.7090260000000002 4.2666789999999999 49.352142000000001
1300   0.86402000000000001 -4.1734049999999998 43.178249000000001
1301   -1.9305570000000001 2.2669199999999998 48.427230999999999
1302   8.5357590000000005 1.0845670000000001 39.494007000000003
1303   8.2156939999999992 1.616852 39.514557000000003
1304   8.2741480000000003 1.6837340000000001 39.539893999999997
1305   2.3876949999999999 3.8362289999999999 49.491112000000001
1306   2.5446279999999999 3.9320819999999999 49.320148000000003
1307   4.3053299999999997 3.1017450000000002 48.651508
1308   4.2276490000000004 3.1672940000000001 48.776530999999999
1309   4.3708020000000003 3.0035609999999999 48.608265000000003
1310   4.0259510000000001 3.1968670000000001 48.739029000000002
1311   0.563473 -4.0643349999999998 43.048324999999998
1312   -1.6211979999999999 0.83035899999999996 51.171047000000002
1313   -1.870932 1.0299309999999999 51.114955999999999
1314   -1.827909 0.89444400000000002 51.123463000000001
1315   -1.9373450000000001 0.68967199999999995 50.901919999999997
1316   -2.0575480000000002 0.84216599999999997 50.171619
1317   -1.6892199999999999 2.5795789999999998 48.338935999999997
1318   -2.1896849999999999 2.411435 49.225493999999998
1319   2.2052939999999999 -4.3183809999999996 43.367058
1320   2.2880470000000002 -4.3187389999999999 43.636417000000002
1321   2.3601009999999998 -4.411664 43.160907999999999
1322   2.1368070000000001 -4.33256 43.037579000000001
1323   1.907913 -4.2482769999999999 43.159663999999999
1324   2.2902450000000001 -4.419924 42.796985999999997
1325   7.7452930000000002 -4.2852680000000003 38.999107000000002
1326   7.6824630000000003 -4.391038 39.279957000000003
1327   3.6135579999999998 3.6128969999999998 48.913314999999997
1328   3.899581 3.391537 48.883384999999997
1329   0.60221899999999995 -4.1769040000000004 41.680202000000001
1330   -2.3206509999999998 2.3934479999999998 49.033740999999999
1331   -2.1225610000000001 2.3575249999999999 48.970737
1332   -1.9531849999999999 2.4138869999999999 49.187798000000001
1333   -1.8974009999999999 2.35277 48.876731999999997
1334   0.319577 2.1409630000000002 41.159393000000001
1335   0.36640600000000001 2.0228109999999999 40.976787999999999
1336   1.85545 2.3891179999999999 40.503039999999999
1337   1.7484569999999999 2.465103 40.635947999999999
1338   1.664671 4.0767429999999996 47.357188999999998
1339   1.2769060000000001 3.7289970000000001 47.751328000000001
1340   1.496637 3.843477 47.758968000000003
1341   1.3399350000000001 3.823439 47.591621000000004
1342   1.5284310000000001 3.9335420000000001 47.608269
1343   -0.106168 3.1240830000000002 43.366833
1344   -0.73079700000000003 2.8413249999999999 43.498100000000001
1345   -0.614425 3.032502 43.628188999999999
1346   4.4864629999999996 2.4124669999999999 48.993957999999999
1347   4.3683560000000003 2.2962479999999998 48.950091999999998
1348   4.5854889999999999 2.5359759999999998 49.081637999999998
1349   4.593445 2.4313250000000002 49.211753999999999
1350   4.5239700000000003 2.3628100000000001 49.097923000000002
1351   3.7566630000000001 4.9009280000000004 49.322380000000003
1352   4.0288329999999997 4.8320980000000002 49.262695000000001
1353   3.9959370000000001 5.003895 49.348503000000001
1354   2.9524680000000001 0.42898199999999997 51.081940000000003
1355   3.1207129999999998 0.59414400000000001 50.969887
1356   0.37813200000000002 -3.93492 43.212826
1357   0.094622999999999999 -3.8148170000000001 43.075802000000003
1358   0.29812899999999998 -3.9809019999999999 42.805827999999998
1359   4.2368499999999996 3.3963239999999999 49.029411000000003
1360   9.4986200000000007 -1.731892 39.127960000000002
1361   9.4401519999999994 -2.0532729999999999 39.097889000000002
1362   -1.8982220000000001 2.470272 51.027138000000001
1363   -1.8506959999999999 2.5118149999999999 50.864773
1364   -1.6110120000000001 2.115081 51.173366999999999
1365   -1.900183 2.312846 51.154102000000002
1366   -2.1684549999999998 2.1358459999999999 51.169426000000001
1367   -2.069169 2.4111150000000001 51.100422000000002
1368   -2.2306249999999999 2.3005110000000002 51.086483000000001
1369   -2.212955 2.4483160000000002 50.975265999999998
1370   1.498964 3.7394560000000001 47.943069000000001
1371   0.050495999999999999 -3.8704160000000001 40.711005999999998
1372   -0.14268600000000001 -3.692164 40.559573999999998
1373   0.084847000000000006 -3.722502 40.465107000000003
1374   -0.188163 -3.5374189999999999 40.44379
1375   0.29471799999999998 -4.0078040000000001 40.724400000000003
1376   0.36481200000000003 -4.0742010000000004 41.024109000000003
1377   0.45649400000000001 -4.0655419999999998 40.762301999999998
1378   1.0100789999999999 -4.2232149999999997 41.239288000000002
1379   1.5472729999999999 2.6092979999999999 40.944457999999997
1380   1.486159 2.7433510000000001 41.274227000000003
1381   1.6984109999999999 2.7592819999999998 41.188675000000003
1382   -1.1357569999999999 3.2820279999999999 44.094948000000002
1383   -1.307734 2.897859 48.846169000000003
1384   -1.268214 3.017385 48.636741999999998
1385   -2.0671729999999999 1.4217599999999999 50.875701999999997
1386   -2.1211009999999999 1.3289310000000001 50.573666000000003
1387   1.9681919999999999 -4.3423360000000004 41.667889000000002
1388   1.720675 -4.342956 41.172020000000003
1389   1.750092 -4.1023440000000004 40.169871999999998
1390   1.955279 -4.0393319999999999 40.037899000000003
1391   1.9755940000000001 -4.212599 40.278830999999997
1392   2.3668640000000001 -4.3310469999999999 40.431190000000001
1393   2.2475230000000002 -4.1466120000000002 40.073841000000002
1394   4.6280510000000001 4.0640939999999999 49.160724999999999
1395   4.656199 3.946075 49.247718999999996
1396   4.5675809999999997 3.9390999999999998 49.138728999999998
1397   -1.191198 2.9232969999999998 49.036785000000002
1398   3.040346 0.90921399999999997 39.406582
1399   1.5125230000000001 0.768729 39.921261000000001
1400   1.116341 0.91522199999999998 40.062224999999998
1401   1.3565400000000001 0.95813300000000001 39.985596000000001
1402   1.2283729999999999 0.73333199999999998 40.010089999999998
1403   4.1785249999999996 3.1750929999999999 48.616222
1404   2.6291190000000002 0.64693999999999996 39.497802999999998
1405   2.5260319999999998 0.47586200000000001 39.563884999999999
1406   2.341342 0.66974999999999996 39.601832999999999
1407   2.2727870000000001 0.48030899999999999 39.658588000000002
1408   2.0215610000000002 0.72818099999999997 39.740527999999998
1409   2.8484099999999999 4.1159059999999998 47.653454000000004
1410   9.3905089999999998 -0.190557 39.479694000000002
1411   9.3051729999999999 0.072276999999999994 39.511082000000002
1412   9.4351199999999995 -0.089333999999999997 39.574741000000003
1413   9.39879 0.069802000000000003 39.627856999999999
1414   -1.4698070000000001 0.17633199999999999 51.050114000000001
1415   -1.5809759999999999 0.138181 50.822479000000001
1416   -1.392585 0.016086 50.786715999999998
1417   -1.731565 0.31286700000000001 50.886879
1418   -1.6590290000000001 0.36438399999999999 51.049518999999997
1419   -1.5034860000000001 0.48144900000000002 51.164161999999997
1420   -1.3166960000000001 0.36460500000000001 51.153827999999997
1421   -0.31522600000000001 -3.6062370000000001 40.567677000000003
1422   -0.116588 -3.8569429999999998 40.986164000000002
1423   -0.0052040000000000003 -3.9743979999999999 41.394374999999997
1424   -0.44228600000000001 -3.6389360000000002 40.917217000000001
1425   -0.50797300000000001 -3.6092780000000002 41.406582
1426   -0.78068499999999996 -3.291671 40.833427
1427   -0.55831600000000003 -3.4814880000000001 40.704642999999997
1428   -0.44025999999999998 -3.4590339999999999 40.554896999999997
1429   -0.42867699999999997 -3.6037520000000001 40.675331
1430   -0.621278 -3.3272309999999998 40.623626999999999
1431   -0.76885400000000004 -3.0919539999999999 40.644032000000003
1432   2.7000069999999998 3.3921960000000002 51.120434000000003
1433   2.4724119999999998 3.4388390000000002 51.056182999999997
1434   2.1082190000000001 -4.4220470000000001 40.903595000000003
1435   2.0543490000000002 -4.4189230000000004 41.398829999999997
1436   2.221352 -4.402558 40.694983999999998
1437   8.7500900000000001 1.4109309999999999 39.742710000000002
1438   8.8369750000000007 1.3908739999999999 39.987513999999997
1439   0.87748499999999996 1.149961 40.169936999999997
1440   0.684284 0.97537499999999999 40.205596999999997
1441   0.67230400000000001 1.331906 40.287875999999997
1442   0.115171 1.2168870000000001 40.391849999999998
1443   1.036762 1.162633 40.118614000000001
1444   1.5248729999999999 4.0008590000000002 47.382046000000003
1445   0.041132000000000002 3.3360829999999999 49.160736
1446   0.18757199999999999 3.3938640000000002 49.066616000000003
1447   2.457389 3.7899189999999998 49.311382000000002
1448   2.4251170000000002 3.7047249999999998 49.274943999999998
1449   2.3018990000000001 3.6584469999999998 49.372284000000001
1450   -0.95040199999999997 -0.34225100000000003 50.141280999999999
1451   -0.15115300000000001 3.394323 49.121239000000003
1452   -0.41846699999999998 3.1174840000000001 49.263885000000002
1453   -1.4295359999999999 2.28179 51.075164999999998
1454   -1.1613070000000001 2.1014719999999998 51.131298000000001
1455   9.5098559999999992 -0.24573900000000001 39.596333000000001
1456   9.5238320000000005 -0.39893899999999999 39.536082999999998
1457   9.5583179999999999 -0.57029399999999997 39.50544
1458   -0.71015899999999998 1.744891 51.187835999999997
1459   -0.961538 2.023015 51.056759
1460   -0.88683000000000001 2.044988 50.940871999999999
1461   4.6421979999999996 0.42571999999999999 39.324703
1462   5.0626090000000001 0.26022099999999998 39.301147
1463   2.249425 4.0880989999999997 47.835242999999998
1464   7.6063270000000003 2.334015 39.567481999999998
1465   7.8021390000000004 2.2539579999999999 39.593612999999998
1466   7.7372269999999999 2.0737719999999999 39.513821
1467   7.9280749999999998 2.076006 39.575274999999998
1468   8.1431710000000006 1.8852880000000001 39.613444999999999
1469   7.9878580000000001 1.8699939999999999 39.521667000000001
1470   8.0071530000000006 2.1975639999999999 39.815883999999997
1471   7.7613180000000002 2.3528280000000001 39.787731000000001
1472   7.8628520000000002 2.3426879999999999 40.073303000000003
1473   -0.80513800000000002 -0.42954599999999998 50.385441
1474   2.1646640000000001 3.4948000000000001 49.524025000000002
1475   0.53021200000000002 1.5182500000000001 40.437046000000002
1476   -1.1949559999999999 -0.070860000000000006 50.941124000000002
1477   -1.3425039999999999 0.039461000000000003 51.015082999999997
1478   -1.154971 0.15317 51.102592000000001
1479   9.2911110000000008 0.21896599999999999 39.565368999999997
1480   9.1067300000000007 0.45027600000000001 39.552010000000003
1481   9.3214000000000006 0.26961499999999999 39.656917999999997
1482   9.2623999999999995 0.40446700000000002 39.668014999999997
1483   4.75969 3.8004570000000002 49.342120999999999
1484   4.7210669999999997 3.6797780000000002 49.323307
1485   9.2349540000000001 0.51281699999999997 39.715611000000003
1486   0.175264 1.8004690000000001 40.660805000000003
1487   0.0085780000000000006 1.8086390000000001 40.664574000000002
1488   0.144848 1.631891 40.534531000000001
1489   -0.27007100000000001 1.5800129999999999 40.518310999999997
1490   0.30589300000000003 1.7687649999999999 40.647274000000003
1491   6.6928470000000004 2.8176000000000001 39.704040999999997
1492   0.103482 -1.201862 50.746505999999997
1493   -0.070192000000000004 -1.1439410000000001 50.617603000000003
1494   0.068762000000000004 -1.0222119999999999 50.933459999999997
1495   0.14024900000000001 -0.81778600000000001 51.077517999999998
1496   -0.036181999999999999 -0.82615000000000005 51.064979999999998
1497   2.727271 -4.4829949999999998 40.492218000000001
1498   8.1390890000000002 2.1405509999999999 40.083247999999998
1499   1.5676429999999999 -4.2870229999999996 40.692141999999997
1500   0.34942499999999999 1.5770219999999999 40.506359000000003
1501   3.4172060000000002 0.120112 39.428359999999998
1502   2.8475570000000001 0.39125199999999999 39.489238999999998
1503   -1.6056699999999999 2.2485599999999999 51.120460999999999
1504   -1.7457849999999999 2.3693430000000002 51.085490999999998
1505   -1.625092 2.3574760000000001 50.982402999999998
1506   -1.613666 2.3836569999999999 50.743031000000002
1507   6.8225689999999997 2.7258 39.586765
1508   0.085999999999999993 2.5037210000000001 42.046028
1509   2.5666899999999999 -4.2789820000000001 40.146183000000001
1510   1.719122 3.258626 48.661757999999999
1511   1.9374119999999999 -4.3368729999999998 40.646675000000002
1512   2.8083 1.2909740000000001 51.154682000000001
1513   3.6649050000000001 2.5538280000000002 40.090564999999998
1514   3.6250710000000002 2.3827180000000001 39.878371999999999
1515   -0.63057300000000005 1.8792530000000001 51.009197
1516   3.999609 -4.8140270000000003 40.843162999999997
1517   4.7665699999999998 -4.8446790000000002 40.307887999999998
1518   5.4324510000000004 -5.0075690000000002 41.328701000000002
1519   5.8668800000000001 -5.038049 41.167496
1520   4.6396319999999998 -4.9023859999999999 40.737144000000001
1521   4.2055509999999998 -4.8613150000000003 41.090927000000001
1522   4.918666 -4.9419899999999997 41.040413000000001
1523   4.5151029999999999 -4.889678 41.101951999999997
1524   4.8289460000000002 -4.93161 40.857985999999997
1525   4.189578 -4.8477569999999996 41.667236000000003
1526   4.5372659999999998 -4.881316 41.431655999999997
1527   4.1257380000000001 -4.8571059999999999 41.409748
1528   3.9123969999999999 -4.834282 41.229984000000002
1529   4.2648210000000004 -4.656771 43.428595999999999
1530   4.4473240000000001 -4.5673450000000004 43.667071999999997
1531   4.7092710000000002 -4.6918800000000003 43.058056000000001
1532   5.0048409999999999 -3.9752679999999998 44.59066
1533   5.1329070000000003 -4.132307 44.135269000000001
1534   5.5703040000000001 -3.9521630000000001 44.227733999999998
1535   4.7039020000000002 -4.1623580000000002 44.425465000000003
1536   4.6649529999999997 -4.3729570000000004 43.945521999999997
1537   4.062754 -4.4187479999999999 44.255398
1538   3.7007530000000002 -4.4598279999999999 44.273769000000001
1539   5.0241889999999998 -4.9495480000000001 41.336024999999999
1540   5.2880310000000001 -4.943791 40.579914000000002
1541   2.4657930000000001 0.82723899999999995 39.545433000000003
1542   5.2878150000000002 -4.8538180000000004 40.169086
1543   4.9949219999999999 -4.9070999999999998 40.429375
1544   4.8356219999999999 -4.7659770000000004 39.986449999999998
1545   5.4365839999999999 -5.0007359999999998 40.977257000000002
1546   5.655659 -4.9843460000000004 40.683041000000003
1547   7.3859139999999996 2.423664 39.584206000000002
1548   7.4738410000000002 2.2470159999999999 39.506058000000003
1549   7.2456360000000002 2.3571240000000002 39.513694999999998
1550   -1.770753 2.4204759999999998 50.528751
1551   5.4772179999999997 -4.0844649999999998 43.952182999999998
1552   4.4575839999999998 4.0043009999999999 49.090316999999999
1553   4.5507 3.660828 49.208621999999998
1554   7.0004549999999997 2.7204579999999998 39.775767999999999
1555   6.9783689999999998 2.6118410000000001 39.566509000000003
1556   7.0010770000000004 2.475117 39.514640999999997
1557   6.8427490000000004 2.599072 39.533718
1558   4.3875739999999999 4.3833200000000003 50.585490999999998
1559   2.7151269999999998 3.5330729999999999 51.032639000000003
1560   4.7559459999999998 1.8961030000000001 48.216805000000001
1561   4.6719869999999997 2.6043280000000002 49.224297
1562   4.3969490000000002 2.1958009999999999 48.903744000000003
1563   4.0549850000000003 4.7504549999999997 50.469704
1564   4.0059930000000001 0.123998 49.338448
1565   4.7222590000000002 2.6574749999999998 49.357903
1566   4.6600479999999997 2.517636 49.326801000000003
1567   4.6121990000000004 -3.4325999999999999 45.984420999999998
1568   4.3972579999999999 2.2473610000000002 49.031658
1569   4.3807580000000002 2.1081720000000002 49.123741000000003
1570   4.4117480000000002 1.999309 49.120628000000004
1571   4.4375349999999996 1.8831640000000001 48.993954000000002
1572   4.1217439999999996 2.620517 39.483196
1573   4.1345660000000004 2.7469709999999998 39.571483999999998
1574   3.6139920000000001 -1.1692419999999999 48.922156999999999
1575   3.142846 -1.4393590000000001 48.999512000000003
1576   3.3300890000000001 -1.781603 48.657699999999998
1577   3.0311949999999999 -1.2265269999999999 49.229588
1578   3.3992589999999998 -0.97189700000000001 49.180076999999997
1579   3.8941460000000001 -1.378069 48.659976999999998
1580   4.0464789999999997 -0.835781 48.833911999999998
1581   4.8312980000000003 0.0010870000000000001 48.523868999999998
1582   4.9860360000000004 0.64476500000000003 48.444321000000002
1583   4.4274310000000003 0.45938299999999999 49.021583999999997
1584   4.6454389999999997 0.94845699999999999 48.877907
1585   4.325564 -0.24687600000000001 48.868251999999998
1586   4.6517799999999996 -0.39896199999999998 48.574528000000001
1587   4.8214579999999998 1.1361000000000001 48.621341999999999
1588   4.6007160000000002 1.5094510000000001 48.836539999999999
1589   4.5253129999999997 1.2384729999999999 49.050246999999999
1590   3.8914970000000002 4.5701400000000003 50.613323000000001
1591   4.26518 4.7479820000000004 50.363506000000001
1592   4.5091780000000004 4.6355779999999998 50.138359000000001
1593   4.1613439999999997 4.6190319999999998 50.561568999999999
1594   4.4301300000000001 2.1329669999999998 48.948982000000001
1595   4.4626710000000003 2.0249799999999998 48.883572000000001
1596   4.395187 1.3547560000000001 49.270473000000003
1597   4.5198039999999997 1.758192 48.864657999999999
1598   4.3786430000000003 1.032335 49.263694999999998
1599   4.1616479999999996 0.607012 49.398502000000001
1600   3.2175660000000001 -0.82018899999999995 49.447189000000002
1601   3.548273 -0.61492500000000005 49.323996999999999
1602   3.700199 -0.75068800000000002 49.109229999999997
1603   3.8487719999999999 -0.39595999999999998 49.205768999999997
1604   4.4947499999999998 -0.737595 48.590274999999998
1605   9.4571009999999998 -2.4770759999999998 39.352424999999997
1606   9.5457300000000007 -2.4203269999999999 39.715153000000001
1607   9.3956660000000003 -2.7192370000000001 39.477730000000001
1608   9.4787029999999994 -2.7386080000000002 39.854435000000002
1609   9.5842860000000005 -2.5796809999999999 40.169002999999996
1610   3.9861930000000001 2.6800899999999999 39.923115000000003
1611   3.8194279999999998 2.4825179999999998 39.770587999999996
1612   3.7980870000000002 2.5146929999999998 39.914444000000003
1613   9.4853310000000004 -0.91443700000000006 39.305332
1614   9.4460259999999998 -1.243938 39.151015999999998
1615   9.4077269999999995 -1.100155 39.187655999999997
1616   8.9850200000000005 -3.5886659999999999 39.194775
1617   4.7586510000000004 2.7679339999999999 49.390918999999997
1618   4.4101600000000003 3.0590310000000001 47.655315000000002
1619   4.4842300000000002 2.8650679999999999 47.675182
1620   4.5402430000000003 2.710197 47.654625000000003
1621   3.410749 2.6756470000000001 40.381107
1622   3.9031020000000001 2.5850390000000001 39.777382000000003
1623   3.9332029999999998 2.4885809999999999 39.526947
1624   3.8311999999999999 2.3965350000000001 39.566279999999999
1625   3.9176359999999999 2.5619000000000001 39.655670000000001
1626   3.7174909999999999 2.3229129999999998 39.693550000000002
1627   3.6243620000000001 2.2771180000000002 39.735477000000003
1628   2.8512970000000002 -0.38042100000000001 50.785488000000001
1629   2.976826 -0.20530899999999999 50.821426000000002
1630   3.3919190000000001 2.4476059999999999 40.123809999999999
1631   3.5459499999999999 2.612749 40.240561999999997
1632   9.1144590000000001 -3.3864779999999999 39.198708000000003
1633   9.0902349999999998 -3.33528 39.104022999999998
1634   9.2004800000000007 -3.1932680000000002 39.224018000000001
1635   9.0731420000000007 -3.2387959999999998 39.039935999999997
1636   9.2994830000000004 -2.934949 39.305950000000003
1637   9.1662759999999999 -0.039696000000000002 39.421230000000001
1638   0.31244 -3.7747380000000001 43.600856999999998
1639   -1.5299020000000001 2.324138 50.513866
1640   3.65279 2.0576479999999999 39.513474000000002
1641   3.6466460000000001 2.1765840000000001 39.60416
1642   3.7017679999999999 2.1554639999999998 39.540680000000002
1643   4.079021 2.4144749999999999 39.439444999999999
1644   3.8539159999999999 2.275779 39.468735000000002
1645   4.0313530000000002 2.593143 39.509140000000002
1646   4.1143409999999996 2.7846090000000001 39.789597000000001
1647   4.0053099999999997 2.640854 39.603039000000003
1648   2.652968 -0.58696000000000004 50.891486999999998
1649   2.679278 -0.70518099999999995 50.659832000000002
1650   4.2677649999999998 1.4820869999999999 49.600459999999998
1651   7.5186270000000004 2.4759950000000002 39.858882999999999
1652   7.2955819999999996 2.5814840000000001 39.721888999999997
1653   -0.46183800000000003 1.6975739999999999 51.092125000000003
1654   3.7701150000000001 2.2051340000000001 39.506144999999997
1655   4.672148 1.7247699999999999 48.562714
1656   3.6452909999999998 2.7635700000000001 40.371605000000002
1657   -0.68695399999999995 3.1029640000000001 43.749465999999998
1658   -0.62051199999999995 3.3032349999999999 44.022025999999997
1659   -0.97240099999999996 3.1511040000000001 43.890132999999999
1660   -0.89017299999999999 3.0401220000000002 43.752941
1661   -0.85668699999999998 2.898838 43.610351999999999
1662   -1.2086460000000001 2.8603320000000001 46.766651000000003
1663   -1.431689 3.466939 44.483452
1664   -1.320136 3.3843350000000001 44.259174000000002
1665   -1.115119 3.4355509999999998 44.354590999999999
1666   -1.2533859999999999 3.51153 44.644252999999999
1667   -1.529604 2.8001550000000002 48.255470000000003
1668   -1.5109779999999999 2.7617479999999999 48.456874999999997
1669   -1.3774979999999999 2.9475120000000001 48.280315000000002
1670   -1.0867610000000001 3.16526 46.144485000000003
1671   -0.92685600000000001 3.1555360000000001 46.260489999999997
1672   -0.91131099999999998 3.2112759999999998 46.053252999999998
1673   -0.80113199999999996 3.1464409999999998 46.346916
1674   -0.86604599999999998 3.4289429999999999 45.438437999999998
1675   -1.393491 2.8002910000000001 48.760983000000003
1676   -0.54739300000000002 3.426485 44.163857
1677   -0.66718599999999995 3.4706540000000001 44.351936000000002
1678   -0.93740400000000002 3.28451 44.051642999999999
1679   -0.96479899999999996 3.5006840000000001 45.102145999999998
1680   -0.92268799999999995 3.5224769999999999 44.803303
1681   -1.0856980000000001 3.5304530000000001 44.648834000000001
1682   -1.148916 3.4753850000000002 45.312027
1683   -0.93037599999999998 3.0547080000000002 46.491714000000002
1684   -0.70421599999999995 3.1212900000000001 46.586666000000001
1685   -0.79654599999999998 3.0784259999999999 46.551952
1686   -0.71400699999999995 3.0657839999999998 47.069915999999999
1687   -0.91794200000000004 2.9707729999999999 47.269179999999999
1688   -0.783447 3.050824 47.340401
1689   -0.90283899999999995 3.1177649999999999 47.672443000000001
1690   -0.68484999999999996 3.1567799999999999 47.313583000000001
1691   -1.1227290000000001 3.0117940000000001 47.678238
1692   -1.6585490000000001 2.4560019999999998 48.608814000000002
1693   -1.5815060000000001 2.469919 48.803455
1694   -1.495036 2.5609730000000002 48.718868000000001
1695   -1.7360979999999999 2.3670230000000001 48.689273999999997
1696   -1.643165 2.4620139999999999 48.992657000000001
1697   -1.4857860000000001 2.555339 48.848453999999997
1698   -1.4647129999999999 2.5638489999999998 49.010432999999999
1699   -1.5859449999999999 2.6349330000000002 48.567078000000002
1700   -1.4473240000000001 2.6593179999999998 48.818497000000001
1701   -1.426925 2.620285 48.914959000000003
1702   -1.101483 3.170356 48.305804999999999
1703   -1.3641479999999999 2.6492119999999999 49.001778000000002
1704   -1.484424 2.7222979999999999 48.661071999999997
1705   -2.190842 1.907435 51.145820999999998
1706   -2.3012579999999998 1.831213 51.020144999999999
1707   -2.1329989999999999 1.7502930000000001 51.101531999999999
1708   -2.0908060000000002 1.5681989999999999 50.960087000000001
1709   -2.0678909999999999 1.631141 51.056511
1710   -0.92789600000000005 2.6121650000000001 43.478233000000003
1711   -0.79912499999999997 3.3608820000000001 44.183700999999999
1712   -1.620655 3.4765830000000002 44.661346000000002
1713   -0.71598300000000004 3.4125269999999999 44.248154
1714   -0.78454000000000002 3.4683199999999998 44.381881999999997
1715   -0.91919899999999999 3.4922330000000001 44.497718999999996
1716   -0.78506900000000002 3.5157660000000002 44.578418999999997
1717   -0.78552599999999995 3.528629 44.750346999999998
1718   1.9751559999999999 -3.0359579999999999 47.950287000000003
1719   1.82359 -3.134528 47.74633
1720   1.5160089999999999 -3.0662199999999999 47.619155999999997
1721   1.858365 -3.3448549999999999 47.404732000000003
1722   1.1704870000000001 -3.0582210000000001 47.265132999999999
1723   3.647421 3.9165190000000001 47.442188000000002
1724   3.7648429999999999 3.7535669999999999 47.600876
1725   -1.990599 2.2918910000000001 48.649811
1726   -2.087952 2.2995860000000001 48.770167999999998
1727   -2.0819879999999999 2.2409889999999999 48.618668
1728   -1.8506359999999999 2.3352560000000002 48.60183
1729   -1.399044 2.8670580000000001 48.591037999999998
1730   -1.3011520000000001 2.99309 47.726734
1731   -1.0028589999999999 2.9051459999999998 46.907940000000004
1732   -1.155349 2.8933819999999999 47.226112000000001
1733   -0.83898300000000003 2.9759310000000001 46.938538000000001
1734   -0.898262 2.9729969999999999 46.741238000000003
1735   -0.76646300000000001 3.0600900000000002 46.746882999999997
1736   -1.0459350000000001 2.9511050000000001 46.662598000000003
1737   -2.364865 1.9922519999999999 51.057338999999999
1738   1.9055629999999999 -2.8562409999999998 48.178555000000003
1739   1.583232 -2.7652800000000002 48.204017999999998
1740   8.9642239999999997 -3.7059500000000001 40.368583999999998
1741   -0.81149800000000005 -0.36559399999999997 50.69276
1742   0.239069 -1.383872 50.546970000000002
1743   0.34868300000000002 -1.7397229999999999 49.280182000000003
1744   0.20693400000000001 -1.300116 50.680537999999999
1745   3.4335659999999999 3.821272 49.035190999999998
1746   -0.61920200000000003 -0.57167999999999997 50.711975000000002
1747   -0.45956799999999998 -0.52897499999999997 50.999889000000003
1748   -0.65964800000000001 -0.37901400000000002 50.953341999999999
1749   -0.59414800000000001 -0.14802299999999999 51.153663999999999
1750   -0.68384699999999998 -0.59264399999999995 50.388710000000003
1751   -0.524366 -0.74662300000000004 50.528309
1752   2.6286879999999999 -1.656234 49.118766999999998
1753   -2.3694679999999999 2.1826110000000001 51.021915
1754   1.6435360000000001 -2.9309419999999999 47.972836000000001
1755   3.8913150000000001 1.3527260000000001 50.230758999999999
1756   4.031345 1.5410360000000001 50.068866999999997
1757   -0.999471 3.32267 48.562491999999999
1758   4.1720639999999998 2.7350880000000002 50.562354999999997
1759   1.5442750000000001 3.24797 42.695186999999997
1760   3.0302250000000002 4.0325230000000003 49.116013000000002
1761   2.8739919999999999 4.0704070000000003 49.140076000000001
1762   3.164231 4.0143800000000001 49.10519
1763   9.5344289999999994 -1.2246889999999999 39.330387000000002
1764   8.9465590000000006 0.86432500000000001 39.571705000000001
1765   9.1112160000000006 0.71932200000000002 39.667904
1766   9.1779299999999999 0.60504199999999997 39.698813999999999
1767   1.180153 -4.075088 40.328442000000003
1768   5.379607 3.0107309999999998 39.488914000000001
1769   9.5142869999999995 -2.1810649999999998 39.403892999999997
1770   9.5363349999999993 -1.9364239999999999 39.294753999999998
1771   9.5708400000000005 -1.929538 39.433864999999997
1772   9.5793680000000005 -1.6244860000000001 39.430874000000003
1773   4.5140570000000002 3.7778 49.170242000000002
1774   -0.502332 -1.003843 49.552162000000003
1775   -0.35125400000000001 -0.96834500000000001 50.348553000000003
1776   -0.32971400000000001 -0.87310900000000002 50.759995000000004
1777   3.5893730000000001 2.0865610000000001 39.586677999999999
1778   9.4210429999999992 -2.6198640000000002 39.248595999999999
1779   9.3701640000000008 -2.7486830000000002 39.197952000000001
1780   9.2975329999999996 -2.8686419999999999 39.084515000000003
1781   -1.9037839999999999 1.5242059999999999 51.121510000000001
1782   -1.8667480000000001 1.6976929999999999 51.181762999999997
1783   -1.6879900000000001 1.3936820000000001 51.178013
1784   4.159548 2.9481609999999998 50.652141999999998
1785   -2.274178 1.554583 48.957481000000001
1786   8.8756769999999996 1.2501100000000001 39.729649000000002
1787   9.0118089999999995 1.1209439999999999 39.903973000000001
1788   9.3913620000000009 -2.625499 39.120964000000001
1789   9.3007849999999994 -2.686083 39.006737000000001
1790   9.3607060000000004 -2.521995 39.033329000000002
1791   -1.854582 0.75413699999999995 51.063670999999999
1792   -1.7217849999999999 0.55052000000000001 51.089848000000003
1793   9.4330040000000004 -2.5253559999999999 39.170493999999998
1794   9.4564609999999991 -2.3656549999999998 39.114249999999998
1795   9.1445310000000006 -2.4002180000000002 38.893436000000001
1796   -1.9229499999999999 1.413405 51.076591000000001
1797   -1.8016540000000001 1.225511 51.143985999999998
1798   -1.9777400000000001 1.3323719999999999 51.026263999999998
1799   -1.9143810000000001 1.235169 51.088698999999998
1800   -1.93991 1.148593 51.054164999999998
1801   0.63851800000000003 -4.0295110000000003 40.532359999999997
1802   2.3357039999999998 4.0072789999999996 48.020203000000002
1803   2.2005020000000002 -3.422196 47.397857999999999
1804   2.557372 3.842336 49.252605000000003
1805   2.6856990000000001 3.8993829999999998 49.192653999999997
1806   2.6841840000000001 4.0908090000000001 49.252872000000004
1807   4.6432869999999999 4.2167019999999997 49.190823000000002
1808   7.9810730000000003 -4.2225970000000004 39.012630000000001
1809   2.7850429999999999 -0.119728 51.014622000000003
1810   1.5597019999999999 3.7144710000000001 44.802612000000003
1811   2.5088409999999999 4.1077110000000001 47.817852000000002
1812   -0.43328 1.7368479999999999 40.627811000000001
1813   -0.57672299999999999 1.82002 40.807654999999997
1814   1.6339790000000001 -4.2172280000000004 40.364097999999998
1815   1.5243340000000001 -4.0693010000000003 40.179462000000001
1816   1.6838360000000001 -3.946625 40.026359999999997
1817   4.0000090000000004 -0.073827000000000004 39.330879000000003
1818   3.4235669999999998 3.5923729999999998 48.939911000000002
1819   7.1098030000000003 2.5163150000000001 39.527760000000001
1820   7.1444869999999998 2.6319650000000001 39.569091999999998
1821   7.2290809999999999 2.505592 39.562289999999997
1822   0.41382799999999997 -0.88658099999999995 51.017207999999997
1823   1.331493 -4.1995779999999998 40.481613000000003
1824   1.3776470000000001 -4.0991010000000001 40.285319999999999
1825   3.782454 0.061537000000000001 39.364367999999999
1826   2.8060499999999999 4.2523030000000004 49.176830000000002
1827   2.6264409999999998 -0.201544 51.076430999999999
1828   2.8401169999999998 -0.31942100000000001 50.940272999999998
1829   9.1186389999999999 -3.115294 39.015320000000003
1830   3.831372 2.4717790000000002 39.678637999999999
1831   3.770419 2.3408929999999999 39.621670000000002
1832   2.5043829999999998 -0.70498899999999998 50.952953000000001
1833   2.485395 -0.50168000000000001 51.130009000000001
1834   -1.3448059999999999 2.9021119999999998 48.713000999999998
1835   8.881157 1.08796 39.619273999999997
1836   9.0531000000000006 0.918049 39.704219999999999
1837   -0.88709400000000005 -0.22797999999999999 50.901287000000004
1838   -0.39924999999999999 -0.73596300000000003 50.877186000000002
1839   9.1135099999999998 -2.8757609999999998 38.934452
1840   -0.66806699999999997 1.3428059999999999 40.548698000000002
1841   -0.64932299999999998 1.6098870000000001 40.544227999999997
1842   0.45971099999999998 -3.9990049999999999 40.582813000000002
1843   0.33248 -3.8457370000000002 40.454208000000001
1844   8.5293010000000002 1.3489089999999999 39.484763999999998
1845   8.6343650000000007 1.3553090000000001 39.546173000000003
1846   -0.75794300000000003 1.73349 40.714244999999998
1847   -1.084946 0.0089689999999999995 51.065331
1848   -0.25086799999999998 -0.48494199999999998 51.118042000000003
1849   -0.16691900000000001 -0.96367499999999995 50.836823000000003
1850   -0.084705000000000003 -0.69245199999999996 51.096935000000002
1851   -0.22206000000000001 -0.802257 50.972752
1852   -0.33113100000000001 1.7735829999999999 51.013016
1853   -0.47378100000000001 1.8716699999999999 50.907795
1854   9.2436849999999993 -3.0282969999999998 39.076442999999998
1855   2.6822360000000001 -0.419489 51.070717000000002
1856   8.7679299999999998 1.2336780000000001 39.553306999999997
1857   -1.024654 1.41394 40.719951999999999
1858   -0.89399799999999996 1.578892 40.669452999999997
1859   0.231652 -3.9084129999999999 40.578097999999997
1860   -1.474005 1.2421150000000001 40.923313
1861   -1.3969830000000001 1.3982250000000001 41.026871
1862   -1.252877 1.3462430000000001 40.839005
1863   9.514583 -0.71147199999999999 39.419758000000002
1864   0.033762 -3.5660310000000002 40.352760000000004
1865   -0.23456099999999999 -0.64176500000000003 51.073214999999998
1866   -0.58338599999999996 1.9757389999999999 50.821232000000002
1867   2.746254 -1.876431 48.869605999999997
1868   -1.343146 2.5980590000000001 49.219817999999997
1869   -1.3475410000000001 2.628441 49.099915000000003
1870   -1.1695009999999999 2.6177169999999998 49.326659999999997
1871   -1.2616240000000001 2.6478449999999998 49.192363999999998
1872   -1.9619310000000001 2.4043320000000001 50.067352
1873   -1.1694979999999999 2.6871809999999998 49.215279000000002
1874   -1.0268710000000001 2.6954400000000001 49.313285999999998
1875   -0.87031800000000004 2.678261 49.425915000000003
1876   -0.73592400000000002 2.6958549999999999 49.433140000000002
1877   -0.72135899999999997 2.6237569999999999 49.576683000000003
1878   -1.7357469999999999 2.3652769999999999 50.251201999999999
1879   -0.60633999999999999 2.698817 49.505848
1880   -0.47387699999999999 2.5449980000000001 49.718806999999998
1881   -0.47167300000000001 2.6335030000000001 49.595680000000002
1882   -0.96688799999999997 2.607694 49.456328999999997
1883   -0.37816699999999998 2.4093339999999999 49.826766999999997
1884   -0.54427899999999996 2.487943 49.821728
1885   -0.34292499999999998 2.5565560000000001 49.653647999999997
1886   -0.64111600000000002 2.550773 49.723759000000001
1887   0.687863 -3.791328 44.254252999999999
1888   0.57741299999999995 -3.8539720000000002 43.866211
1889   0.47611100000000001 -3.716405 44.093097999999998
1890   0.63943799999999995 -3.8267730000000002 44.065173999999999
1891   0.235018 -4.0313150000000002 41.944405000000003
1892   0.12885199999999999 -3.9651139999999998 42.336987000000001
1893   -0.25948900000000003 -3.7349869999999998 40.716251
1894   -0.27698200000000001 -3.7827410000000001 41.279926000000003
1895   -0.17471 -3.8236140000000001 41.819279000000002
1896   -0.175258 -3.804081 42.326087999999999
1897   0.012246999999999999 -3.8649010000000001 42.657352000000003
1898   9.0365819999999992 -3.4600520000000001 39.132258999999998
1899   8.9426260000000006 -3.5377339999999999 39.063560000000003
1900   8.5517129999999995 -3.4035709999999999 38.860351999999999
1901   8.9328000000000003 -3.180526 38.900779999999997
1902   8.8594530000000002 -3.4380579999999998 38.945934000000001
1903   8.9952749999999995 -3.3656609999999998 39.015408000000001
1904   6.6072949999999997 -4.1236249999999997 42.699351999999998
1905   6.2756660000000002 -4.2919499999999999 42.697716
1906   3.7458 -4.7990550000000001 41.501182999999997
1907   3.536235 -4.7641929999999997 41.218887000000002
1908   3.1146229999999999 -4.6904659999999998 41.099316000000002
1909   3.4381529999999998 -4.7296769999999997 40.760845000000003
1910   3.574662 -2.9101029999999999 47.560409999999997
1911   -2.1618230000000001 1.4209540000000001 45.832836
1912   -0.43647900000000001 2.481446 42.917003999999999
1913   -0.33785399999999999 2.399019 42.661662999999997
1914   -0.36202699999999999 2.3015089999999998 42.518864000000001
1915   -1.9025030000000001 2.581474 44.132522999999999
1916   -1.1650750000000001 2.382495 43.626368999999997
1917   -0.91288800000000003 2.3981409999999999 43.407490000000003
1918   -2.1233599999999999 2.054106 44.312739999999998
1919   -2.1418979999999999 2.2303549999999999 44.310383000000002
1920   -1.9409419999999999 2.2322329999999999 44.129840999999999
1921   -1.8066169999999999 0.44398100000000001 48.600658000000003
1922   -1.7212419999999999 0.32197199999999998 48.761837
1923   -1.5441750000000001 0.071576000000000001 48.988872999999998
1924   9.4651189999999996 -2.8011520000000001 40.626499000000003
1925   6.6500810000000001 2.8286150000000001 39.938709000000003
1926   4.6548639999999999 2.6409150000000001 47.463120000000004
1927   4.5277979999999998 2.921637 47.466563999999998
1928   4.397392 3.1566770000000002 47.463366999999998
1929   -1.258186 -0.302201 49.116973999999999
1930   4.3111230000000003 -3.2023130000000002 46.653770000000002
1931   4.1158840000000003 -3.1812360000000002 46.842697000000001
1932   0.86535600000000001 -3.5821900000000002 45.326087999999999
1933   1.0234650000000001 -3.559625 45.702877000000001
1934   9.6645789999999998 -2.4541949999999999 40.480488000000001
1935   -0.78368099999999996 -0.78613999999999995 49.330390999999999
1936   -1.0071479999999999 -0.57002799999999998 49.207217999999997
1937   7.8920130000000004 -3.527504 42.463734000000002
1938   -2.3492220000000001 2.0077340000000001 44.598937999999997
1939   3.979778 3.691843 47.064480000000003
1940   0.80322000000000005 -3.6854230000000001 44.891959999999997
1941   -0.70826299999999998 -0.94485399999999997 49.15202
1942   4.2967120000000003 3.248151 47.616607999999999
1943   0.58260999999999996 -3.652012 44.530059999999999
1944   0.37249300000000002 -3.5813860000000002 44.309939999999997
1945   0.171463 -3.5447690000000001 44.016646999999999
1946   8.6309249999999995 -3.2275239999999998 41.880012999999998
1947   8.8401219999999991 -3.187468 41.640064000000002
1948   -0.23189199999999999 -3.6993510000000001 42.750965000000001
1949   -0.136356 -3.559634 43.419635999999997
1950   -0.29932900000000001 2.2636349999999998 42.129913000000002
1951   5.9813099999999997 2.9881950000000002 40.048630000000003
1952   5.5908449999999998 3.194439 39.929993000000003
1953   0.89956000000000003 -2.7796970000000001 47.423931000000003
1954   0.75561900000000004 -2.8819110000000001 46.939304
1955   -1.9312530000000001 0.89144599999999996 47.724426000000001
1956   8.1958669999999998 -3.355378 42.322330000000001
1957   9.6379490000000008 -0.760042 39.669742999999997
1958   9.6250800000000005 -0.553786 39.679825000000001
1959   9.2330799999999993 0.70868200000000003 39.924278000000001
1960   9.0855969999999999 1.0507839999999999 40.248871000000001
1961   9.7316970000000005 -1.7077979999999999 39.861088000000002
1962   9.6392720000000001 -2.027406 39.740668999999997
1963   8.3651470000000003 1.955246 40.274138999999998
1964   8.7532680000000003 1.5413479999999999 40.228785999999999
1965   8.6142489999999992 1.7197629999999999 40.300587
1966   -0.17765900000000001 2.0812629999999999 41.107388
1967   -0.37946999999999997 1.9795419999999999 41.012360000000001
1968   -0.596692 1.915878 41.019547000000003
1969   6.6510129999999998 -3.6393840000000002 43.551501999999999
1970   6.2921389999999997 -3.7324250000000001 43.796371000000001
1971   7.3754099999999996 2.5556649999999999 40.087105000000001
1972   7.5680699999999996 2.4752179999999999 40.217274000000003
1973   -0.53903299999999998 -3.5929519999999999 42.087322
1974   7.8521270000000003 2.3589530000000001 40.267937000000003
1975   8.9097220000000004 1.3208230000000001 40.286045000000001
1976   0.68466700000000003 -2.2138900000000001 48.385441
1977   -0.58459799999999995 -1.1157010000000001 48.907482000000002
1978   7.124663 -3.5829909999999998 43.145378000000001
1979   3.2072780000000001 3.700447 43.762805999999998
1980   4.5276050000000003 4.3385150000000001 49.197411000000002
1981   4.7122789999999997 4.3014809999999999 49.311016000000002
1982   9.5248209999999993 -0.137401 39.706432
1983   9.4530200000000004 0.084144999999999998 39.831302999999998
1984   0.072578000000000004 -1.5164139999999999 49.389042000000003
1985   -0.78453300000000004 -3.3988170000000002 41.459983999999999
1986   -0.79716299999999995 -3.4445779999999999 41.793137000000002
1987   -1.0627789999999999 -3.16012 41.228352000000001
1988   4.0934249999999999 5.0868520000000004 49.575409000000001
1989   4.1365769999999999 5.0114109999999998 49.405757999999999
1990   4.1001060000000003 5.0754549999999998 49.815944999999999
1991   -0.83992500000000003 1.7920929999999999 41.082431999999997
1992   4.0226470000000001 3.2922229999999999 45.362934000000003
1993   3.8958759999999999 3.4918290000000001 45.617263999999999
1994   9.6569040000000008 -1.3056289999999999 39.56617
1995   9.6218710000000005 -0.99000600000000005 39.513821
1996   9.5947099999999992 -0.37835299999999999 39.747684
1997   3.1805129999999999 3.6173039999999999 42.626995000000001
1998   -0.221831 -1.324811 49.193066000000002
1999   9.3555489999999999 0.36373499999999998 39.815254000000003
2000   -1.248726 -2.8616730000000001 40.94688
2001   6.9571350000000001 2.7224200000000001 39.968319000000001
2002   -1.1516960000000001 1.5907370000000001 40.945079999999997
2003   7.2304019999999998 2.6239979999999998 39.992351999999997
2004   8.0595719999999993 2.2224330000000001 40.311847999999998
2005   -1.5731329999999999 1.2694510000000001 41.061745000000002
2006   4.3972410000000002 4.721597 49.356032999999996
2007   9.6742059999999999 -2.3131699999999999 40.067580999999997
2008   3.7192509999999999 3.979168 46.689056000000001
2009   3.5998589999999999 4.0211889999999997 46.467533000000003
2010   6.0362730000000004 -3.7889870000000001 43.984192
2011   5.3924349999999999 -3.6939829999999998 44.799809000000003
2012   8.4205880000000004 -3.2850600000000001 42.126613999999996
2013   3.297266 -2.6420460000000001 47.964255999999999
2014   3.4012889999999998 -2.3919250000000001 48.147773999999998
2015   4.5627449999999996 4.7308279999999998 49.849170999999998
2016   4.461239 4.7979500000000002 49.992522999999998
2017   4.7079950000000004 4.5339520000000002 49.622028
2018   5.2284059999999997 0.64589300000000005 48.175567999999998
2019   5.1925920000000003 0.49129800000000001 48.240375999999998
2020   5.27867 -0.091920000000000002 48.136864000000003
2021   4.9004969999999997 -0.54642100000000005 48.367046000000002
2022   5.1451130000000003 0.28140799999999999 48.279376999999997
2023   5.350746 0.39772600000000002 48.083824
2024   3.681467 -1.795847 48.492885999999999
2025   4.0250440000000003 -1.655538 48.430518999999997
2026   4.237031 -1.349961 48.503695999999998
2027   4.5012129999999999 -1.5710820000000001 48.274715
2028   4.6272690000000001 -1.0566139999999999 48.404071999999999
2029   4.2775259999999999 -1.108026 48.596474000000001
2030   5.1648639999999997 0.90329700000000002 48.183399000000001
2031   5.0008429999999997 1.139418 48.347977
2032   4.8326000000000002 1.395891 48.513843999999999
2033   4.9255370000000003 1.4877990000000001 48.291924000000002
2034   4.8511179999999996 1.713514 48.238373000000003
2035   4.993042 1.811706 47.873137999999997
2036   4.8959219999999997 1.8245210000000001 48.035438999999997
2037   3.4728810000000001 -2.0872389999999998 48.373272
2038   4.3306129999999996 4.8294560000000004 50.181370000000001
2039   4.327477 4.9811639999999997 49.747253000000001
2040   -1.338414 2.4116339999999998 43.763561000000003
2041   -1.6080049999999999 2.5071539999999999 43.951878000000001
2042   3.8597709999999998 3.854409 46.744945999999999
2043   3.1926990000000002 3.6748210000000001 43.483536000000001
2044   1.0377510000000001 -3.493293 45.999797999999998
2045   0.936971 -3.344773 46.238773000000002
2046   -1.884727 0.90564500000000003 47.357658000000001
2047   -1.8468290000000001 0.91652 47.012920000000001
2048   3.8091979999999999 3.7102279999999999 45.970291000000003
2049   3.8231069999999998 3.7933720000000002 46.337829999999997
2050   7.6102990000000004 -3.5759690000000002 42.688918999999999
2051   -0.290491 2.3129909999999998 42.338450999999999
2052   3.3665970000000001 3.431324 41.469116
2053   9.2313290000000006 -2.980658 41.050697
2054   -1.7920769999999999 0.84489599999999998 46.833916000000002
2055   -1.7620260000000001 0.79916900000000002 46.633732000000002
2056   4.291023 3.001865 39.577019
2057   -2.0691380000000001 1.1861280000000001 45.872790999999999
2058   3.672393 3.7409780000000001 43.991557999999998
2059   4.708704 4.4392680000000002 49.420265000000001
2060   8.9904469999999996 -3.134036 41.398819000000003
2061   4.2614729999999996 3.456264 44.695037999999997
2062   4.0792989999999998 2.7711450000000002 40.066257
2063   3.950761 2.7344400000000002 40.127876000000001
2064   3.8202950000000002 2.7602989999999998 40.262089000000003
2065   4.2610789999999996 2.954053 39.666992
2066   -1.67624 1.1407229999999999 41.001086999999998
2067   3.4140489999999999 3.685276 42.613914000000001
2068   -2.2536239999999998 2.2913380000000001 44.408755999999997
2069   -2.262508 2.102001 44.459102999999999
2070   4.986065 -3.5171670000000002 45.539504999999998
2071   4.3412410000000001 2.9864320000000002 39.830886999999997
2072   -0.68064599999999997 2.5276709999999998 43.231288999999997
2073   3.842768 3.601982 45.777920000000002
2074   -1.4033359999999999 -2.84558 41.585709000000001
2075   -1.7474080000000001 -2.3712740000000001 42.041553
2076   -1.6063769999999999 -2.426078 41.166621999999997
2077   -1.784667 -2.128298 41.363621000000002
2078   -2.1428690000000001 0.71482500000000004 41.965060999999999
2079   -2.1961889999999999 0.56415199999999999 41.398705
2080   -2.3064369999999998 0.153887 41.588135000000001
2081   -1.9269750000000001 0.92663300000000004 41.333817000000003
2082   -1.721735 1.158523 41.137573000000003
2083   -1.523442 1.3335920000000001 41.335341999999997
2084   -1.844841 -2.0848559999999998 41.737164
2085   -1.9167400000000001 -1.8446009999999999 41.410392999999999
2086   -2.0448040000000001 -1.5809009999999999 41.839652999999998
2087   -2.0653359999999998 -1.5311729999999999 41.372967000000003
2088   -2.3115869999999998 -0.57969400000000004 41.684364000000002
2089   -2.3200099999999999 -0.43095499999999998 41.511035999999997
2090   -2.2236120000000001 -1.0239149999999999 41.560158000000001
2091   -2.3669929999999999 -0.40237699999999998 42.033729999999998
2092   -2.3397190000000001 -0.22614799999999999 41.681221000000001
2093   -2.3752089999999999 0.018575000000000001 42.003922000000003
2094   -2.3327149999999999 0.34118300000000001 42.109932000000001
2095   -1.9440120000000001 0.94543299999999997 41.732323000000001
2096   -1.7811129999999999 1.067518 41.512852000000002
2097   -1.599294 1.2050970000000001 41.917392999999997
2098   -1.1593800000000001 1.6495919999999999 41.596493000000002
2099   -1.3863049999999999 1.377105 41.721722
2100   -1.3110599999999999 1.516947 41.209560000000003
2101   -0.90587799999999996 -3.301247 42.405951999999999
2102   -1.2116439999999999 -3.0566599999999999 42.225174000000003
2103   -1.0311459999999999 -3.2191649999999998 41.678561999999999
2104   -2.225069 -1.105971 42.043255000000002
2105   -2.2873209999999999 -0.77441099999999996 41.900222999999997
2106   -2.3083740000000001 0.54649899999999996 42.820843000000004
2107   -1.2048369999999999 1.47722 42.292350999999996
2108   -0.87326400000000004 1.867467 41.824931999999997
2109   -0.59339600000000003 1.9578249999999999 41.293545000000002
2110   -0.50598500000000002 2.089194 41.937182999999997
2111   -0.35288700000000001 2.0722 41.413170000000001
2112   -1.421041 -2.7065869999999999 42.885441
2113   -2.0619429999999999 -1.877094 42.547683999999997
2114   -2.1907770000000002 -1.4188449999999999 42.389183000000003
2115   -2.3514370000000002 -1.4734670000000001 43.022860999999999
2116   -2.348668 -1.0433269999999999 42.573086000000004
2117   -2.336703 -0.76187099999999996 42.230099000000003
2118   -2.4953569999999998 -0.53423900000000002 42.69397
2119   -2.5098750000000001 -0.14562 42.497227000000002
2120   -2.478907 0.17711099999999999 42.684654000000002
2121   -1.692652 1.2404280000000001 42.575333000000001
2122   -0.84789099999999995 1.8596280000000001 42.575718000000002
2123   -0.49518699999999999 2.1442960000000002 42.452694000000001
2124   -1.1421669999999999 -3.0457839999999998 42.794257999999999
2125   -0.84892800000000002 -3.0256859999999999 43.456229999999998
2126   -2.552489 -1.0086520000000001 43.200645000000002
2127   -2.621737 -0.15587500000000001 43.163288000000001
2128   -2.0232679999999998 0.92956300000000003 43.017749999999999
2129   -1.2014309999999999 1.5948450000000001 42.961886999999997
2130   -0.661713 2.0880510000000001 42.839683999999998
2131   -0.47753400000000001 2.2919679999999998 42.770572999999999
2132   -0.54067699999999996 -3.44746 42.935886000000004
2133   -1.8986099999999999 -2.2171310000000002 43.283194999999999
2134   -2.247109 -1.8644799999999999 43.400069999999999
2135   -2.329072 -1.7195499999999999 43.969752999999997
2136   -2.3943050000000001 -1.6316029999999999 43.508755000000001
2137   -2.5230049999999999 -1.390476 43.690212000000002
2138   -2.6942110000000001 -0.57508800000000004 43.417411999999999
2139   -2.4004150000000002 0.25274799999999997 43.728850999999999
2140   -0.95967599999999997 1.8753470000000001 43.102867000000003
2141   -0.81196299999999999 1.945368 42.941040000000001
2142   -0.81080200000000002 2.0868289999999998 43.139664000000003
2143   -0.64026000000000005 2.3032599999999999 43.075474
2144   -0.24892400000000001 -3.2554750000000001 44.085171000000003
2145   -0.45724399999999998 -3.343356 43.475090000000002
2146   -1.472545 -2.39819 44.318272
2147   -2.0836389999999998 -2.04528 43.965012000000002
2148   -2.3450690000000001 -1.3078479999999999 44.557975999999996
2149   -2.6687910000000001 -0.94074500000000005 43.934596999999997
2150   -2.6526459999999998 -0.33793299999999998 43.926566999999999
2151   -2.1973989999999999 0.70283300000000004 43.524352999999998
2152   -2.0002390000000001 0.96635800000000005 43.724510000000002
2153   -1.685117 1.265773 43.530532999999998
2154   -1.4196439999999999 1.461276 43.25658
2155   -1.2378960000000001 1.6574409999999999 43.415714000000001
2156   -1.1006389999999999 1.8088930000000001 43.349567
2157   -0.68305300000000002 -2.8512390000000001 44.764113999999999
2158   -1.988337 -1.810584 44.590674999999997
2159   -2.53647 -0.68612200000000001 44.647480000000002
2160   -2.0774349999999999 0.76346599999999998 44.324150000000003
2161   -1.925128 1.242092 44.235095999999999
2162   0.25578000000000001 -3.4003640000000002 44.585320000000003
2163   -0.074243000000000003 -3.0920580000000002 44.853591999999999
2164   -1.0699099999999999 -2.5621369999999999 45.045544
2165   -1.5876079999999999 -1.8879010000000001 45.163631000000002
2166   -1.8253010000000001 -1.3591819999999999 45.451588000000001
2167   -2.1315170000000001 -0.88455300000000003 45.404693999999999
2168   -2.3182830000000001 -0.26503199999999999 45.264747999999997
2169   -2.4874909999999999 -0.124005 44.499316999999998
2170   -2.2666840000000001 0.29733199999999999 44.850746000000001
2171   -2.0814499999999998 1.1584559999999999 44.776328999999997
2172   0.58035700000000001 -3.505557 45.001804
2173   0.34841499999999997 -3.228777 45.289470999999999
2174   0.62840700000000005 -3.4292500000000001 45.354488000000003
2175   -0.121728 -2.8595250000000001 45.553103999999998
2176   -0.63393200000000005 -2.5176120000000002 45.508453000000003
2177   -1.1235710000000001 -2.1915870000000002 45.384276999999997
2178   -1.9446699999999999 -1.0779209999999999 45.616729999999997
2179   -1.836109 -0.95175900000000002 45.982593999999999
2180   -1.967428 0.877664 45.467312
2181   0.73292000000000002 -3.348681 45.773521000000002
2182   -0.27429100000000001 -2.5383599999999999 45.958674999999999
2183   -0.52534199999999998 -2.125022 46.205649999999999
2184   -1.196396 -1.648463 45.989510000000003
2185   -0.73248999999999997 -1.671003 46.751175000000003
2186   -1.523029 -1.1894469999999999 46.236308999999999
2187   -1.62663 -0.94343999999999995 46.372864
2188   -1.9258690000000001 -0.39503100000000002 46.170318999999999
2189   -2.0623119999999999 0.20566300000000001 45.764420000000001
2190   0.365591 -3.01742 45.887543000000001
2191   0.66821699999999995 -3.0745450000000001 46.340088000000002
2192   0.15410599999999999 -2.643615 46.469700000000003
2193   -1.1222300000000001 -1.2814160000000001 46.766044999999998
2194   -1.6820740000000001 -0.742502 46.462330000000001
2195   -1.8534219999999999 0.13456299999999999 46.417586999999997
2196   -1.640037 0.31493700000000002 46.834544999999999
2197   -1.743023 0.57514200000000004 46.313374000000003
2198   -0.11103399999999999 -2.0143520000000001 47.326560999999998
2199   -1.4386000000000001 -0.92264900000000005 46.721493000000002
2200   -1.5044839999999999 -0.52362900000000001 46.967213000000001
2201   -1.6541840000000001 -0.063891000000000003 46.908104000000002
2202   -1.7008460000000001 0.65744100000000005 47.037585999999997
2203   0.54955600000000004 -2.5318149999999999 47.373676000000003
2204   0.47456100000000001 -2.1945960000000002 47.935172999999999
2205   -0.68793700000000002 -1.3901399999999999 47.410809
2206   -0.27799200000000002 -1.5536319999999999 47.991573000000002
2207   -0.72923400000000005 -1.0957429999999999 48.136775999999998
2208   -1.102325 -0.90169200000000005 47.370193
2209   -1.092738 -0.68099299999999996 48.054133999999998
2210   -1.2626440000000001 -0.49751000000000001 47.546886000000001
2211   -1.277318 -0.36560500000000001 47.962273000000003
2212   -1.4139360000000001 -0.183642 47.506264000000002
2213   -1.559455 0.248997 47.530253999999999
2214   -1.8031900000000001 0.62654399999999999 47.762863000000003
2215   0.15548799999999999 -1.8656140000000001 48.074492999999997
2216   0.39577499999999999 -1.9975270000000001 48.408023999999997
2217   0.083641999999999994 -1.6822509999999999 48.735053999999998
2218   -0.350941 -1.3615969999999999 48.601109000000001
2219   -1.4366410000000001 -0.083879999999999996 48.152416000000002
2220   -1.6699600000000001 0.26394699999999999 48.324280000000002
2221   -1.8408119999999999 0.53593000000000002 48.265349999999998
2222   -0.90829099999999996 -0.83199699999999999 48.775623000000003
2223   -1.2218009999999999 -0.44367099999999998 48.563015
2224   -1.409799 -0.159971 48.670422000000002
2225   -1.5253859999999999 0.014218 48.533081000000003
2226   -1.4457409999999999 2.178391 43.882038000000001
2227   -1.184612 1.902128 43.669665999999999
2228   -1.419511 1.7113229999999999 43.865498000000002
2229   -1.0271699999999999 2.1201590000000001 43.493599000000003
2230   -1.7823389999999999 1.5598730000000001 44.098056999999997
2231   -2.1847150000000002 1.3573980000000001 45.53537
2232   -2.2076199999999999 1.273223 45.177920999999998
2233   -2.2355070000000001 1.3745750000000001 44.826473
2234   -0.82021999999999995 2.2627619999999999 43.297085000000003
2235   -0.75600000000000001 2.3819149999999998 43.267730999999998
2236   -2.1771099999999999 1.5543910000000001 44.483597000000003
2237   -1.939751 1.8468260000000001 44.176150999999997
2238   -2.1244160000000001 1.3410139999999999 44.589320999999998
2239   -1.728988 2.03877 44.058430000000001
2240   -2.2645080000000002 1.865211 44.536839000000001
2241   9.4460490000000004 0.150477 40.297950999999998
2242   9.5985569999999996 -0.28490900000000002 40.501227999999998
2243   9.5652089999999994 -0.21212400000000001 39.996468
2244   7.4210130000000003 2.4699819999999999 40.544983000000002
2245   6.9931140000000003 2.5502030000000002 40.282597000000003
2246   6.9699159999999996 2.57029 40.713394000000001
2247   7.8435290000000002 2.3402630000000002 40.465538000000002
2248   4.8695620000000002 3.0576460000000001 40.130530999999998
2249   4.3509320000000002 2.964842 39.982436999999997
2250   4.34863 2.92401 40.093819000000003
2251   4.7131509999999999 3.1345320000000001 39.933501999999997
2252   5.0449840000000004 3.0463789999999999 40.319552999999999
2253   5.5061270000000002 3.0211229999999998 40.191029
2254   5.7907089999999997 2.8896139999999999 40.368271
2255   6.0251390000000002 2.8749669999999998 40.165847999999997
2256   6.3943339999999997 2.705333 40.212432999999997
2257   6.3992870000000002 2.6400239999999999 40.507179000000001
2258   5.3938300000000003 3.1257470000000001 40.034595000000003
2259   6.3970339999999997 2.8487629999999999 40.076324
2260   9.8255079999999992 -1.6563270000000001 40.605136999999999
2261   9.7928200000000007 -2.1288619999999998 40.264004
2262   9.7189580000000007 -1.1503620000000001 39.903480999999999
2263   9.7816559999999999 -1.059158 40.736682999999999
2264   9.6928490000000007 -0.64564500000000002 40.234310000000001
2265   9.3553820000000005 0.280526 40.927204000000003
2266   9.5266350000000006 -0.11347400000000001 41.017605000000003
2267   9.2326259999999998 0.64835699999999996 40.496955999999997
2268   8.9229319999999994 1.1752119999999999 40.833995999999999
2269   9.1965629999999994 0.62965700000000002 41.228107000000001
2270   8.6610189999999996 1.548519 40.922615
2271   8.7286819999999992 1.565536 40.504387000000001
2272   8.4809059999999992 1.7931060000000001 40.803916999999998
2273   8.5195539999999994 1.8101879999999999 40.478355000000001
2274   8.0723769999999995 2.1359140000000001 40.914344999999997
2275   8.3431119999999996 1.975678 40.576126000000002
2276   8.1940849999999994 2.112476 40.509250999999999
2277   8.0563559999999992 2.2136689999999999 40.527721
2278   7.3335330000000001 2.5090499999999998 40.932743000000002
2279   7.6585789999999996 2.3788230000000001 40.832408999999998
2280   4.4521920000000001 2.959171 40.339485000000003
2281   4.9770880000000002 3.064759 40.503605
2282   5.4046640000000004 3.0003359999999999 40.515217
2283   5.8747959999999999 2.8807290000000001 40.640366
2284   6.2622869999999997 2.7349760000000001 40.695095000000002
2285   6.5763590000000001 2.7261259999999998 40.861389000000003
2286   5.3018679999999998 3.096616 40.735474000000004
2287   5.7844819999999997 3.025989 40.898682000000001
2288   6.1764739999999998 2.8992749999999998 40.900581000000003
2289   4.64466 3.1357029999999999 40.644539000000002
2290   3.9442189999999999 2.916531 40.482104999999997
2291   4.9035140000000004 3.32301 41.030169999999998
2292   9.5071739999999991 -2.4798230000000001 41.011702999999997
2293   9.2930480000000006 -2.3694259999999998 41.662464
2294   9.2038790000000006 -2.8317909999999999 41.314297000000003
2295   9.7094699999999996 -2.1547589999999999 40.771523000000002
2296   9.6014420000000005 -1.9174040000000001 41.303085000000003
2297   9.6870809999999992 -0.599526 41.037930000000003
2298   8.5012270000000001 1.6647289999999999 41.617531
2299   8.995476 1.0177369999999999 41.745959999999997
2300   6.978872 2.6979630000000001 41.233685000000001
2301   7.5176439999999998 2.469506 41.405768999999999
2302   6.4854760000000002 2.906552 41.239978999999998
2303   5.505477 3.145918 40.979916000000003
2304   5.8274520000000001 3.1687530000000002 41.281238999999999
2305   4.142169 3.2456960000000001 40.900257000000003
2306   8.9018499999999996 -3.0017589999999998 41.729191
2307   9.6412829999999996 -1.324651 41.322387999999997
2308   9.6793779999999998 -0.96726199999999996 41.234946999999998
2309   9.5834469999999996 -0.82234499999999999 41.709350999999998
2310   9.5503490000000006 -0.343385 41.523131999999997
2311   9.3502679999999998 0.10986600000000001 41.597614
2312   7.9431240000000001 2.197594 41.729045999999997
2313   6.7379639999999998 2.9185050000000001 41.604098999999998
2314   7.0488059999999999 2.829186 41.963104000000001
2315   6.3305410000000002 3.1299030000000001 41.679904999999998
2316   4.8956169999999997 3.529649 41.527901
2317   5.7168989999999997 3.421278 41.832912
2318   4.1285069999999999 3.5233430000000001 41.368340000000003
2319   4.2223379999999997 3.6626850000000002 41.851050999999998
2320   4.7249129999999999 3.674817 41.920783999999998
2321   5.1391150000000003 3.599129 41.865723000000003
2322   8.8531259999999996 -2.3455170000000001 42.401752000000002
2323   8.5421420000000001 -2.9626190000000001 42.257679000000003
2324   9.3678089999999994 -1.443376 42.2425
2325   9.4059150000000002 -0.70575100000000002 42.258358000000001
2326   9.4040820000000007 -0.30709799999999998 42.020049999999998
2327   9.1460939999999997 0.18596299999999999 42.271507
2328   9.208634 0.53672299999999995 41.916907999999999
2329   6.6135010000000003 3.0851389999999999 41.983241999999997
2330   7.4972089999999998 2.5484019999999998 42.254947999999999
2331   6.0460459999999996 3.3633769999999998 42.204791999999998
2332   5.012607 3.7090190000000001 42.268745000000003
2333   5.38415 3.6009000000000002 42.347458000000003
2334   3.794756 3.7337560000000001 42.302070999999998
2335   4.4520670000000004 3.761266 42.392738000000001
2336   8.4135829999999991 -2.6858620000000002 42.675879999999999
2337   8.034967 -3.246537 42.598751
2338   8.4072639999999996 -2.2608039999999998 43.136913
2339   9.1615409999999997 -0.688442 42.687030999999998
2340   9.1757380000000008 -0.25722699999999998 42.522396000000001
2341   8.985538 0.080451999999999996 42.655869000000003
2342   8.7972710000000003 0.51923200000000003 42.692943999999997
2343   9.014265 0.71909699999999999 42.277141999999998
2344   8.7253600000000002 1.137308 42.358952000000002
2345   8.4047249999999991 1.5862879999999999 42.486874
2346   8.0368960000000005 2.0913179999999998 42.384326999999999
2347   6.4534120000000001 3.19292 42.509666000000003
2348   6.8776440000000001 2.8711370000000001 42.833061000000001
2349   5.6896709999999997 3.4734150000000001 42.705508999999999
2350   3.730855 3.7735660000000002 42.904899999999998
2351   4.0673329999999996 3.8152889999999999 42.904567999999998
2352   4.9374039999999999 3.7002790000000001 42.980927000000001
2353   4.4132569999999998 3.830349 42.890633000000001
2354   7.6450959999999997 -3.2212640000000001 43.047606999999999
2355   8.0054189999999998 -2.7845870000000001 43.127791999999999
2356   8.7334960000000006 -1.656074 43.138851000000003
2357   8.8676349999999999 -0.96364099999999997 43.135376000000001
2358   8.8051519999999996 -0.111333 43.047237000000003
2359   8.505274 0.53278499999999995 43.190024999999999
2360   8.3875320000000002 1.1273850000000001 42.956164999999999
2361   8.0164069999999992 1.7728600000000001 42.901367
2362   7.924874 1.484084 43.365295000000003
2363   7.4302539999999997 2.0668350000000002 43.414054999999998
2364   7.508006 2.3419300000000001 42.830649999999999
2365   7.0199210000000001 2.519218 43.317993000000001
2366   6.5674409999999996 2.674769 43.717789000000003
2367   5.6610930000000002 3.3315380000000001 43.341721
2368   7.4141450000000004 -2.9861960000000001 43.613135999999997
2369   7.8610540000000002 -2.4704980000000001 43.692515999999998
2370   8.0677070000000004 -1.8609560000000001 43.939658999999999
2371   8.4569609999999997 -1.2102740000000001 43.755127000000002
2372   8.4390239999999999 -0.39105600000000001 43.798580000000001
2373   8.4146540000000005 0.248864 43.561290999999997
2374   8.1620439999999999 0.273428 44.062111000000002
2375   8.0754750000000008 0.90568400000000004 43.741382999999999
2376   7.5698189999999999 1.5729409999999999 43.956718000000002
2377   6.7801210000000003 2.3163010000000002 44.119892
2378   6.1046459999999998 2.9336540000000002 43.754711
2379   5.036257 3.6091190000000002 43.500079999999997
2380   3.402066 3.7217370000000001 43.495350000000002
2381   3.6046239999999998 3.7631480000000002 43.219566
2382   3.866619 3.8076850000000002 43.392997999999999
2383   4.2710739999999996 3.8054359999999998 43.382210000000001
2384   4.5841450000000004 3.6439050000000002 43.824500999999998
2385   6.7786080000000002 -3.425516 43.728473999999999
2386   6.8249380000000004 -2.9999859999999998 44.366031999999997
2387   6.0643859999999998 -3.6050849999999999 44.252972
2388   7.4024869999999998 -2.660514 44.099735000000003
2389   7.6032270000000004 -2.322797 44.191727
2390   8.0045640000000002 -1.249522 44.267994000000002
2391   8.1022979999999993 -0.762849 44.248631000000003
2392   7.7475379999999996 0.62445899999999999 44.600037
2393   7.5733069999999998 1.193829 44.423175999999998
2394   7.1867000000000001 1.974086 44.066696
2395   5.3884080000000001 3.0988090000000001 44.307780999999999
2396   6.0425709999999997 2.6259610000000002 44.551333999999997
2397   4.8391650000000004 3.355874 44.315491000000002
2398   5.0784269999999996 3.445163 43.864857000000001
2399   4.2144069999999996 3.562487 44.316025000000003
2400   4.0118749999999999 3.7595420000000002 43.913586000000002
2401   3.7012670000000001 3.7694860000000001 43.645995999999997
2402   7.1837150000000003 -2.541417 44.516857000000002
2403   7.3640679999999996 -2.1027140000000002 44.640056999999999
2404   7.5147469999999998 -1.4901549999999999 44.802765000000001
2405   7.708691 -0.83425400000000005 44.738308000000004
2406   7.4751770000000004 -0.36495699999999998 45.205413999999998
2407   7.90177 -0.15823599999999999 44.552593000000002
2408   7.5712630000000001 0.21596899999999999 45.088645999999997
2409   7.392754 0.62186399999999997 45.296340999999998
2410   7.3017380000000003 1.076114 45.105251000000003
2411   7.0324450000000001 1.663338 44.782840999999998
2412   4.4845189999999997 3.4232200000000002 44.483066999999998
2413   3.9136880000000001 3.6847319999999999 44.243214000000002
2414   5.6457709999999999 -3.4468830000000001 44.908729999999998
2415   6.0661360000000002 -3.0593249999999999 45.075726000000003
2416   6.7778130000000001 -2.5127069999999998 45.057766000000001
2417   7.045102 -1.9378550000000001 45.204509999999999
2418   7.3400550000000004 -0.95570699999999997 45.286090999999999
2419   7.0992689999999996 0.19911200000000001 45.838771999999999
2420   6.8299810000000001 1.2893680000000001 45.657958999999998
2421   6.3005509999999996 2.0301580000000001 45.337673000000002
2422   5.7895940000000001 2.4309059999999998 45.394813999999997
2423   5.39818 2.7763330000000002 45.169842000000003
2424   4.6745669999999997 3.1140319999999999 45.063980000000001
2425   5.4042409999999999 -3.2457859999999998 45.526775000000001
2426   5.7995809999999999 -2.812646 45.749068999999999
2427   6.2783910000000001 -2.49038 45.653129999999997
2428   6.6525650000000001 -2.0654599999999999 45.643208000000001
2429   6.8745250000000002 -1.4338660000000001 45.755699
2430   7.0609679999999999 -0.607209 45.782246000000001
2431   6.9767510000000001 0.79836499999999999 45.886626999999997
2432   6.6309589999999998 1.62625 45.510745999999997
2433   5.4691169999999998 2.5205500000000001 45.776465999999999
2434   5.766553 2.156034 46.014229
2435   5.0477970000000001 2.7939509999999999 45.796714999999999
2436   4.2589980000000001 3.0763210000000001 45.584674999999997
2437   4.1678230000000003 3.1455669999999998 45.434936999999998
2438   4.5365789999999997 2.9595570000000002 45.869106000000002
2439   4.878622 -3.3544749999999999 45.929504000000001
2440   5.3330719999999996 -2.92902 46.087730000000001
2441   4.8027410000000001 -3.0508280000000001 46.442898
2442   5.6729909999999997 -2.6822149999999998 46.090248000000003
2443   5.9433069999999999 -2.4193519999999999 46.135798999999999
2444   6.3527979999999999 -1.8904780000000001 46.176806999999997
2445   6.5455759999999996 -1.3668739999999999 46.261817999999998
2446   6.693905 -0.86059399999999997 46.255856000000001
2447   6.7960399999999996 -0.1681 46.284714000000001
2448   6.7493550000000004 0.46832299999999999 46.339466000000002
2449   6.5945489999999998 1.015835 46.269821
2450   6.4208170000000004 1.4932609999999999 45.998665000000003
2451   6.0889230000000003 1.7544409999999999 46.120068000000003
2452   5.7732390000000002 1.788667 46.552151000000002
2453   4.8141930000000004 2.8184580000000001 46.397525999999999
2454   5.1501659999999996 -2.7158639999999998 46.562088000000003
2455   5.5440449999999997 -2.5247709999999999 46.429577000000002
2456   5.8322289999999999 -2.0056799999999999 46.690517
2457   6.1851570000000002 -1.189902 46.815525000000001
2458   6.4787889999999999 -0.45946300000000001 46.685473999999999
2459   6.4744619999999999 0.19226099999999999 46.772598000000002
2460   6.4137360000000001 0.74965199999999999 46.668301
2461   6.1466450000000004 1.283072 46.583035000000002
2462   5.5564349999999996 2.0977519999999998 46.485523000000001
2463   5.2931739999999996 2.4293260000000001 46.367351999999997
2464   4.803744 -2.7112180000000001 46.866615000000003
2465   4.3422070000000001 -2.9951850000000002 46.912678
2466   5.2112780000000001 -2.3033709999999998 47.005974000000002
2467   3.942399 -2.8791310000000001 47.339832000000001
2468   4.4733130000000001 -2.4521470000000001 47.416823999999998
2469   4.9712589999999999 -1.983384 47.565041000000001
2470   5.521763 -1.5871770000000001 47.420982000000002
2471   5.7619680000000004 -0.89681 47.454318999999998
2472   6.0932659999999998 -0.25403500000000001 47.223666999999999
2473   5.6457249999999997 -0.38158500000000001 47.716599000000002
2474   5.7240950000000002 0.27637499999999998 47.722892999999999
2475   6.0117599999999998 0.71087100000000003 47.185814000000001
2476   5.7092660000000004 0.73839200000000005 47.640349999999998
2477   5.5589409999999999 1.130558 47.603862999999997
2478   5.6780739999999996 1.4386319999999999 47.089362999999999
2479   5.2107530000000004 1.7015420000000001 47.619553000000003
2480   5.3436969999999997 2.0176780000000001 46.957134000000003
2481   4.9842469999999999 2.159853 47.447502
2482   4.9029530000000001 2.5433159999999999 47.015349999999998
2483   3.7475290000000001 -2.571161 47.779437999999999
2484   4.1541699999999997 -2.1845140000000001 47.917285999999997
2485   3.7423660000000001 -2.1043310000000002 48.227851999999999
2486   4.5642290000000001 -1.9404189999999999 47.912925999999999
2487   4.2003490000000001 -1.853877 48.205959
2488   4.9566939999999997 -1.535013 47.978558
2489   5.2299100000000003 -0.85410299999999995 47.982761000000004
2490   5.4194149999999999 0.77895000000000003 47.937099000000003
2491   5.1793440000000004 1.2814080000000001 48.012867
2492   5.0059769999999997 1.646719 48.028587000000002
2493   6.788869 2.6888169999999998 40.074345000000001
2494   4.031091 3.4505710000000001 45.847065000000001
2495   4.4965320000000002 3.06995 46.670292000000003
2496   4.2848420000000003 3.1526909999999999 46.180408
2497   4.0908189999999998 3.5232670000000001 46.596218
2498   4.2227839999999999 3.1182829999999999 45.862285999999997
2499   4.530837 2.9849359999999998 46.272284999999997
2500   4.6704949999999998 2.8611119999999999 47.005287000000003
2501   4.7343149999999996 2.8222230000000001 46.774937000000001
2502   4.4780530000000001 3.0908329999999999 47.194668
2503   4.2926320000000002 3.329774 46.977341000000003
2504   4.1499509999999997 3.505582 47.008678000000003
2505   4.2231339999999999 3.3992800000000001 47.316296000000001
2506   4.6513460000000002 2.8126730000000002 47.235016000000002
2507   4.7800799999999999 2.3794110000000002 47.523040999999999
2508   4.4495469999999999 3.108924 39.748787
2509   -1.8067040000000001 1.0552189999999999 41.104519000000003
2510   1.486537 3.3345720000000001 43.019539000000002
2511   1.4149069999999999 3.2502390000000001 42.756343999999999
2512   1.6031679999999999 2.494882 40.746333999999997
2513   0.55259599999999998 3.3583630000000002 48.825252999999996
2514   0.36592200000000003 3.3822019999999999 48.936306000000002
2515   2.113416 1.7981050000000001 40.031269000000002
2516   2.713975 1.4232089999999999 39.572040999999999
2517   2.7688359999999999 1.2356370000000001 39.508682
2518   1.4023080000000001 2.8866679999999998 41.693207000000001
2519   1.742205 2.3314180000000002 40.505619000000003
2520   1.6246039999999999 2.3798370000000002 40.617058
2521   1.824862 1.0574619999999999 39.859828999999998
2522   1.550835 1.0537730000000001 39.933849000000002
2523   0.98839299999999997 1.360741 40.226818000000002
2524   0.78413299999999997 1.5355620000000001 40.385475
2525   1.269695 1.145446 40.05294
2526   2.6295250000000001 0.87958400000000003 39.495185999999997
2527   2.6864479999999999 1.0574250000000001 39.516010000000001
2528   0.12931000000000001 2.6439080000000001 42.366630999999998
2529   0.144596 2.586611 42.228248999999998
2530   1.3528720000000001 3.9314789999999999 47.135264999999997
2531   1.33633 3.881113 47.386158000000002
2532   0.49085600000000001 1.7223660000000001 40.604042
2533   0.68825400000000003 1.671543 40.524166000000001
2534   1.2255389999999999 3.5982620000000001 48.034846999999999
2535   1.435322 3.9524370000000002 45.931206000000003
2536   1.508046 3.8583590000000001 45.456898000000002
2537   0.67504799999999998 3.3582489999999998 48.708255999999999
2538   1.3460890000000001 2.7796609999999999 41.370353999999999
2539   1.3625579999999999 3.7242479999999998 44.819180000000003
2540   1.3589869999999999 3.781269 45.135151
2541   2.3393579999999998 0.82499699999999998 39.590721000000002
2542   2.2074600000000002 0.82217200000000001 39.645355000000002
2543   2.152749 1.6062179999999999 39.971339999999998
2544   2.1374420000000001 0.90802499999999997 39.697308
2545   2.0615269999999999 1.032875 39.774532000000001
2546   2.6706669999999999 1.5718939999999999 39.647449000000002
2547   1.367151 3.549029 43.994681999999997
2548   0.40006599999999998 1.8729119999999999 40.766933000000002
2549   0.76947299999999996 3.3498890000000001 48.692062
2550   1.414865 3.6537670000000002 44.494038000000003
2551   1.3995310000000001 3.001007 41.968975
2552   1.3949929999999999 3.0699640000000001 42.176403000000001
2553   2.457373 1.658131 39.793948999999998
2554   1.4335199999999999 2.597842 41.010685000000002
2555   0.25267200000000001 2.237403 41.334698000000003
2556   2.290943 1.497158 39.859324999999998
2557   1.4019079999999999 1.993007 40.541491999999998
2558   1.3927830000000001 2.3723719999999999 40.807758
2559   1.6473629999999999 2.2120549999999999 40.468479000000002
2560   0.61995500000000003 1.8722479999999999 40.793132999999997
2561   0.471798 2.1822879999999998 41.240459000000001
2562   0.80100499999999997 2.0238800000000001 40.983848999999999
2563   1.488999 1.512054 40.247287999999998
2564   1.4308909999999999 1.735412 40.396174999999999
2565   1.728332 1.85876 40.290249000000003
2566   0.80358600000000002 2.387489 41.444488999999997
2567   1.0957330000000001 2.1372979999999999 40.896602999999999
2568   1.1581889999999999 2.4409269999999998 41.161895999999999
2569   1.1428700000000001 2.711211 41.603653000000001
2570   1.3402050000000001 2.62995 41.129524000000004
2571   2.364538 1.0262960000000001 39.682026
2572   2.5573350000000001 1.4299120000000001 39.697136
2573   2.1262880000000002 1.352611 39.931773999999997
2574   0.44453100000000001 2.4236339999999998 41.723427000000001
2575   1.6172839999999999 1.2094800000000001 40.005051000000002
2576   1.8165389999999999 1.494702 40.133780999999999
2577   0.28958600000000001 2.6162990000000002 42.229401000000003
2578   0.58278399999999997 2.5614340000000002 41.998333000000002
2579   0.77335399999999999 2.6231909999999998 41.970478
2580   2.0429919999999999 1.7487060000000001 40.079295999999999
2581   1.256705 1.3519570000000001 40.175507000000003
2582   1.048303 1.659492 40.48621
2583   1.284942 3.346495 43.189545000000003
2584   1.288108 2.9940120000000001 42.015762000000002
2585   1.258516 3.8255270000000001 45.774048000000001
2586   1.3104899999999999 3.1470060000000002 42.489306999999997
2587   1.322009 3.9408150000000002 46.212550999999998
2588   2.3470409999999999 4.2359249999999999 46.798523000000003
2589   2.6629100000000001 4.2488260000000002 46.582355
2590   1.9452719999999999 4.117083 46.648502000000001
2591   2.91561 4.2164590000000004 46.368481000000003
2592   2.6729240000000001 4.2211119999999998 46.318241
2593   2.4131300000000002 4.2100999999999997 46.288116000000002
2594   2.6930360000000002 4.1775450000000003 46.088413000000003
2595   1.6934309999999999 4.0830510000000002 47.117935000000003
2596   1.5040880000000001 4.0183049999999998 46.802193000000003
2597   1.366503 3.9683199999999998 46.546737999999998
2598   1.6053649999999999 3.997627 46.310786999999998
2599   1.322166 3.9517760000000002 46.727131
2600   1.289452 3.9223129999999999 46.897826999999999
2601   2.0371109999999999 4.0340600000000002 46.016345999999999
2602   2.7824970000000002 4.0634750000000004 45.745998
2603   2.4213930000000001 4.1160649999999999 45.880974000000002
2604   2.7181670000000002 3.9396209999999998 45.453243000000001
2605   2.552594 3.8485659999999999 45.309474999999999
2606   2.4815770000000001 3.984674 45.577271000000003
2607   2.2165110000000001 3.9190649999999998 45.650950999999999
2608   8.7113320000000005 -2.8097599999999998 38.847313
2609   7.9765280000000001 -2.7682009999999999 38.859119
2610   7.26952 -3.4452859999999998 38.849072
2611   7.0310680000000003 -2.588606 38.859054999999998
2612   8.5932729999999999 -2.258321 38.874457999999997
2613   8.1298770000000005 -2.0321799999999999 38.926498000000002
2614   8.5554769999999998 -1.8151360000000001 38.961739000000001
2615   7.5338289999999999 -2.0612330000000001 38.917633000000002
2616   6.664021 -3.8810690000000001 38.864291999999999
2617   6.1036000000000001 -3.9860859999999998 38.883243999999998
2618   6.2768490000000003 -3.2213080000000001 38.837131999999997
2619   6.9048879999999997 -1.8915660000000001 38.923408999999999
2620   6.1929889999999999 -2.109451 38.869540999999998
2621   6.4456860000000002 -1.4411179999999999 38.984352000000001
2622   8.9915059999999993 -1.430785 39.033920000000002
2623   8.7036990000000003 -1.4292910000000001 39.032513000000002
2624   8.9353890000000007 -1.2393080000000001 39.064224000000003
2625   9.0068830000000002 -1.094012 39.102234000000003
2626   8.7199500000000008 -0.88855799999999996 39.147590999999998
2627   5.308827 -1.5042120000000001 39.023372999999999
2628   5.8897620000000002 -1.3440840000000001 39.000984000000003
2629   5.4418379999999997 -0.96289000000000002 39.089958000000003
2630   4.9076459999999997 -0.82991499999999996 39.151871
2631   4.5044880000000003 -0.503444 39.235210000000002
2632   4.5571190000000001 -0.76350600000000002 39.213085
2633   5.1809700000000003 -0.55263899999999999 39.17709
2634   4.200202 -0.486817 39.293694000000002
2635   3.9305029999999999 -3.7452179999999999 39.413162
2636   3.6520480000000002 -3.8320539999999998 39.537052000000003
2637   3.8336489999999999 -0.16780400000000001 39.361106999999997
2638   7.7981610000000003 -3.9863719999999998 38.855331
2639   7.1840159999999997 -4.0991470000000003 38.837879000000001
2640   6.7736140000000002 -4.305466 38.908382000000003
2641   4.6022559999999997 3.2267540000000001 39.631962000000001
2642   4.6121720000000002 3.2027369999999999 39.551482999999998
2643   4.5228580000000003 3.1712379999999998 39.601025
2644   4.4338059999999997 3.0958899999999998 39.591220999999997
2645   4.7856750000000003 3.2435960000000001 39.561774999999997
2646   4.6995769999999997 3.2329530000000002 39.583632999999999
2647   -0.308701 2.2540089999999999 50.006149000000001
2648   -0.21610799999999999 2.1830530000000001 50.071109999999997
2649   -0.136435 2.1748029999999998 50.095238000000002
2650   -0.388623 2.0182009999999999 50.601860000000002
2651   -0.462399 1.9907429999999999 50.723537
2652   -0.28296399999999999 2.0230779999999999 50.518138999999998
2653   2.8418990000000002 3.8481260000000002 47.827866
2654   3.0156429999999999 3.8565649999999998 47.723885000000003
2655   3.2440180000000001 3.8266779999999998 47.687435000000001
2656   3.1452040000000001 3.916083 49.159672
2657   2.8883709999999998 3.8647860000000001 49.151707000000002
2658   3.3586450000000001 3.382666 48.542060999999997
2659   3.3313549999999998 3.3744559999999999 48.454020999999997
2660   0.16703499999999999 2.3550909999999998 50.014552999999999
2661   1.336138 3.1251570000000002 48.954411
2662   3.3734639999999998 3.4052950000000002 48.655205000000002
2663   3.4342980000000001 3.4479570000000002 48.748165
2664   3.482799 3.5214729999999999 48.845607999999999
2665   0.061295000000000002 2.1905899999999998 50.748638
2666   0.19364500000000001 2.2307570000000001 50.801158999999998
2667   3.2947259999999998 3.3822139999999998 48.375377999999998
2668   1.027026 2.6685180000000002 50.732261999999999
2669   1.033266 2.634045 50.827240000000003
2670   1.0789230000000001 2.7263419999999998 50.731838000000003
2671   1.094786 2.7155689999999999 50.839255999999999
2672   -0.111454 2.0909040000000001 50.627231999999999
2673   -0.047211999999999997 2.1376550000000001 50.678082000000003
2674   -0.19223299999999999 2.040632 50.569606999999998
2675   0.99003799999999997 2.6194850000000001 50.745441
2676   0.96786300000000003 2.5650680000000001 50.833407999999999
2677   2.5409009999999999 3.7483810000000002 49.222000000000001
2678   2.4023979999999998 3.6225360000000002 49.229903999999998
2679   -0.016399 2.1578580000000001 50.704116999999997
2680   -2.1085690000000001 2.4130020000000001 49.412247000000001
2681   -2.0358390000000002 2.4227989999999999 49.341251
2682   -2.1851669999999999 2.4157380000000002 49.420437
2683   3.6986029999999999 3.5932379999999999 47.831032
2684   2.6916959999999999 3.7573989999999999 49.167557000000002
2685   3.574497 3.7112400000000001 47.744281999999998
2686   3.427028 3.778051 47.703575000000001
2687   -1.041439 2.1426150000000002 50.848053
2688   -1.167845 2.2080289999999998 50.730910999999999
2689   -1.3456630000000001 2.2683170000000001 50.584128999999997
2690   1.831286 3.0637810000000001 50.009318999999998
2691   1.9576910000000001 3.1840579999999998 49.877167
2692   -2.1190159999999998 2.408417 49.742801999999998
2693   -2.2871980000000001 2.4203640000000002 49.689673999999997
2694   3.3857840000000001 3.6475339999999998 49.006278999999999
2695   3.3594379999999999 3.7142400000000002 49.044162999999998
2696   0.60746199999999995 2.4005269999999999 50.905025000000002
2697   0.34819800000000001 2.2663470000000001 50.873341000000003
2698   1.430213 3.0145400000000002 50.455292
2699   1.2896510000000001 2.9314960000000001 50.547142000000001
2700   1.1936389999999999 2.892706 50.685569999999998
2701   1.134649 2.810495 50.746837999999997
2702   1.5520659999999999 3.014424 50.368335999999999
2703   0.071535000000000001 2.2669760000000001 50.072220000000002
2704   -0.67763099999999998 2.0135710000000002 50.823493999999997
2705   -1.756286 2.4452379999999998 49.175522000000001
2706   -1.933379 2.4231530000000001 49.366290999999997
2707   -1.834773 2.4381599999999999 49.251221000000001
2708   -1.8643240000000001 2.4329350000000001 49.321097999999999
2709   -1.191702 2.5518329999999998 49.414966999999997
2710   -1.271757 2.5712769999999998 49.348433999999997
2711   -0.87467899999999998 2.5591689999999998 49.575629999999997
2712   -0.77096600000000004 2.5401739999999999 49.684238000000001
2713   -1.094897 2.5580159999999998 49.448825999999997
2714   -1.4792650000000001 2.5413619999999999 49.207732999999998
2715   -1.3634759999999999 2.549159 49.335822999999998
2716   -1.9711160000000001 2.3987639999999999 49.871746000000002
2717   -1.808935 2.3808050000000001 50.038173999999998
2718   -1.6310990000000001 2.3436490000000001 50.195503000000002
2719   -1.699058 2.3548779999999998 50.122188999999999
2720   -1.561415 2.3278970000000001 50.304535000000001
2721   -1.465678 2.3044159999999998 50.394942999999998
2722   -1.4242809999999999 2.290368 50.474094000000001
2723   -0.36378300000000002 2.330816 49.932411000000002
2724   0.61625399999999997 2.8948670000000001 49.567532
2725   0.47105000000000002 2.7886229999999999 49.712806999999998
2726   -0.683971 2.5053209999999999 49.773518000000003
2727   -1.587607 2.497131 49.237583000000001
2728   2.422631 3.6956470000000001 48.145294
2729   2.399378 3.629194 48.206879000000001
2730   2.5039549999999999 3.7600889999999998 48.068691000000001
2731   2.3147829999999998 3.5761539999999998 48.318095999999997
2732   2.226461 3.5021789999999999 48.410713000000001
2733   -0.44326399999999999 2.4145080000000001 49.889713
2734   0.35804900000000001 2.643103 49.799380999999997
2735   2.133375 3.4691700000000001 48.462505
2736   -0.65074500000000002 2.0294089999999998 50.739123999999997
2737   -0.58078799999999997 2.0129190000000001 50.715069
2738   3.4890539999999999 3.4447760000000001 48.091911000000003
2739   3.2628279999999998 3.7722039999999999 49.119129000000001
2740   2.6557849999999998 3.7753190000000001 47.966137000000003
2741   1.7236400000000001 3.0012750000000001 50.157555000000002
2742   1.5999909999999999 2.9702570000000001 50.25
2743   -0.78411699999999995 2.05009 50.836838
2744   1.9746939999999999 3.405656 48.540100000000002
2745   2.2472940000000001 3.5121600000000002 49.352203000000003
2746   2.1721370000000002 3.4185750000000001 49.431263000000001
2747   2.0545879999999999 3.312846 49.665543
2748   2.0144829999999998 3.252075 49.72578
2749   2.0985360000000002 3.3681709999999998 49.568747999999999
2750   2.3120530000000001 3.5822020000000001 49.288119999999999
2751   3.3330609999999998 3.4267859999999999 48.192946999999997
2752   2.7217370000000001 3.4302779999999999 48.05838
2753   2.6110540000000002 3.4219119999999998 48.179412999999997
2754   2.6835909999999998 3.3995649999999999 48.169243000000002
2755   2.7405819999999999 3.4020890000000001 48.153488000000003
2756   3.0277180000000001 3.4926349999999999 47.982287999999997
2757   2.8921770000000002 3.4475449999999999 48.049919000000003
2758   2.9634749999999999 3.4249499999999999 48.128512999999998
2759   3.1061960000000002 3.4291909999999999 48.151119000000001
2760   3.2236600000000002 3.5006680000000001 47.994934000000001
2761   3.4362569999999999 3.5070749999999999 47.993633000000003
2762   2.6512039999999999 3.5018129999999998 47.990372000000001
2763   2.5562390000000001 3.4978440000000002 48.109524
2764   2.80579 3.433522 48.066527999999998
2765   2.853621 3.5105490000000001 47.938122
2766   3.0137200000000002 3.5593669999999999 47.813842999999999
2767   3.1693199999999999 3.5477660000000002 47.812652999999997
2768   3.349739 3.5591560000000002 47.823493999999997
2769   3.585048 3.530081 47.920318999999999
2770   3.5193680000000001 3.585432 47.841498999999999
2771   2.555523 3.5821109999999998 48.085506000000002
2772   2.7103000000000002 3.6557460000000002 47.913657999999998
2773   2.6103749999999999 3.6684700000000001 48.019244999999998
2774   2.9189479999999999 3.6805560000000002 47.785183000000004
2775   3.1145499999999999 3.6974900000000002 47.694431000000002
2776   3.3125490000000002 3.6978770000000001 47.69088
2777   3.466269 3.679065 47.743870000000001
2778   2.8249949999999999 3.767614 47.838650000000001
2779   2.991565 3.7991820000000001 47.740806999999997
2780   2.6719360000000001 3.3616600000000001 48.336067
2781   2.511641 3.3084560000000001 48.480930000000001
2782   2.5778210000000001 3.27291 48.545192999999998
2783   2.7341850000000001 3.2840760000000002 48.560555000000001
2784   2.825844 3.3408880000000001 48.379505000000002
2785   2.9169610000000001 3.31847 48.516685000000003
2786   2.9804750000000002 3.370412 48.308101999999998
2787   3.0747179999999998 3.338273 48.482821999999999
2788   3.1577030000000001 3.3796539999999999 48.332065999999998
2789   3.233562 3.366018 48.488925999999999
2790   2.5153020000000001 3.3830300000000002 48.374659999999999
2791   2.3709289999999998 3.397554 48.446224000000001
2792   2.4063430000000001 3.3208039999999999 48.515526000000001
2793   2.83602 3.3972600000000002 48.196097999999999
2794   2.4941659999999999 3.4767779999999999 48.268776000000003
2795   2.3490060000000001 3.4929730000000001 48.373694999999998
2796   2.4437380000000002 3.558719 48.226841
2797   2.513042 3.6533389999999999 48.090899999999998
2798   1.599499 2.961398 48.967044999999999
2799   1.4570700000000001 2.9400089999999999 49.064526000000001
2800   1.5007900000000001 2.8797250000000001 49.132584000000001
2801   1.6337299999999999 2.8801830000000002 49.151980999999999
2802   1.7684930000000001 2.9475690000000001 48.92004
2803   1.8003910000000001 2.9141720000000002 49.054423999999997
2804   1.925027 2.9507400000000001 48.867989000000001
2805   1.9267030000000001 2.9402200000000001 49.041739999999997
2806   2.072765 3.0052639999999999 48.895733
2807   2.0650499999999998 2.9858479999999998 49.003342000000004
2808   1.486167 3.038554 48.970852000000001
2809   1.351988 3.0445000000000002 49.042034000000001
2810   1.364825 2.9774219999999998 49.095618999999999
2811   1.6195379999999999 3.067618 48.855857999999998
2812   1.738208 3.05558 48.796653999999997
2813   1.9014359999999999 3.0456840000000001 48.757686999999997
2814   2.0683799999999999 3.0666929999999999 48.782142999999998
2815   2.212869 3.0532729999999999 48.937533999999999
2816   2.2502170000000001 3.1074619999999999 48.807986999999997
2817   2.388801 3.1121669999999999 48.886088999999998
2818   2.431082 3.157187 48.780678000000002
2819   2.5438719999999999 3.1656870000000001 48.838284000000002
2820   2.5786920000000002 3.2110660000000002 48.703274
2821   2.6531129999999998 3.1983600000000001 48.799273999999997
2822   2.7152310000000002 3.2336710000000002 48.722267000000002
2823   2.7514880000000002 3.2348880000000002 48.807724
2824   1.449209 3.1101239999999999 48.913826
2825   1.5816669999999999 3.1287250000000002 48.815494999999999
2826   1.7409650000000001 3.1584989999999999 48.760627999999997
2827   1.8891979999999999 3.1653410000000002 48.712654000000001
2828   2.0558429999999999 3.1619160000000002 48.687106999999997
2829   2.2035399999999998 3.1584780000000001 48.702232000000002
2830   2.3992249999999999 3.2228979999999998 48.646275000000003
2831   2.86029 3.2858529999999999 48.711753999999999
2832   3.0299670000000001 3.323753 48.649506000000002
2833   3.1634660000000001 3.3469850000000001 48.611359
2834   3.2763270000000002 3.3828399999999998 48.625087999999998
2835   3.225895 3.3755860000000002 48.710051999999997
2836   1.8733089999999999 3.2420460000000002 48.655949
2837   2.0360079999999998 3.2679290000000001 48.614055999999998
2838   2.2364790000000001 3.2645029999999999 48.579205000000002
2839   3.3121670000000001 3.4144299999999999 48.739555000000003
2840   2.1918669999999998 3.4049230000000001 48.498226000000003
2841   -1.765563 2.453141 49.338977999999997
2842   -1.684415 2.448334 49.485393999999999
2843   -1.6224350000000001 2.4830809999999999 49.376807999999997
2844   -1.824648 2.421678 49.497104999999998
2845   -1.513525 2.42936 49.631405000000001
2846   -1.4329080000000001 2.4993249999999998 49.452354
2847   -1.330938 2.4063460000000001 49.681399999999996
2848   -1.255455 2.4563700000000002 49.546599999999998
2849   -1.147465 2.3479019999999999 49.755629999999996
2850   -1.128298 2.4156949999999999 49.587668999999998
2851   -1.0406150000000001 2.3923960000000002 49.690548
2852   -1.280562 2.5240279999999999 49.437320999999997
2853   -1.141885 2.49533 49.50909
2854   -1.0236019999999999 2.4576410000000002 49.600304000000001
2855   1.106541 2.7004830000000002 49.572620000000001
2856   0.95987599999999995 2.7058110000000002 49.638354999999997
2857   0.994089 2.6299649999999999 49.789402000000003
2858   1.1591199999999999 2.6534990000000001 49.684688999999999
2859   1.238335 2.7029580000000002 49.511242000000003
2860   1.2695749999999999 2.6718139999999999 49.605533999999999
2861   1.3465849999999999 2.715411 49.473351000000001
2862   1.348058 2.6793849999999999 49.597861999999999
2863   1.433549 2.726416 49.479754999999997
2864   1.4096599999999999 2.69442 49.580672999999997
2865   -1.001781 2.5258509999999998 49.533360000000002
2866   1.0625 2.7911709999999998 49.455544000000003
2867   0.92086900000000005 2.7805390000000001 49.556350999999999
2868   1.2106030000000001 2.767407 49.398437999999999
2869   1.320176 2.7585310000000001 49.374316999999998
2870   1.4505570000000001 2.79373 49.308784000000003
2871   1.476261 2.728672 49.572414000000002
2872   1.5538590000000001 2.7898779999999999 49.380116000000001
2873   1.582805 2.7832370000000002 49.470878999999996
2874   0.95617099999999999 2.8820049999999999 49.446052999999999
2875   0.79286900000000005 2.895905 49.517029000000001
2876   0.831735 2.8225539999999998 49.589592000000003
2877   1.0979699999999999 2.8974069999999998 49.334927
2878   1.1861299999999999 2.8502339999999999 49.310490000000001
2879   1.3409629999999999 2.8606120000000002 49.225639000000001
2880   1.727241 2.8755489999999999 49.340572000000002
2881   1.9621569999999999 2.966926 49.169562999999997
2882   1.875529 2.9604569999999999 49.378819
2883   0.90597000000000005 2.9572639999999999 49.369208999999998
2884   1.075977 2.985071 49.242607
2885   1.2310129999999999 2.9660679999999999 49.205029000000003
2886   2.0322840000000002 3.0264129999999998 49.249679999999998
2887   1.956453 3.0293100000000002 49.415405
2888   2.1662659999999998 3.0563060000000002 49.080382999999998
2889   2.3690929999999999 3.1153789999999999 48.995280999999999
2890   2.5394070000000002 3.16499 48.941249999999997
2891   2.6756690000000001 3.2082169999999999 48.882759
2892   1.2327870000000001 3.0494599999999998 49.095165000000001
2893   2.0572370000000002 3.1044010000000002 49.351776000000001
2894   2.09958 3.236704 49.374125999999997
2895   2.191951 3.171716 49.209637000000001
2896   2.3667379999999998 3.1944159999999999 49.096789999999999
2897   2.546967 3.2235939999999998 49.032958999999998
2898   2.709822 3.2599740000000001 48.972335999999999
2899   2.8532959999999998 3.2971810000000001 48.880409
2900   3.0244019999999998 3.3411300000000002 48.803150000000002
2901   3.1340110000000001 3.3512200000000001 48.733317999999997
2902   2.2484289999999998 3.3794230000000001 49.291789999999999
2903   2.1295799999999998 3.330006 49.442203999999997
2904   2.3780489999999999 3.346438 49.149326000000002
2905   2.551749 3.347391 49.106265999999998
2906   2.7298260000000001 3.3570530000000001 49.061157000000001
2907   2.8968859999999999 3.3753829999999998 49.008541000000001
2908   3.0569359999999999 3.397332 48.944175999999999
2909   3.2087490000000001 3.4084089999999998 48.842224000000002
2910   2.4047640000000001 3.5050509999999999 49.185951000000003
2911   2.3201640000000001 3.5254270000000001 49.254883
2912   2.5564179999999999 3.5088650000000001 49.139277999999997
2913   2.7326630000000001 3.5100750000000001 49.116829000000003
2914   2.9121510000000002 3.5075020000000001 49.099594000000003
2915   3.0873159999999999 3.5021740000000001 49.073974999999997
2916   3.2581660000000001 3.5022139999999999 49.005383000000002
2917   3.3570660000000001 3.473449 48.856209
2918   2.5587369999999998 3.6293310000000001 49.176147
2919   2.750086 3.6748090000000002 49.137771999999998
2920   2.905392 3.6771280000000002 49.145389999999999
2921   3.0908250000000002 3.658595 49.154991000000003
2922   3.2669600000000001 3.6340520000000001 49.100838000000003
2923   2.8813909999999998 3.7597860000000001 49.147571999999997
2924   3.0279129999999999 3.7937970000000001 49.193458999999997
2925   -1.3644369999999999 2.358482 49.863197
2926   -1.4853339999999999 2.368922 49.917110000000001
2927   -1.365909 2.3281719999999999 50.008597999999999
2928   -1.243349 2.2996080000000001 50.098927000000003
2929   -1.236113 2.3441900000000002 49.888888999999999
2930   -1.1390180000000001 2.2864100000000001 50.046630999999998
2931   -1.1386799999999999 2.322047 49.924048999999997
2932   -1.0060009999999999 2.2770429999999999 50.024635000000004
2933   -2.1406149999999999 2.3975179999999998 49.564242999999998
2934   -1.9981450000000001 2.400382 49.696449000000001
2935   -1.9861310000000001 2.3985219999999998 49.510463999999999
2936   -1.863229 2.4076620000000002 49.701912
2937   -1.674688 2.4093260000000001 49.752158999999999
2938   -0.94363200000000003 2.3712499999999999 49.865513
2939   -0.92148099999999999 2.4368620000000001 49.727772000000002
2940   -0.898092 2.4974080000000001 49.643828999999997
2941   -0.78165099999999998 2.4774389999999999 49.771427000000003
2942   0.55923199999999995 2.596349 49.936858999999998
2943   0.42501499999999998 2.5250859999999999 49.982818999999999
2944   0.49346699999999999 2.5044840000000002 50.065578000000002
2945   0.62318799999999996 2.5375380000000001 50.046562000000002
2946   0.71738900000000005 2.6303730000000001 49.877761999999997
2947   0.81078499999999998 2.568543 49.983314999999997
2948   0.85860300000000001 2.648196 49.794086
2949   0.96023999999999998 2.5624910000000001 50.012675999999999
2950   1.0897289999999999 2.6073750000000002 49.869002999999999
2951   1.2402040000000001 2.6404610000000002 49.786456999999999
2952   1.369794 2.6771850000000001 49.692303000000003
2953   1.321504 2.6600790000000001 49.814857000000003
2954   0.48775200000000002 2.6608139999999998 49.833995999999999
2955   0.35247200000000001 2.5521660000000002 49.900863999999999
2956   0.64775400000000005 2.6987239999999999 49.817580999999997
2957   0.80286199999999996 2.7277459999999998 49.706234000000002
2958   1.407913 2.7103649999999999 49.820934000000001
2959   1.561059 2.7793459999999999 49.611728999999997
2960   1.5212429999999999 2.786556 49.808022000000001
2961   0.66700199999999998 2.8038609999999999 49.692985999999998
2962   1.636118 2.8516370000000002 49.669272999999997
2963   1.752783 2.919035 49.551769
2964   1.67943 2.9527950000000001 49.777408999999999
2965   1.834978 3.0195439999999998 49.600456000000001
2966   1.7793890000000001 3.066818 49.831344999999999
2967   1.924911 3.1452200000000001 49.711444999999998
2968   1.871243 3.1172260000000001 49.861462000000003
2969   1.9719599999999999 3.1440929999999998 49.507618000000001
2970   2.0424250000000002 3.2540399999999998 49.568942999999997
2971   -1.037596 2.2084779999999999 50.283324999999998
2972   -1.088638 2.1798000000000002 50.442073999999998
2973   -0.99697000000000002 2.1504810000000001 50.54768
2974   -0.87327299999999997 2.1457929999999998 50.514954000000003
2975   -0.83888499999999999 2.1788319999999999 50.344158
2976   -0.74212100000000003 2.1042800000000002 50.50864
2977   -0.686311 2.1484179999999999 50.399963
2978   -0.64649199999999996 2.082217 50.509056000000001
2979   -0.58894899999999994 2.0935169999999999 50.467457000000003
2980   -0.58082800000000001 2.0473159999999999 50.554397999999999
2981   -1.4115850000000001 2.3369599999999999 50.053122999999999
2982   -1.3488519999999999 2.3135469999999998 50.134480000000003
2983   -1.2034450000000001 2.2521049999999998 50.363658999999998
2984   -0.54815899999999995 2.1727620000000001 50.355418999999998
2985   -0.50169299999999994 2.047247 50.518287999999998
2986   -1.9058580000000001 2.40151 49.790889999999997
2987   -1.791671 2.388341 49.882652
2988   -1.623899 2.3646859999999998 49.965839000000003
2989   -1.4783740000000001 2.3387829999999998 50.113177999999998
2990   -0.40568199999999999 2.0401039999999999 50.451126000000002
2991   -0.39094299999999998 2.1520489999999999 50.269238000000001
2992   -0.29567100000000002 2.0542199999999999 50.373362999999998
2993   0.35962 2.3367079999999998 50.299877000000002
2994   0.25947700000000001 2.266635 50.337257000000001
2995   0.299182 2.2869419999999998 50.436523000000001
2996   0.42613600000000001 2.3459140000000001 50.468814999999999
2997   0.50342299999999995 2.4330630000000002 50.232826000000003
2998   0.60128599999999999 2.4142809999999999 50.408749
2999   0.683527 2.4761229999999999 50.195006999999997
3000   0.74213600000000002 2.4492579999999999 50.331527999999999
3001   0.83249399999999996 2.5026090000000001 50.174365999999999
3002   0.85225300000000004 2.4777580000000001 50.338154000000003
3003   0.94065600000000005 2.5203769999999999 50.182597999999999
3004   0.96518300000000001 2.5221710000000002 50.298271
3005   -0.254888 2.1147640000000001 50.234240999999997
3006   -0.33010499999999998 2.2044359999999998 50.119244000000002
3007   0.27471800000000002 2.3144680000000002 50.188797000000001
3008   0.16162499999999999 2.265927 50.152096
3009   0.18598899999999999 2.2344680000000001 50.285834999999999
3010   0.39152100000000001 2.4176489999999999 50.131138
3011   1.08647 2.5828880000000001 50.084052999999997
3012   1.25918 2.6460110000000001 49.963619000000001
3013   1.182409 2.631205 50.174267
3014   0.22661000000000001 2.3298920000000001 50.093307000000003
3015   0.29799999999999999 2.4165359999999998 50.018028000000001
3016   1.3069759999999999 2.6975579999999999 50.093842000000002
3017   1.4348369999999999 2.776964 50.00882
3018   1.347601 2.7786040000000001 50.238776999999999
3019   1.4711730000000001 2.8637459999999999 50.145980999999999
3020   1.395059 2.8730549999999999 50.325648999999999
3021   1.553202 2.8666040000000002 49.916355000000003
3022   1.511638 2.9206850000000002 50.228698999999999
3023   1.6489320000000001 2.9609450000000002 50.040478
3024   -1.1001620000000001 2.1763159999999999 50.581623
3025   -0.980124 2.137184 50.700522999999997
3026   -0.88101300000000005 2.104562 50.712494
3027   -0.75352300000000005 2.0757279999999998 50.691409999999998
3028   -0.64621600000000001 2.0464790000000002 50.629455999999998
3029   -0.539466 2.025684 50.636189000000002
3030   -0.46179900000000002 2.0231759999999999 50.617756
3031   -0.43890299999999999 2.0283929999999999 50.557673999999999
3032   0.16605600000000001 2.2299030000000002 50.660235999999998
3033   0.29379899999999998 2.263957 50.755116000000001
3034   0.30119200000000002 2.2760050000000001 50.595954999999996
3035   0.37583 2.2832110000000001 50.72007
3036   0.41963099999999998 2.307938 50.638644999999997
3037   0.46422000000000002 2.3127360000000001 50.733916999999998
3038   0.17559 2.2251590000000001 50.459327999999999
3039   0.015893999999999998 2.1508949999999998 50.579441000000003
3040   0.54972200000000004 2.3640919999999999 50.632686999999997
3041   0.73302500000000004 2.4306739999999998 50.534523
3042   0.89202000000000004 2.4965220000000001 50.492592000000002
3043   0.81181599999999998 2.478885 50.708686999999998
3044   -0.137738 2.0564680000000002 50.419060000000002
3045   -0.12500500000000001 2.1344989999999999 50.185397999999999
3046   0.048445000000000002 2.1580650000000001 50.271380999999998
3047   0.93689500000000003 2.5559289999999999 50.650157999999998
3048   0.90811500000000001 2.51796 50.830914
3049   1.050681 2.5822500000000002 50.380184
3050   1.0795950000000001 2.6747809999999999 50.598125000000003
3051   1.2100930000000001 2.6834150000000001 50.334732000000002
3052   1.262751 2.8225349999999998 50.462184999999998
3053   1.160045 2.8194710000000001 50.627445000000002
3054   1.4292130000000001 2.9433099999999999 50.372374999999998
3055   -1.0102930000000001 2.146649 50.773162999999997
3056   -0.90608900000000003 2.1044619999999998 50.804417000000001
3057   0.43444899999999997 2.3014990000000002 50.814673999999997
3058   0.54313299999999998 2.3612099999999998 50.805377999999997
3059   0.67419300000000004 2.4160870000000001 50.756183999999998
3060   -0.74496600000000002 2.2549009999999998 50.222335999999999
3061   -0.70671499999999998 2.4371640000000001 49.897208999999997
3062   -0.569241 2.439406 49.917389
3063   -0.66148300000000004 2.4737390000000001 49.832821000000003
3064   -0.60286499999999998 2.3597229999999998 50.07235
3065   -0.50326199999999999 2.2562880000000001 50.212741999999999
3066   -0.60876799999999998 2.2698 50.219653999999998
3067   -0.82642599999999999 2.4276990000000001 49.840739999999997
3068   -0.90371999999999997 2.234 50.201236999999999
3069   -0.83151699999999995 2.3192560000000002 50.047958000000001
3070   -0.87519199999999997 2.2695210000000001 50.124412999999997
3071   -0.786215 2.3876979999999999 49.951267000000001
3072   -0.39974599999999999 2.303547 50.041882000000001
3073   -0.45811499999999999 2.380134 49.975140000000003
3074   -0.43060100000000001 2.261425 50.139094999999998
3075   -1.3516509999999999 2.3016019999999999 50.254210999999998
3076   -1.283398 2.290308 50.219208000000002
3077   -1.614414 2.3458480000000002 50.102317999999997
3078   -1.548252 2.335156 50.198836999999997
3079   -1.458939 2.3154509999999999 50.278953999999999
3080   -1.707346 2.3598439999999998 50.02261
3081   -1.354087 2.2812899999999998 50.410651999999999
3082   -1.234477 2.2344300000000001 50.535065000000003
3083   0.80202600000000002 2.4700199999999999 50.864058999999997
3084   7.1081849999999998 2.2651940000000002 39.497978000000003
3085   7.4608169999999996 1.997509 39.488686000000001
3086   5.296818 -0.19703499999999999 39.233787999999997
3087   6.3922359999999996 2.5639050000000001 39.499920000000003
3088   7.9531609999999997 1.658941 39.489182
3089   5.661238 2.8758330000000001 39.496890999999998
3090   5.4149370000000001 2.8747069999999999 39.477898000000003
3091   6.7693750000000001 2.458914 39.505611000000002
3092   4.6386219999999998 2.6162070000000002 39.434879000000002
3093   4.4978449999999999 2.5038969999999998 39.432648
3094   4.915705 2.8173119999999998 39.446162999999999
3095   5.2015029999999998 2.800529 39.463757000000001
3096   6.0026270000000004 2.6992180000000001 39.496979000000003
3097   8.2985179999999996 -1.6232340000000001 38.993237000000001
3098   7.300783 -1.6498969999999999 38.970466999999999
3099   7.5636169999999998 -1.71682 38.965125999999998
3100   7.8649880000000003 -1.621767 38.987389
3101   6.9229640000000003 -1.4073599999999999 39.00309
3102   6.138433 -1.1148739999999999 39.044552000000003
3103   5.5472539999999997 -0.59119299999999997 39.158400999999998
3104   5.8328889999999998 -0.907335 39.089362999999999
3105   8.7505939999999995 0.078398999999999996 39.365295000000003
3106   4.7888760000000001 2.7337090000000002 39.436905000000003
3107   4.5094570000000003 0.81892200000000004 39.359851999999997
3108   4.8987889999999998 0.73339500000000002 39.35181
3109   4.2754539999999999 1.9677560000000001 39.41827
3110   4.3770189999999998 2.3818410000000001 39.430732999999996
3111   4.3040710000000004 1.3129900000000001 39.385452000000001
3112   7.691935 1.6067659999999999 39.466866000000003
3113   7.4462820000000001 1.603531 39.457993000000002
3114   8.2371250000000007 -1.2062999999999999 39.069412
3115   5.1455109999999999 0.82450599999999996 39.364913999999999
3116   5.22783 0.58203199999999999 39.339165000000001
3117   5.0308020000000004 1.088714 39.383163000000003
3118   4.6990920000000003 1.1667799999999999 39.382277999999999
3119   8.3830179999999999 -0.34040300000000001 39.243935
3120   8.2950060000000008 -0.79723200000000005 39.149281000000002
3121   8.7131790000000002 -0.41448099999999999 39.253822
3122   7.0381479999999996 1.957322 39.473415000000003
3123   6.6894679999999997 1.9817739999999999 39.468060000000001
3124   6.5785419999999997 2.2346550000000001 39.481983
3125   7.751239 1.24255 39.439346
3126   8.0495819999999991 1.2660499999999999 39.457591999999998
3127   6.2398490000000004 2.362816 39.481979000000003
3128   5.28512 2.4505499999999998 39.454292000000002
3129   5.139545 2.0511020000000002 39.433723000000001
3130   4.9451559999999999 2.5441039999999999 39.442355999999997
3131   4.6495199999999999 2.2034889999999998 39.429001
3132   4.8696599999999997 1.427648 39.401027999999997
3133   4.6060140000000001 1.6389130000000001 39.406669999999998
3134   4.8751810000000004 1.7630650000000001 39.417374000000002
3135   8.0558320000000005 0.96308199999999999 39.426208000000003
3136   8.2534270000000003 0.97143299999999999 39.442267999999999
3137   8.3065339999999992 0.58655900000000005 39.39669
3138   5.6207640000000003 2.3603160000000001 39.463706999999999
3139   5.973789 2.2371089999999998 39.468299999999999
3140   5.7463839999999999 1.7096560000000001 39.434680999999998
3141   6.3397709999999998 1.9708779999999999 39.461697000000001
3142   6.6976250000000004 1.1064160000000001 39.423819999999999
3143   6.8446340000000001 1.3291980000000001 39.434390999999998
3144   7.0002959999999996 1.001406 39.412716000000003
3145   6.4095500000000003 1.4788399999999999 39.439903000000001
3146   6.3703519999999996 1.020135 39.418982999999997
3147   6.1108440000000002 1.310432 39.427284
3148   6.7935739999999996 0.64540500000000001 39.384475999999999
3149   7.3465949999999998 0.63390999999999997 39.380218999999997
3150   7.1738929999999996 0.119487 39.311993000000001
3151   6.6148100000000003 0.090579999999999994 39.304665
3152   6.2845979999999999 0.56819600000000003 39.370735000000003
3153   5.5971880000000001 0.190249 39.294967999999997
3154   5.8752760000000004 0.55613800000000002 39.356495000000002
3155   6.1327299999999996 0.14218800000000001 39.305557
3156   5.9629159999999999 1.012127 39.402016000000003
3157   5.4549539999999999 0.92441499999999999 39.377014000000003
3158   7.278162 1.274527 39.431140999999997
3159   5.1680010000000003 1.4925600000000001 39.410083999999998
3160   6.7745759999999997 1.6843239999999999 39.452441999999998
3161   6.3609900000000001 -0.12453599999999999 39.258178999999998
3162   8.1121239999999997 0.146366 39.315159000000001
3163   7.6980040000000001 0.12986800000000001 39.302512999999998
3164   7.8447279999999999 0.70050800000000002 39.387203
3165   5.4172950000000002 2.161956 39.446838
3166   7.3728769999999999 -0.87190400000000001 39.111396999999997
3167   7.7360990000000003 -1.1582509999999999 39.066623999999997
3168   7.3117039999999998 -1.2726649999999999 39.036270000000002
3169   6.9905799999999996 -0.62693600000000005 39.152949999999997
3170   6.9617170000000002 -1.0231859999999999 39.075634000000001
3171   6.5565800000000003 -0.76700100000000004 39.121166000000002
3172   6.5605880000000001 -1.1150119999999999 39.050640000000001
3173   8.0896779999999993 -0.62393600000000005 39.174453999999997
3174   8.0278690000000008 -0.90406799999999998 39.120204999999999
3175   7.769031 -0.71406800000000004 39.149093999999998
3176   7.4370019999999997 -0.383017 39.205241999999998
3177   7.9316380000000004 -0.31168499999999999 39.227406000000002
3178   6.9717219999999998 -0.24587700000000001 39.231158999999998
3179   6.5995900000000001 -0.35211700000000001 39.208553000000002
3180   6.1122740000000002 -0.33947699999999997 39.207321
3181   5.5581630000000004 2.698855 39.478954000000002
3182   7.5569449999999998 -1.490618 39.002578999999997
3183   6.1453369999999996 -0.80867900000000004 39.109684000000001
3184   5.6807780000000001 -0.31057899999999999 39.210213000000003
3185   5.8610930000000003 -0.59435199999999999 39.154643999999998
3186   8.3998209999999993 0.11927599999999999 39.330562999999998
3187   -0.45296799999999998 3.4954079999999998 47.11797
3188   -0.46201500000000001 3.468423 46.905456999999998
3189   -0.43703799999999998 3.4661729999999999 46.745624999999997
3190   -0.45363799999999999 3.454278 45.882198000000002
3191   -0.48658899999999999 3.4579650000000002 45.726593000000001
3192   -0.40016200000000002 3.4621119999999999 46.099086999999997
3193   0.040723000000000002 3.42787 49.082500000000003
3194   -0.204153 3.2956029999999998 43.790249000000003
3195   -0.40188000000000001 3.4506579999999998 46.356346000000002
3196   -0.39274799999999999 3.47498 46.554076999999999
3197   -0.556724 3.491803 44.340324000000003
3198   -0.61234900000000003 3.517074 44.457123000000003
3199   -0.27638499999999999 3.4232330000000002 49.069729000000002
3200   -0.420792 3.419489 49.079501999999998
3201   -0.472549 3.4602089999999999 44.222144999999998
3202   -0.85456500000000002 3.5022609999999998 45.094631
3203   -0.84349700000000005 3.480718 45.200046999999998
3204   -0.77367699999999995 3.466621 45.402287000000001
3205   -0.79079500000000003 3.470494 45.299979999999998
3206   -0.067518999999999996 3.1830859999999999 43.515549
3207   0.012122000000000001 3.140174 43.448462999999997
3208   -0.71594999999999998 3.5268259999999998 44.672466
3209   -0.78429000000000004 3.5160650000000002 44.897289000000001
3210   0.016945000000000002 3.0929220000000002 43.334941999999998
3211   -0.66900599999999999 3.5199590000000001 44.553513000000002
3212   -0.708978 3.456588 45.500484
3213   -0.59990200000000005 3.4597880000000001 45.610579999999999
3214   -0.33354400000000001 3.3451339999999998 43.918736000000003
3215   -0.40221600000000002 3.4027630000000002 44.079559000000003
3216   0.064586000000000005 2.9516930000000001 43.067207000000003
3217   0.13772799999999999 2.8531170000000001 42.866821000000002
3218   1.2542260000000001 3.5758459999999999 44.357224000000002
3219   1.2600929999999999 3.5083479999999998 43.983218999999998
3220   0.91565399999999997 2.75468 42.104953999999999
3221   1.1083769999999999 2.884198 42.123908999999998
3222   1.183708 2.9941360000000001 42.235965999999998
3223   0.86359799999999998 2.64351 41.891128999999999
3224   1.1268530000000001 3.0576850000000002 42.560623
3225   0.76949000000000001 2.702213 42.187244
3226   0.62227699999999997 2.6552250000000002 42.203170999999998
3227   1.2117230000000001 3.6799970000000002 44.916274999999999
3228   1.134395 3.7489300000000001 45.644328999999999
3229   1.1098730000000001 3.7697479999999999 45.892693000000001
3230   1.0981590000000001 3.79095 46.201588000000001
3231   1.173189 3.8706109999999998 46.592677999999999
3232   0.42563099999999998 2.6630769999999999 42.304665
3233   0.297732 2.731093 42.558159000000003
3234   0.467804 2.7208329999999998 42.467339000000003
3235   -0.69362500000000005 3.5096240000000001 48.046734000000001
3236   -0.70165299999999997 3.498942 48.188369999999999
3237   -0.61283799999999999 3.5275530000000002 48.132506999999997
3238   -0.63502899999999995 3.5274809999999999 47.867016
3239   1.1963919999999999 3.326025 43.279677999999997
3240   1.236361 3.4081640000000002 43.586033
3241   1.1672290000000001 3.192882 42.908999999999999
3242   0.538076 3.392725 48.615718999999999
3243   0.75611499999999998 3.3691239999999998 48.567588999999998
3244   0.92751499999999998 3.3917410000000001 48.476315
3245   -0.85711099999999996 3.5133679999999998 44.998047
3246   -0.62170099999999995 3.5319289999999999 47.729050000000001
3247   -0.59389400000000003 3.5383969999999998 47.568722000000001
3248   -0.57702900000000001 3.407556 49.056674999999998
3249   0.36194399999999999 3.4138099999999998 48.772778000000002
3250   1.220852 3.8527680000000002 47.106831
3251   1.235309 3.7533829999999999 47.580356999999999
3252   1.2461120000000001 3.8186420000000001 47.395530999999998
3253   -0.90010699999999999 3.4233880000000001 48.855057000000002
3254   -0.90937199999999996 3.427575 48.722392999999997
3255   1.0472319999999999 3.453862 48.278393000000001
3256   -0.73274700000000004 3.4086889999999999 49.006531000000003
3257   -0.82486999999999999 3.4314339999999999 48.933731000000002
3258   -0.85999700000000001 3.4458030000000002 48.576981000000004
3259   -0.86923300000000003 3.442939 48.459988000000003
3260   1.072225 3.2835369999999999 43.509757999999998
3261   1.032772 3.4600919999999999 44.276623000000001
3262   0.27024300000000001 3.0650659999999998 43.445427000000002
3263   0.010199 3.2238869999999999 43.703471999999998
3264   0.16991700000000001 3.3264749999999998 44.27449
3265   0.21457499999999999 3.5161570000000002 45.141209000000003
3266   0.49755300000000002 3.341882 44.597594999999998
3267   0.74718200000000001 3.2816779999999999 43.903427000000001
3268   0.87103399999999997 3.4784380000000001 44.943767999999999
3269   0.60133099999999995 3.5254699999999999 45.600265999999998
3270   0.99252300000000004 3.7082359999999999 45.925334999999997
3271   0.290603 3.504502 46.107413999999999
3272   0.50357700000000005 3.5090140000000001 47.007511000000001
3273   0.71648800000000001 3.531145 46.496448999999998
3274   0.94281899999999996 3.6550470000000002 47.181953
3275   1.0398160000000001 3.7358099999999999 46.783214999999998
3276   0.86415600000000004 3.5668850000000001 47.570205999999999
3277   1.1214459999999999 3.6564169999999998 47.665958000000003
3278   0.317857 3.5409920000000001 47.565159000000001
3279   0.639764 3.5060470000000001 47.633296999999999
3280   1.1359189999999999 3.7727110000000001 47.201678999999999
3281   0.63718200000000003 2.9855079999999998 43.158836000000001
3282   0.87199199999999999 3.1035979999999999 43.219124000000001
3283   1.081026 3.028912 42.594298999999999
3284   0.70612200000000003 2.808932 42.556598999999999
3285   0.82270900000000002 2.9713859999999999 42.896210000000004
3286   0.393708 2.839143 42.879570000000001
3287   0.85999300000000001 3.4727489999999999 47.906207999999999
3288   1.0810299999999999 3.5252659999999998 47.989685000000001
3289   0.94321999999999995 3.42944 48.183906999999998
3290   0.67456000000000005 3.4017330000000001 48.094486000000003
3291   0.35971599999999998 3.4295819999999999 48.485638000000002
3292   0.68718599999999996 3.3692959999999998 48.436798000000003
3293   0.85712900000000003 3.387143 48.375736000000003
3294   -0.11459 3.3653149999999998 44.136456000000003
3295   -0.379137 3.4409800000000001 44.220139000000003
3296   -0.29080699999999998 3.4593859999999999 44.441707999999998
3297   -0.45791799999999999 3.4843649999999999 44.368518999999999
3298   -0.073312000000000002 3.4543849999999998 44.614773
3299   -0.31548700000000002 3.4846729999999999 44.680782000000001
3300   -0.45264900000000002 3.487295 44.545276999999999
3301   -0.50221499999999997 3.4884879999999998 44.682625000000002
3302   -0.415184 3.496375 44.782077999999998
3303   -0.27348699999999998 3.4997240000000001 44.927757
3304   -0.54134899999999997 3.5098919999999998 44.455916999999999
3305   -0.54338799999999998 3.497312 44.838791000000001
3306   -0.57559099999999996 3.513684 44.563144999999999
3307   -0.62598600000000004 3.5185149999999998 44.682845999999998
3308   -0.69354300000000002 3.518481 44.794314999999997
3309   -0.67109200000000002 3.4939939999999998 44.934555000000003
3310   -0.35680899999999999 3.4923160000000002 45.345387000000002
3311   -0.22891800000000001 3.4930300000000001 45.766426000000003
3312   -0.52512700000000001 3.479266 45.061207000000003
3313   -0.59081399999999995 3.4664410000000001 45.259650999999998
3314   -0.477495 3.4843069999999998 45.595444000000001
3315   0.0030839999999999999 3.5194139999999998 46.698855999999999
3316   -0.33163900000000002 3.4938189999999998 46.792659999999998
3317   -0.23779900000000001 3.4828450000000002 46.325786999999998
3318   -0.101482 3.5291419999999998 47.213703000000002
3319   -0.58721900000000005 3.4790619999999999 45.449612000000002
3320   -0.74521999999999999 3.4811329999999998 45.114863999999997
3321   -0.70985299999999996 3.4733350000000001 45.343181999999999
3322   -0.224025 3.5475829999999999 47.737327999999998
3323   -0.036181999999999999 3.5310679999999999 48.262332999999998
3324   -0.46105000000000002 3.5335719999999999 47.434306999999997
3325   -0.39144499999999999 3.542392 48.159592000000004
3326   0.010841 3.4625309999999998 48.921832999999999
3327   -0.38423099999999999 3.5312950000000001 48.561847999999998
3328   -0.52762600000000004 3.5439150000000001 47.668205
3329   -0.51893500000000004 3.5406460000000002 47.896500000000003
3330   -0.464364 3.4680300000000002 48.910727999999999
3331   -0.477161 3.5373359999999998 48.357585999999998
3332   -0.505494 3.5054189999999998 48.718246000000001
3333   -0.59075 3.540975 47.784370000000003
3334   -0.62739699999999998 3.4379230000000001 48.988948999999998
3335   -0.68247999999999998 3.4477250000000002 48.907646
3336   -0.57853600000000005 3.5123820000000001 48.497428999999997
3337   -0.65010900000000005 3.5057160000000001 48.310524000000001
3338   -0.58726299999999998 3.4983919999999999 48.701363000000001
3339   -0.62064600000000003 3.4763130000000002 48.791412000000001
3340   -0.61915100000000001 3.5366499999999998 47.988292999999999
3341   -0.54046099999999997 3.5308820000000001 48.239071000000003
3342   -0.71062800000000004 3.4708130000000001 48.584358000000002
3343   -0.55403400000000003 3.5168620000000002 48.612129000000003
3344   -0.78500599999999998 3.4505759999999999 48.799171000000001
3345   -0.760575 3.4752809999999998 48.451625999999997
3346   -0.80760600000000005 3.4510900000000002 48.675300999999997
3347   -0.68051700000000004 3.4756819999999999 48.691456000000002
3348   0.84879300000000002 2.8220909999999999 42.369022000000001
3349   0.47945700000000002 1.1959949999999999 51.143993000000002
3350   1.115038 1.557833 51.134472000000002
3351   0.209176 1.6920010000000001 51.107517000000001
3352   1.886822 2.7863790000000002 51.136726000000003
3353   2.4528910000000002 2.7723979999999999 51.153671000000003
3354   2.7442570000000002 3.1183149999999999 51.140621000000003
3355   -0.34000200000000003 1.5670379999999999 51.116771999999997
3356   2.7027770000000002 2.1231230000000001 51.157974000000003
3357   -0.58349300000000004 1.4922230000000001 51.160026999999999
3358   -0.86153599999999997 1.332735 51.179172999999999
3359   2.0371359999999998 2.2175669999999998 51.142105000000001
3360   2.1183459999999998 1.2146520000000001 51.149227000000003
3361   -0.079198000000000005 1.305952 51.139851
3362   -0.53097799999999995 1.227333 51.165405
3363   0.97772899999999996 0.48461900000000002 51.152267000000002
3364   -0.03322 0.35318100000000002 51.146168000000003
3365   2.5503390000000001 0.65812499999999996 51.140841999999999
3366   2.1440929999999998 0.119292 51.142254000000001
3367   1.9410229999999999 -0.46478799999999998 51.151629999999997
3368   1.2226170000000001 -0.38911800000000002 51.144150000000003
3369   -1.352328 1.80707 51.181984
3370   -1.109775 1.6189249999999999 51.183551999999999
3371   -1.3032379999999999 1.326101 51.179588000000003
3372   -1.450177 1.6104039999999999 51.181870000000004
3373   -0.82853699999999997 0.96739299999999995 51.172268000000003
3374   -1.1350789999999999 1.033029 51.176090000000002
3375   -0.60394099999999995 0.660636 51.153694000000002
3376   -1.14269 0.65051300000000001 51.160957000000003
3377   0.29441600000000001 -0.41178799999999999 51.118996000000003
3378   0.67234000000000005 -0.708901 51.082377999999999
3379   1.0811059999999999 -0.87716300000000003 51.048530999999997
3380   1.4848710000000001 2.706299 51.059291999999999
3381   1.1949590000000001 2.5430839999999999 50.960296999999997
3382   1.0085139999999999 2.2729490000000001 51.000008000000001
3383   0.95900799999999997 2.471155 50.913834000000001
3384   3.8564310000000002 1.721292 50.389988000000002
3385   3.8342179999999999 1.554691 50.371029
3386   5.2562620000000004 -2.1052719999999998 38.977791000000003
3387   4.8191319999999997 -1.394814 39.131816999999998
3388   4.7571560000000002 -1.095383 39.158324999999998
3389   4.4517410000000002 -0.87403799999999998 39.234802000000002
3390   1.0729519999999999 0.59784099999999996 40.098399999999998
3391   0.363817 0.815249 40.319107000000002
3392   -0.019675000000000002 0.97251200000000004 40.401802000000004
3393   5.2378460000000002 -3.6682619999999999 38.893284000000001
3394   5.4420539999999997 -3.4938419999999999 38.850665999999997
3395   5.0201149999999997 -1.718885 39.038158000000003
3396   5.555847 -2.6565219999999998 38.902366999999998
3397   -0.52697799999999995 -3.2090540000000001 40.532352000000003
3398   -0.30645800000000001 -3.3724120000000002 40.424441999999999
3399   4.2371080000000001 -0.870869 39.302860000000003
3400   3.7993800000000002 -0.43986999999999998 39.402306000000003
3401   4.1681910000000002 -3.5732879999999998 39.293396000000001
3402   3.806492 -3.506497 39.431109999999997
3403   3.4067799999999999 -3.6309689999999999 39.591106000000003
3404   3.354892 -0.17920900000000001 39.504181000000003
3405   3.1422720000000002 0.0096080000000000002 39.523063999999998
3406   2.9578030000000002 0.138069 39.527939000000003
3407   -0.79361899999999996 1.152641 40.572040999999999
3408   -0.43340899999999999 1.0462050000000001 40.493191000000003
3409   2.5617540000000001 0.277175 39.601985999999997
3410   1.9795499999999999 0.28144999999999998 39.843941000000001
3411   -1.0583070000000001 1.202188 40.693584000000001
3412   1.5990040000000001 -3.7157429999999998 39.982647
3413   2.1776870000000002 -3.7845849999999999 39.922297999999998
3414   4.537687 -1.128455 39.217238999999999
3415   -1.3304469999999999 1.1912450000000001 40.814532999999997
3416   -1.5147839999999999 1.031887 40.912525000000002
3417   4.8910609999999997 -3.8655900000000001 39.046855999999998
3418   -0.10686900000000001 -3.4327649999999998 40.365600999999998
3419   -1.3586180000000001 -2.5587879999999998 40.886105000000001
3420   -1.580087 -2.271604 41.017097
3421   -1.711311 -2.101267 41.118640999999997
3422   -2.0852460000000002 0.60005200000000003 41.234112000000003
3423   -2.2144170000000001 0.17741999999999999 41.351787999999999
3424   -1.914113 0.79760299999999995 41.160693999999999
3425   -1.784843 0.94772800000000001 41.076180000000001
3426   0.081598000000000004 -3.4840409999999999 40.312393
3427   -1.169951 -2.7848890000000002 40.786906999999999
3428   -1.0197689999999999 -2.937703 40.734543000000002
3429   5.5587679999999997 -3.2325810000000001 38.862518000000001
3430   4.5722199999999997 -3.6870639999999999 39.155689000000002
3431   2.914647 -3.4993820000000002 39.727153999999999
3432   2.5664929999999999 -3.5557059999999998 39.794322999999999
3433   -1.865888 -1.800449 41.211604999999999
3434   -2.0711819999999999 -1.186191 41.330471000000003
3435   -2.2546810000000002 -0.47212700000000002 41.408473999999998
3436   0.86340099999999997 -3.6692459999999998 40.138939000000001
3437   0.54898499999999995 -3.5877349999999999 40.189419000000001
3438   1.229544 -3.6009530000000001 40.064822999999997
3439   0.31027500000000002 -3.4847679999999999 40.251080000000002
3440   4.8620450000000002 -2.8183250000000002 39.235069000000003
3441   5.0707570000000004 -2.3744190000000001 39.130856000000001
3442   5.2874920000000003 -2.7591920000000001 39.040675999999998
3443   4.7013910000000001 -1.9119870000000001 39.267349000000003
3444   4.2657400000000001 -1.762875 39.482311000000003
3445   4.5415559999999999 -2.328665 39.393169
3446   4.8369949999999999 -3.6503450000000002 39.056094999999999
3447   4.6280669999999997 -3.2769080000000002 39.231952999999997
3448   5.293533 -3.1797849999999999 38.975436999999999
3449   4.1477760000000004 -2.852007 39.497902000000003
3450   3.5347270000000002 -2.4797150000000001 39.791224999999997
3451   3.9388359999999998 -2.134385 39.658234
3452   3.3452899999999999 -3.1191800000000001 39.706252999999997
3453   4.4551299999999996 -1.361243 39.287917999999998
3454   3.9881690000000001 -1.271908 39.532524000000002
3455   3.495234 -1.068643 39.721153000000001
3456   3.7894130000000001 -1.5939509999999999 39.695492000000002
3457   3.9928979999999998 -0.91805899999999996 39.414341
3458   3.8025959999999999 -0.95335999999999999 39.545658000000003
3459   3.5610590000000002 -0.57132099999999997 39.538207999999997
3460   3.2071079999999998 -0.598827 39.713431999999997
3461   3.2103959999999998 -1.774526 39.930430999999999
3462   2.8542719999999999 -0.83581000000000005 39.926430000000003
3463   2.5608610000000001 -1.4493240000000001 40.169635999999997
3464   2.8583280000000002 -0.058803000000000001 39.658627000000003
3465   2.2389800000000002 -0.81351099999999998 40.183200999999997
3466   2.368131 -0.26802700000000002 39.931598999999999
3467   1.5868390000000001 -0.51472600000000002 40.337890999999999
3468   1.917279 -0.189584 40.088912999999998
3469   3.0246759999999999 -2.491422 39.970993
3470   2.5894300000000001 -2.8598349999999999 40.017108999999998
3471   2.5743269999999998 -2.1474419999999999 40.161563999999998
3472   2.0291109999999999 -2.4201670000000002 40.268265
3473   2.1522489999999999 -1.752753 40.324924000000003
3474   1.5104880000000001 -1.840943 40.471428000000003
3475   1.363567 -2.6672760000000002 40.335704999999997
3476   1.9186920000000001 -3.1803110000000001 40.063910999999997
3477   0.84544399999999997 -3.3820960000000002 40.178493000000003
3478   0.58563299999999996 -2.753927 40.454884
3479   0.96431699999999998 -2.1977289999999998 40.540295
3480   -0.069950999999999999 -3.2017060000000002 40.412970999999999
3481   -0.093165999999999999 -2.6061049999999999 40.631622
3482   0.27748400000000001 -2.0709520000000001 40.691811000000001
3483   2.2469610000000002 -1.3196939999999999 40.290596000000001
3484   1.853871 -1.2133020000000001 40.390743000000001
3485   0.79858200000000001 -1.601116 40.657561999999999
3486   1.1072550000000001 -0.98617200000000005 40.572623999999998
3487   0.46606399999999998 -0.59040599999999999 40.709789000000001
3488   0.47637699999999999 -1.058416 40.747661999999998
3489   -0.273781 -0.738039 40.887889999999999
3490   0.21702199999999999 -1.421414 40.785477
3491   -0.235536 -1.586144 40.856979000000003
3492   0.81716999999999995 -0.095811999999999994 40.485008000000001
3493   -0.490062 -2.0939679999999998 40.840800999999999
3494   -0.760853 -2.659214 40.734352000000001
3495   -1.25498 -1.938596 41.034615000000002
3496   -0.83929600000000004 -1.420353 41.011524000000001
3497   1.3610359999999999 0.14365800000000001 40.161228000000001
3498   0.93005599999999999 0.36330400000000002 40.249985000000002
3499   0.21104600000000001 0.30886999999999998 40.597667999999999
3500   0.57643699999999998 0.49980000000000002 40.350338000000001
3501   0.19644500000000001 0.64009000000000005 40.471001000000001
3502   0.17280200000000001 -0.160996 40.723286000000002
3503   -0.309396 0.152031 40.802570000000003
3504   -0.16897599999999999 0.60767099999999996 40.621979000000003
3505   -0.090054999999999996 0.829789 40.465423999999999
3506   -1.02677 0.12124 40.996765000000003
3507   -0.67974800000000002 0.61789300000000003 40.782226999999999
3508   -1.2037230000000001 -0.69675900000000002 41.128444999999999
3509   -0.86422699999999997 0.99354600000000004 40.656230999999998
3510   -0.455897 0.84470500000000004 40.582118999999999
3511   -1.2314499999999999 0.87340899999999999 40.842686
3512   -1.1263799999999999 1.0578810000000001 40.731029999999997
3513   -1.26606 1.080508 40.786754999999999
3514   -1.7054910000000001 0.64971699999999999 41.065947999999999
3515   -1.406582 -1.255231 41.180790000000002
3516   -1.7488649999999999 -1.408379 41.247120000000002
3517   -1.8908640000000001 -0.69928500000000005 41.302371999999998
3518   -1.6193919999999999 -0.075692999999999996 41.196739000000001
3519   -2.0411109999999999 0.18731 41.277656999999998
3520   6.014545 -3.1884860000000002 39.706462999999999
3521   6.6988580000000004 -3.172342 39.677352999999997
3522   6.7568700000000002 -3.3819659999999998 39.900973999999998
3523   6.9608299999999996 -3.1982219999999999 39.776626999999998
3524   5.2234449999999999 -2.6291959999999999 39.760905999999999
3525   6.0719630000000002 -2.8291309999999998 39.575885999999997
3526   6.7753730000000001 -2.9785249999999999 39.566325999999997
3527   7.1312610000000003 -2.998167 39.723025999999997
3528   7.0191530000000002 -2.7102719999999998 39.528216999999998
3529   7.1862490000000001 -2.4391470000000002 39.620792000000002
3530   7.4387290000000004 -2.6192869999999999 39.857658000000001
3531   6.9826959999999998 -2.125705 39.525345000000002
3532   7.3331809999999997 -2.3089719999999998 39.832175999999997
3533   7.7320469999999997 -2.3178610000000002 39.865107999999999
3534   7.8917679999999999 -2.2486549999999998 39.730522000000001
3535   7.890282 -2.3522110000000001 39.938526000000003
3536   8.2726889999999997 -2.2829000000000002 39.871983
3537   8.0996000000000006 -2.4283670000000002 40.144202999999997
3538   4.8039639999999997 -1.950877 39.719810000000003
3539   4.226178 -2.0288529999999998 39.872055000000003
3540   7.1729940000000001 -2.149194 39.584335000000003
3541   7.5925390000000004 -2.129877 39.663936999999997
3542   7.544918 -2.245981 39.865948000000003
3543   7.3616710000000003 -2.0186609999999998 39.593609000000001
3544   7.8465499999999997 -2.078894 39.603065000000001
3545   8.1935780000000005 -2.100047 39.648952000000001
3546   8.4723939999999995 -2.1693250000000002 39.868499999999997
3547   7.3522540000000003 -2.1775229999999999 39.777026999999997
3548   7.4031849999999997 -1.771134 39.532927999999998
3549   8.1794189999999993 -1.835974 39.544006000000003
3550   8.4573879999999999 -1.915036 39.646439000000001
3551   8.8412959999999998 -1.7896890000000001 39.836224000000001
3552   8.7008449999999993 -1.5267109999999999 39.600955999999996
3553   4.3052640000000002 -1.320603 39.752307999999999
3554   8.5236059999999991 -1.2813349999999999 39.517265000000002
3555   8.9761869999999995 -1.3425020000000001 39.809531999999997
3556   8.6647409999999994 -1.037212 39.591248
3557   3.4765679999999999 -1.020049 39.885258
3558   3.6707649999999998 -1.757247 39.916137999999997
3559   7.6006309999999999 -0.50669900000000001 39.516930000000002
3560   4.178375 0.060623000000000003 39.697659000000002
3561   3.3000509999999998 -0.30191499999999999 39.862288999999997
3562   7.6774300000000002 -0.120085 39.663451999999999
3563   7.8722690000000002 0.35139999999999999 40.012034999999997
3564   3.4831349999999999 0.182285 39.856552000000001
3565   3.7116229999999999 0.44119799999999998 39.769897
3566   5.3866339999999999 0.92837199999999998 39.644038999999999
3567   4.567895 0.95635000000000003 39.568671999999999
3568   6.779261 0.31619900000000001 39.656860000000002
3569   3.6534680000000002 0.64386900000000002 39.895332000000003
3570   3.7622710000000001 0.98948700000000001 39.753998000000003
3571   4.0359850000000002 0.93241600000000002 39.579856999999997
3572   6.8396869999999996 0.96221800000000002 39.732455999999999
3573   3.5949520000000001 0.80828599999999995 40.055343999999998
3574   3.5365739999999999 1.0859669999999999 40.130443999999997
3575   4.0152729999999996 1.251968 39.691310999999999
3576   3.780157 1.3878919999999999 39.881599000000001
3577   4.6154219999999997 1.4272 39.631233000000002
3578   6.3169069999999996 1.2596179999999999 39.691688999999997
3579   6.6095259999999998 1.3795999999999999 39.953789
3580   4.3031519999999999 1.707738 39.906737999999997
3581   5.8829570000000002 1.5728599999999999 39.795684999999999
3582   5.3597679999999999 1.714269 39.771275000000003
3583   4.8856330000000003 1.723282 39.749656999999999
3584   4.6400030000000001 1.9593910000000001 40.018523999999999
3585   5.4582110000000004 -3.433808 40.163322000000001
3586   6.1894419999999997 -3.5735869999999998 40.169936999999997
3587   5.4200889999999999 -3.5239850000000001 40.374744
3588   4.9095639999999996 -3.211382 40.164211000000002
3589   4.8463240000000001 -3.3944839999999998 40.724747000000001
3590   5.9335120000000003 -3.3403 39.883842000000001
3591   6.9637580000000003 -3.4843609999999998 40.266052000000002
3592   7.3871159999999998 -3.3808370000000001 40.380614999999999
3593   2.2728890000000002 -2.9821719999999998 40.219616000000002
3594   2.2675809999999998 -3.0957650000000001 40.304355999999999
3595   2.140809 -3.0488 40.300204999999998
3596   2.6509079999999998 -3.0644360000000002 40.175285000000002
3597   2.5896560000000002 -3.0950669999999998 40.299736000000003
3598   2.9998450000000001 -3.0452520000000001 40.112797
3599   3.075971 -3.130509 40.240313999999998
3600   5.4246650000000001 -3.240132 39.996876
3601   7.8398789999999998 -3.185063 40.452193999999999
3602   2.060953 -2.9532379999999998 40.299895999999997
3603   2.5936180000000002 -2.8781949999999998 40.146712999999998
3604   3.3019020000000001 -2.9948109999999999 40.283836000000001
3605   3.2644479999999998 -2.9054169999999999 40.125107
3606   7.7885080000000002 -3.027863 40.258141000000002
3607   2.0174629999999998 -2.8090679999999999 40.274920999999999
3608   1.948817 -2.8686150000000001 40.356639999999999
3609   1.862527 -2.7628620000000002 40.36618
3610   2.2619549999999999 -2.5049769999999998 40.231814999999997
3611   3.0352510000000001 -2.6255950000000001 40.105747000000001
3612   3.3795600000000001 -2.83616 40.209381
3613   3.408766 -2.8253339999999998 40.324005
3614   3.9842430000000002 -2.6770200000000002 40.406235000000002
3615   4.1328680000000002 -2.4183949999999999 40.078570999999997
3616   7.7821889999999998 -2.8771460000000002 40.154964
3617   8.0457909999999995 -2.8265169999999999 40.422623000000002
3618   1.7542500000000001 -2.3915039999999999 40.405299999999997
3619   1.7229620000000001 -2.6389049999999998 40.505172999999999
3620   1.450391 -2.5077739999999999 40.550102000000003
3621   1.9018170000000001 -2.6368170000000002 40.336784000000002
3622   3.3960650000000001 -2.6834560000000001 40.179394000000002
3623   3.426968 -2.7121019999999998 40.322246999999997
3624   7.8281000000000001 -2.7133850000000002 40.179192
3625   1.519166 -2.248942 40.483521000000003
3626   1.1599139999999999 -2.3108909999999998 40.595168999999999
3627   1.7447509999999999 -1.7793840000000001 40.475399000000003
3628   3.3867569999999998 -2.53146 40.124885999999996
3629   3.510516 -2.610779 40.301003000000001
3630   3.5637729999999999 -2.5147240000000002 40.21096
3631   3.6510910000000001 -2.5593430000000001 40.411236000000002
3632   3.7994349999999999 -2.4405999999999999 40.197136
3633   0.98465199999999997 -1.962548 40.598090999999997
3634   2.9059699999999999 -1.8451580000000001 40.112575999999997
3635   3.4922 -2.2625440000000001 40.063206000000001
3636   7.5570899999999996 -2.3476509999999999 40.050235999999998
3637   7.7151319999999997 -2.377065 40.300700999999997
3638   7.7743630000000001 -2.3296570000000001 40.220917
3639   8.3548819999999999 -2.502618 40.347889000000002
3640   3.8556110000000001 -2.2176450000000001 40.026943000000003
3641   1.020875 -1.6340460000000001 40.621346000000003
3642   3.7823560000000001 -2.0478749999999999 39.961201000000003
3643   8.7798420000000004 -2.1967599999999998 40.283417
3644   9.0724999999999998 -1.9455549999999999 40.340057000000002
3645   1.2021299999999999 -1.239574 40.634430000000002
3646   9.2988719999999994 -1.6276379999999999 40.323813999999999
3647   0.65635699999999997 -1.360136 40.737324000000001
3648   1.787982 -0.71074499999999996 40.399158
3649   2.6998570000000002 -0.93150900000000003 40.141907000000003
3650   9.2282329999999995 -1.1736249999999999 40.160201999999998
3651   9.3392149999999994 -1.362055 40.402785999999999
3652   0.73176300000000005 -0.72282999999999997 40.668247000000001
3653   9.1221300000000003 -0.79822499999999996 40.122580999999997
3654   9.3016509999999997 -0.87768000000000002 40.387711000000003
3655   8.8973949999999995 -0.48840600000000001 40.131790000000002
3656   1.327985 -0.36943300000000001 40.427295999999998
3657   1.8280270000000001 -0.047279000000000002 40.263969000000003
3658   9.1799990000000005 -0.611985 40.407443999999998
3659   8.8601329999999994 -0.22179599999999999 40.638607
3660   9.0704030000000007 -0.45930700000000002 40.455029000000003
3661   8.3336229999999993 0.31533899999999998 40.456467000000004
3662   0.994923 0.011178 40.479106999999999
3663   2.9377469999999999 0.076184000000000002 40.010131999999999
3664   1.5405720000000001 0.324382 40.362892000000002
3665   2.4214099999999998 0.40192699999999998 40.112282
3666   3.3567520000000002 0.38120900000000002 40.096321000000003
3667   3.1041430000000001 0.34054899999999999 40.105553
3668   3.5328870000000001 0.35864200000000002 39.926254
3669   2.8107890000000002 0.514818 40.194510999999999
3670   3.2283620000000002 0.53584100000000001 40.420752999999998
3671   3.4681479999999998 0.50684399999999996 40.406815000000002
3672   3.5499909999999999 0.56188300000000002 40.314526000000001
3673   3.535704 0.516675 40.109760000000001
3674   3.553175 0.63859900000000003 40.284168000000001
3675   3.5396800000000002 0.75786699999999996 40.417724999999997
3676   3.4617610000000001 0.98604099999999995 40.418098000000001
3677   7.483619 0.91810499999999995 40.202472999999998
3678   3.1601590000000002 1.33833 40.808258000000002
3679   3.3110149999999998 1.415092 40.448169999999998
3680   3.4111229999999999 1.623569 40.365718999999999
3681   6.595326 1.806316 40.532406000000002
3682   5.770759 1.9576420000000001 40.174770000000002
3683   3.7175349999999998 2.0053260000000002 40.487202000000003
3684   5.0045400000000004 1.9894339999999999 40.027293999999998
3685   4.24099 2.158617 40.395671999999998
3686   4.7509889999999997 2.3415889999999999 40.599335000000004
3687   6.5268600000000001 -3.5798700000000001 40.780956000000003
3688   5.3482690000000002 -3.5561660000000002 40.758040999999999
3689   3.0817510000000001 -3.1165389999999999 40.346404999999997
3690   4.261927 -3.1194570000000001 40.761851999999998
3691   3.2665380000000002 -2.894501 40.445205999999999
3692   2.9707720000000002 -2.9448970000000001 40.529251000000002
3693   8.2908770000000001 -2.8023729999999998 40.732185000000001
3694   3.207973 -2.5817809999999999 40.583511000000001
3695   3.3550430000000002 -2.7340209999999998 40.431601999999998
3696   3.5914950000000001 -2.6761439999999999 40.839511999999999
3697   8.0212990000000008 -2.6275590000000002 40.376694000000001
3698   8.2244960000000003 -2.6720459999999999 40.478157000000003
3699   8.4004619999999992 -2.7237580000000001 40.818153000000002
3700   8.3451909999999998 -2.838778 40.969410000000003
3701   8.5459289999999992 -2.5680109999999998 40.749153
3702   0.045238 -2.343998 40.751548999999997
3703   0.49767400000000001 -2.282937 40.693004999999999
3704   0.13816300000000001 -2.7776079999999999 41.008938000000001
3705   0.822855 -2.660657 40.770820999999998
3706   1.1671959999999999 -2.7159659999999999 40.759399000000002
3707   1.5027159999999999 -2.6688239999999999 40.663170000000001
3708   3.4484859999999999 -2.5986440000000002 40.499854999999997
3709   8.067475 -2.50217 40.327351
3710   8.5437729999999998 -2.4590070000000002 40.445628999999997
3711   8.7525490000000001 -2.3918080000000002 40.618201999999997
3712   1.8017749999999999 -2.6489220000000002 40.624447000000004
3713   2.0229629999999998 -2.608673 40.712090000000003
3714   1.770413 -2.6679780000000002 40.712578000000001
3715   2.413427 -2.583704 40.659584000000002
3716   2.2977699999999999 -2.465112 40.791179999999997
3717   3.268408 -2.4607700000000001 40.670909999999999
3718   3.309113 -2.432318 40.767772999999998
3719   3.5028459999999999 -2.576975 40.668647999999997
3720   8.7838189999999994 -2.3266290000000001 40.880375000000001
3721   8.9650540000000003 -2.1685919999999999 40.585845999999997
3722   -0.303178 -2.2917350000000001 40.842151999999999
3723   0.011705999999999999 -2.0472589999999999 40.756762999999999
3724   2.597054 -2.2025130000000002 40.768993000000002
3725   3.1040749999999999 -2.166153 40.697642999999999
3726   2.8978619999999999 -2.1691289999999999 40.603904999999997
3727   9.1377520000000008 -1.9661200000000001 40.763863000000001
3728   -0.55332300000000001 -1.947406 40.935287000000002
3729   0.53893100000000005 -1.8112809999999999 40.710296999999997
3730   0.073828000000000005 -1.5724279999999999 40.819941999999998
3731   -0.4234 -1.4521710000000001 40.925358000000003
3732   3.0869770000000001 -2.0087929999999998 40.816352999999999
3733   2.9422929999999998 -1.9181360000000001 40.692677000000003
3734   2.7898299999999998 -1.6138809999999999 40.757762999999997
3735   2.8675190000000002 -1.7561770000000001 40.808807000000002
3736   9.3212109999999999 -1.53559 40.742663999999998
3737   -0.033162999999999998 -1.1995739999999999 40.881790000000002
3738   0.338173 -1.1630039999999999 40.824097000000002
3739   9.2948280000000008 -0.78398400000000001 40.714531000000001
3740   -0.334926 -1.093313 40.929295000000003
3741   -0.068228999999999998 -0.95482800000000001 40.881695000000001
3742   0.209512 -0.94538299999999997 40.834296999999999
3743   -0.64971900000000005 -0.48730800000000002 40.982745999999999
3744   -1.0831569999999999 -0.52861499999999995 41.097262999999998
3745   -0.92059500000000005 -0.19209300000000001 41.018439999999998
3746   -0.550736 -0.87789399999999995 40.973305000000003
3747   -0.27891700000000003 -0.59559600000000001 40.904983999999999
3748   -0.23616000000000001 -0.84314 40.907657999999998
3749   9.0995089999999994 -0.47810200000000003 40.669589999999999
3750   -1.2905420000000001 -0.28821400000000003 41.159602999999997
3751   -1.5632490000000001 -0.44782499999999997 41.316215999999997
3752   -1.535067 -0.22984199999999999 41.291302000000002
3753   -0.59054399999999996 -0.12169199999999999 40.927666000000002
3754   -0.021891000000000001 -0.086011000000000004 40.767727000000001
3755   -1.3488929999999999 0.041975999999999999 41.178829
3756   -1.094843 0.0082520000000000007 41.057735000000001
3757   8.8972630000000006 -0.28942200000000001 41.035361999999999
3758   -0.76566900000000004 0.27760299999999999 40.924788999999997
3759   4.1327829999999999 0.037227000000000003 40.641621000000001
3760   4.1627419999999997 -0.020632999999999999 40.842692999999997
3761   4.2317450000000001 0.042162999999999999 40.686317000000003
3762   4.3126870000000004 -0.037773000000000001 40.952933999999999
3763   -1.2466029999999999 0.37715399999999999 41.083584000000002
3764   -1.1096090000000001 0.21140100000000001 41.040615000000003
3765   0.55691900000000005 0.550014 40.558216000000002
3766   1.0655300000000001 0.45965800000000001 40.479267
3767   3.9981659999999999 0.32104700000000003 41.013320999999998
3768   4.2440660000000001 0.073427999999999993 41.045284000000002
3769   3.6935609999999999 0.53267200000000003 40.649940000000001
3770   3.7935349999999999 0.34976099999999999 40.642059000000003
3771   3.6736559999999998 0.309166 40.997284000000001
3772   -1.051042 0.35788500000000001 40.992859000000003
3773   1.4041539999999999 0.61644399999999999 40.540722000000002
3774   1.0999840000000001 0.62406499999999998 40.523719999999997
3775   1.719884 0.65288599999999997 40.521239999999999
3776   3.3663349999999999 0.56147599999999998 40.567248999999997
3777   3.4150230000000001 0.55946099999999999 40.793087
3778   3.5897730000000001 0.46872200000000003 40.707417
3779   3.633524 0.51964600000000005 40.529972000000001
3780   -1.044524 0.56876099999999996 40.955452000000001
3781   -1.241141 0.61830399999999996 41.032088999999999
3782   0.91748399999999997 0.75418300000000005 40.525379000000001
3783   1.2385079999999999 0.72023300000000001 40.607081999999998
3784   2.2056290000000001 0.98432699999999995 40.640014999999998
3785   3.194896 0.65729000000000004 40.737900000000003
3786   3.6690749999999999 0.56769599999999998 40.816093000000002
3787   -1.156898 0.77254400000000001 40.960425999999998
3788   -0.21723799999999999 1.013757 40.723784999999999
3789   1.1061700000000001 0.91458899999999999 40.634014000000001
3790   1.2655909999999999 0.93984900000000005 40.807338999999999
3791   1.3726419999999999 0.80194600000000005 40.807898999999999
3792   1.5002470000000001 0.76685700000000001 40.736145
3793   1.6548 0.801562 40.780071
3794   2.661921 1.017819 40.773387999999997
3795   3.4832299999999998 0.83650500000000005 40.626227999999998
3796   -0.98632399999999998 0.83165699999999998 40.902434999999997
3797   -0.77314000000000005 0.74519599999999997 40.859755999999997
3798   0.734348 1.215865 40.540874000000002
3799   2.016645 1.046897 40.793731999999999
3800   -1.09554 1.026327 40.937404999999998
3801   1.030715 1.240165 40.648113000000002
3802   1.235843 1.193702 40.900905999999999
3803   -0.90060200000000001 1.258845 40.875771
3804   -0.78826799999999997 1.0308310000000001 40.841236000000002
3805   1.0346029999999999 1.3879539999999999 40.813144999999999
3806   0.76806300000000005 1.4076340000000001 40.624352000000002
3807   7.4620160000000002 1.341906 41.159278999999998
3808   -0.74304899999999996 1.4110830000000001 40.887206999999997
3809   -0.65433699999999995 1.2711790000000001 40.805714000000002
3810   0.32066600000000001 1.561939 40.663257999999999
3811   0.749803 1.5200640000000001 40.850059999999999
3812   3.1492170000000002 1.6856199999999999 40.817520000000002
3813   -0.44320100000000001 1.48414 40.818089000000001
3814   -0.145401 1.625772 40.839171999999998
3815   -0.228745 1.5182329999999999 40.715733
3816   -0.042092999999999998 1.577461 40.696877000000001
3817   0.37690899999999999 1.6600980000000001 40.819054000000001
3818   3.285005 1.941975 40.751404000000001
3819   0.12746199999999999 1.687052 40.825023999999999
3820   5.7705650000000004 2.2350810000000001 40.806731999999997
3821   3.9065780000000001 2.4899990000000001 40.895332000000003
3822   4.1103149999999999 2.8732660000000001 41.352314
3823   4.7884010000000004 -3.5268009999999999 41.596031000000004
3824   5.5486639999999996 -3.62541 41.236462000000003
3825   6.5399750000000001 -3.6598799999999998 41.563831
3826   7.1854570000000004 -3.5028139999999999 41.283154000000003
3827   4.1221259999999997 -3.2910149999999998 41.444290000000002
3828   0.68959400000000004 -3.1742520000000001 41.654339
3829   0.37170700000000001 -3.035155 41.310595999999997
3830   1.3592059999999999 -3.2144870000000001 41.527931000000002
3831   1.53077 -3.0923889999999998 41.158462999999998
3832   2.037353 -3.0560779999999999 41.281104999999997
3833   2.0294620000000001 -3.2117230000000001 41.665241000000002
3834   3.7088130000000001 -3.0155979999999998 41.317047000000002
3835   8.0191579999999991 -3.345075 41.301139999999997
3836   8.2162299999999995 -3.2136300000000002 41.256748000000002
3837   0.26854 -3.0543629999999999 41.712563000000003
3838   -0.14924200000000001 -2.834003 41.462059000000004
3839   0.70445400000000002 -2.9303170000000001 41.032749000000003
3840   2.3733689999999998 -3.022249 41.559928999999997
3841   2.5044719999999998 -2.7893029999999999 41.284118999999997
3842   8.3644049999999996 -3.0090720000000002 41.321423000000003
3843   -0.144146 -2.739897 41.175182
3844   2.8323960000000001 -2.68703 41.525562000000001
3845   3.4086530000000002 -2.7730380000000001 41.238678
3846   1.5755520000000001 -2.7691080000000001 40.830646999999999
3847   2.1203189999999998 -2.6762030000000001 40.967475999999998
3848   8.4399619999999995 -2.5765959999999999 40.965324000000003
3849   8.3542389999999997 -2.6574309999999999 41.168590999999999
3850   -0.53569100000000003 -2.46529 41.480212999999999
3851   -0.498774 -2.4143150000000002 41.148429999999998
3852   2.899988 -2.4601150000000001 41.250079999999997
3853   8.3004110000000004 -2.488073 41.109096999999998
3854   8.2576750000000008 -2.5202770000000001 41.262664999999998
3855   -0.73288900000000001 -2.1610870000000002 41.294460000000001
3856   2.5986630000000002 -2.2695979999999998 40.923054
3857   3.0176729999999998 -1.9797070000000001 40.984366999999999
3858   3.1652360000000002 -2.5051009999999998 41.247706999999998
3859   3.3548339999999999 -2.4768050000000001 40.938465000000001
3860   8.1374010000000006 -2.388763 41.161597999999998
3861   8.0909899999999997 -2.3292440000000001 41.265918999999997
3862   8.1186959999999999 -2.408264 41.296188000000001
3863   8.2342530000000007 -2.3631790000000001 41.134289000000003
3864   8.4550730000000005 -2.3762110000000001 41.108952000000002
3865   8.5443160000000002 -2.3018700000000001 41.268459
3866   8.7373169999999991 -2.204933 41.165871000000003
3867   8.6893480000000007 -2.202912 41.445521999999997
3868   8.9408779999999997 -2.036613 41.120739
3869   -0.91227400000000003 -1.876997 41.230614000000003
3870   2.8673850000000001 -2.0178739999999999 41.022392000000004
3871   8.8379809999999992 -2.021671 41.468387999999997
3872   -0.97093099999999999 -1.673635 41.077686
3873   9.0231100000000009 -1.817402 41.254711
3874   -1.3201799999999999 -1.5305329999999999 41.298591999999999
3875   9.0767140000000008 -1.5565530000000001 41.331287000000003
3876   -1.103105 -1.0142500000000001 41.138119000000003
3877   -0.68750100000000003 -1.22509 40.994315999999998
3878   9.1061189999999996 -1.0876269999999999 41.315624
3879   -1.5614209999999999 -1.205894 41.383915000000002
3880   -1.616053 -0.93152699999999999 41.319633000000003
3881   -1.4077010000000001 -0.64852500000000002 41.245213
3882   4.8626969999999998 -0.65672699999999995 41.110053999999998
3883   5.0971489999999999 -0.72233999999999998 41.247745999999999
3884   5.0285520000000004 -0.70041799999999999 41.109256999999999
3885   4.8588990000000001 -0.70821299999999998 41.281593000000001
3886   5.1153250000000003 -0.66109799999999996 41.163215999999998
3887   5.1634539999999998 -0.69038100000000002 41.265675000000002
3888   9.0526309999999999 -0.62965899999999997 41.306731999999997
3889   9.1492559999999994 -0.76402599999999998 41.068897
3890   -1.730647 -0.66510800000000003 41.498882000000002
3891   4.6255220000000001 -0.47408899999999998 41.128269000000003
3892   4.7906420000000001 -0.50942600000000005 41.119816
3893   5.0941359999999998 -0.61699700000000002 41.287700999999998
3894   9.1083239999999996 -0.57773399999999997 40.951878000000001
3895   -1.7148209999999999 -0.36529400000000001 41.533622999999999
3896   4.4341160000000004 -0.303759 41.299731999999999
3897   4.7373979999999998 -0.43844100000000003 41.286597999999998
3898   4.5334969999999997 -0.27999099999999999 41.159435000000002
3899   -1.59613 -0.044998000000000003 41.439754000000001
3900   4.3607319999999996 -0.17848 41.120705000000001
3901   4.1720199999999998 -0.042931999999999998 41.152115000000002
3902   4.3913080000000004 -0.133822 41.227885999999998
3903   -1.4569110000000001 0.28306900000000002 41.295825999999998
3904   -1.602247 0.19820399999999999 41.573031999999998
3905   3.7371599999999998 0.23061000000000001 41.240001999999997
3906   3.9873449999999999 0.105158 41.237426999999997
3907   4.237209 0.055077000000000001 41.256633999999998
3908   -1.3631679999999999 0.57067400000000001 41.178790999999997
3909   -1.429959 0.57257899999999995 41.518828999999997
3910   1.344644 0.36056500000000002 41.127845999999998
3911   1.3105290000000001 0.17554500000000001 41.261803
3912   1.351032 0.25120599999999998 41.147629000000002
3913   1.305947 0.32450000000000001 41.293635999999999
3914   1.650298 0.60352600000000001 41.1479
3915   3.4524789999999999 0.46262700000000001 41.189419000000001
3916   4.0702360000000004 0.227935 41.242851000000002
3917   -1.32538 0.80877299999999996 41.219935999999997
3918   1.4205540000000001 0.52148499999999998 41.248100000000001
3919   1.4805900000000001 0.53830100000000003 41.096958000000001
3920   1.743703 0.67068700000000003 41.236258999999997
3921   2.8900269999999999 0.37848100000000001 41.253943999999997
3922   2.8988200000000002 0.43220199999999998 41.123356000000001
3923   2.6295030000000001 0.66847000000000001 41.249985000000002
3924   3.0836190000000001 0.49568000000000001 41.265670999999998
3925   3.081302 0.54153499999999999 41.092078999999998
3926   2.9444680000000001 0.58210300000000004 41.059986000000002
3927   3.2534360000000002 0.52119400000000005 41.244953000000002
3928   3.2688290000000002 0.56556499999999998 41.015510999999996
3929   3.6734789999999999 0.50683100000000003 41.165615000000003
3930   3.8767420000000001 0.36479499999999998 41.236739999999998
3931   -1.2841309999999999 0.80288199999999998 41.044826999999998
3932   1.4919089999999999 0.71972000000000003 41.007221000000001
3933   1.4483600000000001 0.68419799999999997 41.265163000000001
3934   1.6714420000000001 0.74653099999999994 40.980927000000001
3935   1.881507 0.78621799999999997 41.095249000000003
3936   2.0337179999999999 0.78017499999999995 41.225929000000001
3937   2.1793930000000001 0.82074400000000003 41.125149
3938   2.348014 0.77750699999999995 41.238407000000002
3939   2.5873080000000002 0.75830399999999998 41.112312000000003
3940   2.7474289999999999 0.794184 41.028976
3941   3.0601259999999999 0.67861000000000005 40.930053999999998
3942   1.4278580000000001 0.85533000000000003 41.132641
3943   2.1215229999999998 1.022003 40.901749000000002
3944   2.5968300000000002 0.97561200000000003 40.946114000000001
3945   3.3708339999999999 0.80078000000000005 41.140453000000001
3946   -1.2028179999999999 1.0286500000000001 41.081252999999997
3947   -1.0593969999999999 1.1086370000000001 41.402369999999998
3948   -1.042173 1.169856 41.237670999999999
3949   1.3637870000000001 1.2410730000000001 41.209102999999999
3950   3.0615199999999998 1.127559 41.16534
3951   3.2280959999999999 1.0570360000000001 40.965504000000003
3952   8.1998339999999992 0.599858 41.494377
3953   -0.91863399999999995 1.300908 41.0578
3954   -0.77276900000000004 1.365197 41.28754
3955   -0.62975099999999995 1.466655 41.002338000000002
3956   -0.40422000000000002 1.5477909999999999 41.373482000000003
3957   -0.32726 1.581842 41.034153000000003
3958   1.1731229999999999 1.4287890000000001 41.148529000000003
3959   2.7458939999999998 1.372692 41.334003000000003
3960   2.972664 1.4421440000000001 41.063262999999999
3961   -0.00092299999999999999 1.6642060000000001 41.061416999999999
3962   0.17477999999999999 1.703649 41.320061000000003
3963   0.28043600000000002 1.6730579999999999 41.019587999999999
3964   0.52702700000000002 1.623294 40.941006000000002
3965   0.79115999999999997 1.5990709999999999 41.131762999999999
3966   2.6888399999999999 1.723978 41.324795000000002
3967   6.8179889999999999 1.92062 41.207489000000002
3968   2.5626069999999999 1.922056 41.466652000000003
3969   2.917859 2.1728079999999999 41.178046999999999
3970   5.8308010000000001 2.3675030000000001 41.180003999999997
3971   6.3391149999999996 2.184205 41.192284000000001
3972   3.1288490000000002 2.5742989999999999 41.245556000000001
3973   5.059876 2.4838200000000001 41.030453000000001
3974   3.6458910000000002 2.8316089999999998 41.406891000000002
3975   5.3725779999999999 -3.6460810000000001 42.031021000000003
3976   4.2421740000000003 -3.391016 41.839691000000002
3977   7.2815709999999996 -3.4753609999999999 41.660617999999999
3978   7.4022240000000004 -3.4000460000000001 41.919476000000003
3979   1.2716019999999999 -3.25623 42.077572000000004
3980   0.75213200000000002 -3.1022259999999999 42.423316999999997
3981   1.67842 -3.261733 42.07629
3982   3.7074240000000001 -3.1393529999999998 41.711970999999998
3983   3.2664759999999999 -2.8060429999999998 41.762622999999998
3984   8.2556150000000006 -3.0408840000000001 41.654133000000002
3985   0.057685 -2.888185 42.051296000000001
3986   -0.26941300000000001 -2.7095950000000002 41.740650000000002
3987   3.1950769999999999 -2.6784919999999999 41.474910999999999
3988   3.0620759999999998 -2.6697030000000002 41.561461999999999
3989   8.4261719999999993 -2.6108250000000002 41.447605000000003
3990   8.4492700000000003 -2.7188880000000002 41.580734
3991   -0.36560199999999998 -2.478424 42.062812999999998
3992   3.0681699999999998 -2.5661100000000001 41.400826000000002
3993   8.2041120000000003 -2.4046059999999998 41.364806999999999
3994   8.4494039999999995 -2.456359 41.447268999999999
3995   8.5649789999999992 -2.4862920000000002 41.579501999999998
3996   8.5784389999999995 -2.4736340000000001 41.793201000000003
3997   -0.86516300000000002 -1.9884839999999999 41.627074999999998
3998   3.0353520000000001 -2.3766419999999999 41.221203000000003
3999   8.4344020000000004 -2.364735 41.388184000000003
4000   8.5734519999999996 -2.3577710000000001 41.475338000000001
4001   8.6353329999999993 -2.3037239999999999 41.793044999999999
4002   8.7341270000000009 -2.10297 41.776744999999998
4003   -1.4111689999999999 -1.415929 41.685966000000001
4004   8.9269099999999995 -1.611977 41.794792000000001
4005   8.9290190000000003 -1.036546 42.157268999999999
4006   -1.673424 -0.96202200000000004 41.627429999999997
4007   -1.482639 -0.97279000000000004 42.223548999999998
4008   -1.668833 -0.70415799999999995 42.019302000000003
4009   4.9957950000000002 -0.66693599999999997 41.382567999999999
4010   4.7956709999999996 -0.59251100000000001 41.381225999999998
4011   8.9816870000000009 -0.55927099999999996 42.118369999999999
4012   4.7091690000000002 -0.45344400000000001 41.358356000000001
4013   4.4209509999999996 -0.24370600000000001 41.364666
4014   8.7585929999999994 -0.123669 42.047286999999997
4015   4.0284050000000002 0.131858 41.341324
4016   4.1327389999999999 0.104934 41.307678000000003
4017   -1.688426 -0.15288599999999999 42.060234000000001
4018   3.728021 0.29342699999999999 41.362183000000002
4019   8.3698890000000006 0.33485799999999999 42.051186000000001
4020   1.35564 0.33740799999999999 41.351985999999997
4021   1.455557 0.39606000000000002 41.335529000000001
4022   3.9320710000000001 0.26685900000000001 41.298462000000001
4023   3.7519140000000002 0.36957600000000002 41.350310999999998
4024   1.5488660000000001 0.63138300000000003 41.317604000000003
4025   1.602679 0.57328599999999996 41.303600000000003
4026   2.8846630000000002 0.48762899999999998 41.331538999999999
4027   2.6281979999999998 0.76064699999999996 41.356105999999997
4028   2.9317769999999999 0.65153499999999998 41.414192
4029   3.1505899999999998 0.59204199999999996 41.379863999999998
4030   3.41811 0.53130999999999995 41.35022
4031   3.4267789999999998 0.63517699999999999 41.292011000000002
4032   1.545803 0.90704700000000005 41.322890999999998
4033   1.8870359999999999 0.80316399999999999 41.305762999999999
4034   2.3187859999999998 0.82983799999999996 41.333317000000001
4035   3.102436 0.70179999999999998 41.410815999999997
4036   1.780052 0.95462800000000003 41.393456
4037   2.6322489999999998 0.93676099999999995 41.417197999999999
4038   2.6111499999999999 1.1304970000000001 41.435932000000001
4039   2.8724889999999998 1.1122920000000001 41.343643
4040   -1.220852 0.92697499999999999 41.921196000000002
4041   -0.94497100000000001 1.2543010000000001 41.636409999999998
4042   1.4907269999999999 1.2844 41.345588999999997
4043   1.618503 1.5687549999999999 41.434002
4044   -0.98267099999999996 1.336781 42.203586999999999
4045   -0.71252400000000005 1.4058949999999999 41.482295999999998
4046   2.2318730000000002 1.5815159999999999 41.469192999999997
4047   1.3261750000000001 1.471282 41.315693000000003
4048   2.4959129999999998 1.6412439999999999 41.424182999999999
4049   7.5212960000000004 1.6121780000000001 41.933543999999998
4050   7.8737300000000001 1.215349 42.151282999999999
4051   -0.66318299999999997 1.645275 42.019675999999997
4052   0.67652199999999996 1.7263729999999999 41.344757000000001
4053   1.15534 1.629758 41.354252000000002
4054   -0.34917500000000001 1.8001370000000001 41.857475000000001
4055   1.1888430000000001 1.8788069999999999 41.591461000000002
4056   1.3566339999999999 1.768777 41.500092000000002
4057   2.1054900000000001 1.783898 41.575221999999997
4058   6.9696069999999999 2.1042649999999998 41.850338000000001
4059   0.106615 1.9333180000000001 41.799323999999999
4060   0.86890199999999995 2.0514790000000001 41.859299
4061   2.1050239999999998 1.9659169999999999 41.753734999999999
4062   2.331207 1.9595199999999999 41.654003000000003
4063   -0.120946 1.961589 42.126572000000003
4064   2.3922490000000001 2.1389659999999999 41.914245999999999
4065   2.5584319999999998 2.1684739999999998 41.684437000000003
4066   6.2562230000000003 2.5024899999999999 41.76923
4067   2.7184740000000001 2.443864 41.852260999999999
4068   5.7434909999999997 2.6210650000000002 41.581516000000001
4069   4.8432680000000001 2.7729379999999999 41.425002999999997
4070   3.0710489999999999 2.7752469999999998 41.930832000000002
4071   4.324573 3.0575290000000002 41.702759
4072   3.522551 3.0530740000000001 42.015636000000001
4073   3.868509 3.1321629999999998 41.824913000000002
4074   4.1563749999999997 3.18492 41.955593
4075   4.9530570000000003 -3.5812119999999998 42.879455999999998
4076   4.456728 -3.4518900000000001 42.249316999999998
4077   6.0943560000000003 -3.5481820000000002 42.301642999999999
4078   5.6531820000000002 -3.5994470000000001 42.363190000000003
4079   6.6696179999999998 -3.58548 42.048972999999997
4080   7.01166 -3.4466619999999999 42.182858000000003
4081   3.828446 -3.1795749999999998 42.097468999999997
4082   1.439327 -3.2878080000000001 42.487426999999997
4083   2.0441500000000001 -3.347912 43.127068000000001
4084   2.2568510000000002 -3.2063069999999998 42.543785
4085   7.7288829999999997 -3.2273740000000002 41.988464
4086   2.5357639999999999 -3.0347179999999998 42.299408
4087   7.8310930000000001 -2.9653109999999998 42.216503000000003
4088   3.4558209999999998 -2.9322650000000001 42.045723000000002
4089   2.9370530000000001 -2.8579319999999999 42.327804999999998
4090   3.4256259999999998 -2.87114 42.240543000000002
4091   3.1211500000000001 -2.7786230000000001 41.976151000000002
4092   8.3672369999999994 -2.7006929999999998 41.902065
4093   8.4112080000000002 -2.2884600000000002 42.214565
4094   -0.614846 -2.1138889999999999 42.105094999999999
4095   -0.91255699999999995 -1.8280650000000001 41.967010000000002
4096   8.7124269999999999 -1.886015 42.102463
4097   -0.42672199999999999 -1.777304 42.713180999999999
4098   -1.2097059999999999 -1.2930900000000001 42.270065000000002
4099   -0.89849699999999999 -1.4783900000000001 42.442909
4100   -1.702863 -0.42871199999999998 42.192416999999999
4101   -1.5883020000000001 0.22613800000000001 42.580821999999998
4102   8.0831999999999997 0.87847600000000003 42.267242000000003
4103   -0.72279499999999997 1.602611 42.844302999999996
4104   7.6819240000000004 1.422641 42.580089999999998
4105   -0.39287699999999998 1.8438540000000001 42.215279000000002
4106   -0.38524000000000003 1.9022669999999999 42.958168000000001
4107   7.1260050000000001 2.0032760000000001 42.468147000000002
4108   0.45457399999999998 2.1264050000000001 42.216225000000001
4109   2.1916720000000001 2.1296979999999999 42.123348
4110   2.3914499999999999 2.150544 42.392498000000003
4111   2.5338639999999999 2.1845599999999998 42.343037000000002
4112   2.5037280000000002 2.209892 41.977345
4113   1.2538590000000001 2.3053460000000001 42.650478
4114   2.2893919999999999 2.1886510000000001 42.616790999999999
4115   2.6789339999999999 2.3585240000000001 42.281010000000002
4116   6.471203 2.492073 42.134117000000003
4117   6.4739560000000003 2.4933339999999999 42.456299000000001
4118   2.8352270000000002 2.5988120000000001 42.75132
4119   6.1883860000000004 2.7130000000000001 42.231471999999997
4120   5.0703649999999998 3.0528789999999999 41.964989000000003
4121   5.5514349999999997 3.0711569999999999 42.316574000000003
4122   4.1413950000000002 3.27677 42.399712000000001
4123   4.5257329999999998 3.1968909999999999 42.029327000000002
4124   4.5004489999999997 3.3177439999999998 42.341296999999997
4125   5.765015 -3.5601479999999999 42.557178
4126   5.4609750000000004 -3.6226020000000001 42.586967000000001
4127   6.5382769999999999 -3.4591750000000001 42.355533999999999
4128   4.2464639999999996 -3.3073389999999998 42.500202000000002
4129   4.6143049999999999 -3.4749789999999998 42.672935000000003
4130   6.0249300000000003 -3.4179240000000002 42.850341999999998
4131   6.2795589999999999 -3.3681749999999999 42.688305
4132   6.8766489999999996 -3.2088320000000001 42.537827
4133   1.282818 -3.1979799999999998 42.916728999999997
4134   4.244815 -3.2412320000000001 42.838366999999998
4135   0.30710599999999999 -2.919381 42.529186000000003
4136   3.6274630000000001 -2.8733209999999998 42.517529000000003
4137   3.9440559999999998 -3.0729220000000002 42.587997000000001
4138   6.7171839999999996 -3.0673469999999998 42.843662000000002
4139   0.423873 -2.8839800000000002 43.119979999999998
4140   0.044160999999999999 -2.7001569999999999 42.665698999999996
4141   2.811607 -3.0863839999999998 42.923920000000003
4142   7.0937359999999998 -2.7845770000000001 42.831161000000002
4143   7.3828279999999999 -2.8677350000000001 42.549362000000002
4144   3.1732360000000002 -2.838257 42.772587000000001
4145   3.7047129999999999 -2.830247 42.782986000000001
4146   7.6513939999999998 -2.3736389999999998 42.671039999999998
4147   -0.19664000000000001 -2.4775719999999999 42.503948000000001
4148   -0.13153799999999999 -2.4653499999999999 42.786521999999998
4149   0.044109000000000002 -2.6610580000000001 42.977020000000003
4150   3.2231000000000001 -2.8025669999999998 42.441265000000001
4151   3.477697 -2.744173 42.816527999999998
4152   -0.33379999999999999 -2.2449629999999998 42.494307999999997
4153   -0.27049299999999998 -2.1806800000000002 42.771706000000002
4154   8.4103980000000007 -1.5482990000000001 42.589984999999999
4155   7.8368219999999997 -1.762114 42.811526999999998
4156   -0.56909299999999996 -1.521339 42.769840000000002
4157   -0.73150800000000005 -1.354603 42.812702000000002
4158   -1.074198 -1.2105189999999999 42.747149999999998
4159   -1.274084 -1.072532 42.685046999999997
4160   8.6266580000000008 -0.95443299999999998 42.693100000000001
4161   8.443149 -1.0823910000000001 42.839706
4162   -1.4772639999999999 -0.84775699999999998 42.700004999999997
4163   -1.645934 -0.51672600000000002 42.57967
4164   8.6428010000000004 -0.52465399999999995 42.755088999999998
4165   8.6205839999999991 -0.194498 42.666828000000002
4166   -1.6652100000000001 -0.080194000000000001 42.704880000000003
4167   8.4145990000000008 0.159771 42.560532000000002
4168   8.0994159999999997 0.79710599999999998 42.604427000000001
4169   -1.146415 1.154488 42.945377000000001
4170   2.6224509999999999 2.092076 42.792343000000002
4171   2.6788029999999998 1.7934289999999999 42.841988000000001
4172   2.6923110000000001 1.8188260000000001 42.863444999999999
4173   2.6386479999999999 1.934267 42.865574000000002
4174   0.109431 2.114681 42.734653000000002
4175   2.5649389999999999 2.0894240000000002 42.750442999999997
4176   0.58073699999999995 2.2722030000000002 42.794643000000001
4177   1.9685539999999999 2.2762899999999999 42.671653999999997
4178   2.7039680000000001 2.3136890000000001 42.681561000000002
4179   3.0075980000000002 2.800881 42.799849999999999
4180   5.9931650000000003 2.8587929999999999 42.488754
4181   3.2582529999999998 2.9352290000000001 42.660300999999997
4182   3.6395089999999999 3.1064210000000001 43.0867
4183   5.1265239999999999 3.1997450000000001 42.908588000000002
4184   5.839232 2.8803359999999998 42.899956000000003
4185   4.019952 3.2755589999999999 43.127827000000003
4186   4.4015690000000003 3.327045 42.990509000000003
4187   4.7127629999999998 3.313313 43.023552000000002
4188   4.9634210000000003 3.2596780000000001 42.631905000000003
4189   5.1855450000000003 -3.6440269999999999 43.453212999999998
4190   5.4468370000000004 -3.61239 43.305771
4191   4.6558929999999998 -3.5221659999999999 43.053795000000001
4192   1.6807540000000001 -3.2854480000000001 43.333145000000002
4193   1.77617 -3.3233540000000001 43.071728
4194   2.4051999999999998 -3.2611159999999999 43.003601000000003
4195   4.2643810000000002 -3.2803650000000002 42.984726000000002
4196   6.2925740000000001 -3.1580970000000002 43.201751999999999
4197   1.1690469999999999 -3.124968 43.079127999999997
4198   0.849248 -3.021906 43.156658
4199   3.7062680000000001 -2.8753299999999999 42.997135
4200   6.7344980000000003 -2.8824830000000001 43.14978
4201   0.21995999999999999 -2.7492999999999999 43.320965000000001
4202   6.9691840000000003 -2.592257 43.238292999999999
4203   -0.019859000000000002 -2.6700979999999999 43.498013
4204   -0.169326 -2.4116 42.994377
4205   7.3202769999999999 -2.41662 42.928783000000003
4206   7.1419009999999998 -2.249063 43.292831
4207   -0.24313299999999999 -2.3787479999999999 43.150272000000001
4208   -0.36391600000000002 -2.1250239999999998 43.098351000000001
4209   7.3198059999999998 -2.0375329999999998 43.138142000000002
4210   -0.30149500000000001 -2.1003859999999999 42.889446
4211   -0.59078299999999995 -1.926774 43.242603000000003
4212   -0.46238299999999999 -1.747037 43.062199
4213   7.2801150000000003 -1.7485809999999999 43.271571999999999
4214   7.4974259999999999 -1.797086 43.057651999999997
4215   -0.53649899999999995 -1.485398 43.194775
4216   -0.50695199999999996 -1.4003749999999999 42.945270999999998
4217   -0.48162899999999997 -1.540341 42.967959999999998
4218   7.2374890000000001 -1.39682 43.361248000000003
4219   7.664968 -1.445192 43.078547999999998
4220   -0.79364100000000004 -1.239838 42.988869000000001
4221   -0.55463600000000002 -1.275309 42.971096000000003
4222   -0.38144299999999998 -1.327199 43.104728999999999
4223   -0.26530700000000002 -1.1343030000000001 43.101329999999997
4224   -0.17453199999999999 -1.086794 43.227035999999998
4225   7.4426819999999996 -1.022159 43.378928999999999
4226   7.9199739999999998 -1.131796 43.142001999999998
4227   -1.169171 -1.118287 43.010947999999999
4228   -1.406496 -0.94040100000000004 43.011608000000003
4229   -0.95321100000000003 -1.1869639999999999 43.132626000000002
4230   8.1532319999999991 -0.58647400000000005 43.222076000000001
4231   -1.5593969999999999 -0.73613899999999999 42.992621999999997
4232   -1.6455409999999999 -0.53433699999999995 42.992919999999998
4233   -1.7113339999999999 -0.248889 43.079075000000003
4234   8.1569450000000003 -0.00073499999999999998 43.128799000000001
4235   -1.6620360000000001 0.219142 43.127704999999999
4236   8.3091950000000008 0.13217699999999999 42.855625000000003
4237   8.1144929999999995 0.54811500000000002 42.884731000000002
4238   7.71997 0.77030399999999999 43.261775999999998
4239   2.5925479999999999 0.56589999999999996 43.052773000000002
4240   2.77563 0.45573399999999997 43.234447000000003
4241   2.8665880000000001 0.57294599999999996 43.053592999999999
4242   3.0060440000000002 0.56622399999999995 43.260531999999998
4243   -1.3873770000000001 0.721078 42.914394000000001
4244   2.5213130000000001 0.488622 43.315868000000002
4245   2.4561739999999999 0.67586100000000005 43.081913
4246   2.3930750000000001 0.69562800000000002 43.233578000000001
4247   2.6085240000000001 0.726858 43.000174999999999
4248   3.0220289999999999 0.85229900000000003 42.978175999999998
4249   3.0545179999999998 0.73519000000000001 43.064922000000003
4250   3.104409 0.66093999999999997 43.341853999999998
4251   7.8090149999999996 1.0815399999999999 42.903846999999999
4252   2.71807 1.0165230000000001 43.036884000000001
4253   3.020826 1.0063789999999999 42.971935000000002
4254   3.1522800000000002 0.79344099999999995 43.281466999999999
4255   3.1892019999999999 0.88883900000000005 43.066628000000001
4256   3.2205879999999998 0.91564999999999996 43.249985000000002
4257   2.6638489999999999 1.0073890000000001 43.197597999999999
4258   2.89032 1.097763 42.987743000000002
4259   3.140012 1.047258 43.059314999999998
4260   3.2098260000000001 1.0081310000000001 43.187344000000003
4261   2.748904 1.2153910000000001 43.038330000000002
4262   2.718397 1.25437 43.207481000000001
4263   2.9920680000000002 1.190399 43.054305999999997
4264   3.0531730000000001 1.20608 43.209431000000002
4265   3.1547399999999999 1.1020730000000001 43.230632999999997
4266   -1.269766 0.98879600000000001 43.630305999999997
4267   -0.98410399999999998 1.343132 43.148238999999997
4268   2.8331879999999998 1.363537 43.074772000000003
4269   2.8530350000000002 1.3999619999999999 43.201233000000002
4270   7.3167859999999996 1.4191039999999999 43.275013000000001
4271   2.7415829999999999 1.5321670000000001 43.080790999999998
4272   2.7155300000000002 1.596136 43.132938000000003
4273   2.7400199999999999 1.584068 43.156128000000002
4274   -0.561917 1.781334 43.351123999999999
4275   2.6617380000000002 1.894873 43.106178
4276   2.6624400000000001 2.1200040000000002 42.955246000000002
4277   6.7978120000000004 2.0448400000000002 43.190047999999997
4278   -0.246339 2.0506190000000002 43.143036000000002
4279   2.4959769999999999 2.1333669999999998 42.908591999999999
4280   2.247846 2.2985410000000002 42.875774
4281   2.700631 2.4301919999999999 42.942309999999999
4282   6.4392550000000002 2.4179689999999998 42.953296999999999
4283   5.9696709999999999 2.5774140000000001 43.691887000000001
4284   2.7945359999999999 2.7317279999999999 43.172984999999997
4285   2.914714 2.8079519999999998 43.176642999999999
4286   3.1616559999999998 2.8803420000000002 43.178043000000002
4287   3.378193 2.9327700000000001 43.201430999999999
4288   2.9522930000000001 -3.480286 43.467010000000002
4289   3.4930970000000001 -3.5464690000000001 43.602508999999998
4290   2.9096850000000001 -3.5693380000000001 43.801205000000003
4291   3.8557320000000002 -3.630344 43.842697000000001
4292   4.2119720000000003 -3.6285280000000002 43.606135999999999
4293   4.9266100000000002 -3.697219 43.666237000000002
4294   4.810746 -3.6697440000000001 43.452998999999998
4295   2.0634299999999999 -3.4092259999999999 43.715038
4296   2.2181839999999999 -3.4411450000000001 43.427630999999998
4297   2.395807 -3.5008430000000001 43.657558000000002
4298   2.5672709999999999 -3.4504769999999998 43.416621999999997
4299   3.4170579999999999 -3.4055330000000001 43.450690999999999
4300   3.7742939999999998 -3.4389409999999998 43.443924000000003
4301   4.4313140000000004 -3.5691190000000002 43.381377999999998
4302   1.9444109999999999 -3.3802660000000002 43.363593999999999
4303   2.8504010000000002 -3.3009140000000001 43.292876999999997
4304   4.0461710000000002 -3.329116 43.257362000000001
4305   5.7259080000000004 -3.3958659999999998 43.528022999999997
4306   1.456663 -3.1092050000000002 43.420971000000002
4307   6.0120139999999997 -3.1438730000000001 43.726170000000003
4308   1.2051529999999999 -2.9782899999999999 43.346245000000003
4309   3.3833120000000001 -2.884341 43.089359000000002
4310   3.537957 -3.0585870000000002 43.252094
4311   0.42729200000000001 -2.747547 43.571316000000003
4312   0.61809999999999998 -2.8646410000000002 43.356014000000002
4313   0.88519700000000001 -2.8544930000000002 43.393886999999999
4314   1.3229390000000001 -2.8015340000000002 43.466563999999998
4315   1.4727969999999999 -2.8604630000000002 43.533816999999999
4316   1.6588069999999999 -2.884757 43.724105999999999
4317   6.5198520000000002 -2.8096030000000001 43.640293
4318   0.74622900000000003 -2.714566 43.537083000000003
4319   0.94063699999999995 -2.7014860000000001 43.488776999999999
4320   1.2403850000000001 -2.613413 43.538058999999997
4321   1.6632370000000001 -2.6098349999999999 43.641441
4322   1.7619119999999999 -2.6267070000000001 43.792636999999999
4323   6.9167920000000001 -2.408229 43.635779999999997
4324   -0.30144700000000002 -2.46726 43.327491999999999
4325   -0.79107499999999997 -2.483733 43.749084000000003
4326   -0.87958899999999995 -2.3256030000000001 43.564036999999999
4327   0.72811300000000001 -2.5807509999999998 43.887096
4328   0.95317300000000005 -2.5919439999999998 43.616463000000003
4329   1.2538910000000001 -2.4825560000000002 43.648319000000001
4330   1.5842020000000001 -2.4892639999999999 43.588039000000002
4331   -1.3669800000000001 -2.0454509999999999 43.776198999999998
4332   -1.1644620000000001 -1.9788939999999999 43.505797999999999
4333   1.144557 -2.4024429999999999 43.841315999999999
4334   1.6602239999999999 -2.2417660000000001 43.718128
4335   1.9928349999999999 -2.1394160000000002 43.614688999999998
4336   1.9294370000000001 -2.3663180000000001 43.776088999999999
4337   1.97387 -2.2690220000000001 43.663733999999998
4338   -0.606518 -2.1804640000000002 43.331310000000002
4339   2.122967 -2.2007500000000002 43.790011999999997
4340   2.1853069999999999 -2.0970569999999999 43.620876000000003
4341   2.4016739999999999 -2.0593539999999999 43.665844
4342   2.412436 -1.878827 43.549022999999998
4343   7.109267 -1.8445279999999999 43.525866999999998
4344   -1.6983520000000001 -1.5727770000000001 43.868324000000001
4345   -1.4737389999999999 -1.7046289999999999 43.596370999999998
4346   -0.93232800000000005 -1.723374 43.372912999999997
4347   2.3479779999999999 -1.670922 43.628563
4348   2.0228709999999999 -1.749099 43.884723999999999
4349   2.5162800000000001 -1.6358969999999999 43.530307999999998
4350   2.649257 -1.7885059999999999 43.795302999999997
4351   2.74986 -1.63398 43.615372000000001
4352   -1.4671609999999999 -1.273379 43.437351
4353   2.791709 -1.6246119999999999 43.75808
4354   -1.729374 -1.237398 43.621989999999997
4355   -1.8527800000000001 -1.1729890000000001 43.801189000000001
4356   -1.166714 -1.3552869999999999 43.355328
4357   -0.84528400000000004 -1.380763 43.320999
4358   -0.67811100000000002 -1.456834 43.296836999999996
4359   2.4080249999999999 -1.528454 43.852673000000003
4360   2.5621670000000001 -1.417 43.527664000000001
4361   2.5095770000000002 -1.4387920000000001 43.74926
4362   2.9004370000000002 -1.1358170000000001 43.464314000000002
4363   3.3494860000000002 -1.1096779999999999 43.674205999999998
4364   7.0132450000000004 -1.366806 43.947029000000001
4365   -0.41904200000000003 -1.1877219999999999 43.283957999999998
4366   2.5465429999999998 -1.252014 43.690463999999999
4367   3.6969910000000001 -0.72227699999999995 43.589019999999998
4368   7.0699909999999999 -1.225519 43.759892000000001
4369   -1.6215649999999999 -0.846997 43.301139999999997
4370   -1.2244820000000001 -1.184701 43.240772
4371   -0.97244600000000003 -1.2335370000000001 43.233249999999998
4372   2.5913219999999999 -0.75798699999999997 43.509692999999999
4373   2.682734 -0.51003200000000004 43.474125000000001
4374   7.1842079999999999 -1.2009259999999999 43.444267000000004
4375   7.0671359999999996 -1.052894 43.532359999999997
4376   6.9973169999999998 -1.0729310000000001 43.701771000000001
4377   -1.848949 -0.64919499999999997 43.501545
4378   -1.420385 -1.0331090000000001 43.218899
4379   2.5350920000000001 -0.76967099999999999 43.683891000000003
4380   3.65327 -0.63486200000000004 43.508678000000003
4381   3.7598630000000002 -0.76500599999999996 43.696795999999999
4382   6.1330280000000004 -0.83177500000000004 43.543652000000002
4383   5.974526 -0.76976299999999998 43.686852000000002
4384   6.14459 -0.88294099999999998 43.708263000000002
4385   6.3315840000000003 -0.85206700000000002 43.525348999999999
4386   6.7748270000000002 -0.90498999999999996 43.686810000000001
4387   6.8533309999999998 -0.88519400000000004 43.555458000000002
4388   7.118277 -0.78497899999999998 43.497695999999998
4389   -1.9065639999999999 -0.79683700000000002 43.798400999999998
4390   3.789358 -0.34982600000000003 43.460560000000001
4391   3.98088 -0.64047699999999996 43.548625999999999
4392   4.2084720000000004 -0.53864800000000002 43.698985999999998
4393   5.770581 -0.65881599999999996 43.533454999999996
4394   5.5258000000000003 -0.53529000000000004 43.675086999999998
4395   5.7930799999999998 -0.71357199999999998 43.706802000000003
4396   5.9720459999999997 -0.71786700000000003 43.520699
4397   6.1773230000000003 -0.70457999999999998 43.482388
4398   6.3896499999999996 -0.72444399999999998 43.538113000000003
4399   6.6613009999999999 -0.771652 43.567036000000002
4400   6.9705570000000003 -0.73110699999999995 43.571376999999998
4401   7.374492 -0.62667600000000001 43.498767999999998
4402   7.6570790000000004 -0.335061 43.492686999999997
4403   -1.8524339999999999 -0.206179 43.581328999999997
4404   -1.7697229999999999 -0.53117999999999999 43.325012000000001
4405   2.4539080000000002 -0.54394500000000001 43.533577000000001
4406   2.3069030000000001 -0.30659799999999998 43.701050000000002
4407   2.4366099999999999 -0.61126800000000003 43.713448
4408   2.7211810000000001 0.22656000000000001 43.451965000000001
4409   4.1756970000000004 -0.49862600000000001 43.527546000000001
4410   5.5515090000000002 -0.50322500000000003 43.532738000000002
4411   5.7468750000000002 -0.53959400000000002 43.486420000000003
4412   5.8594609999999996 -0.54412799999999995 43.533562000000003
4413   6.1189299999999998 -0.60040400000000005 43.543605999999997
4414   6.4933940000000003 -0.71161399999999997 43.673817
4415   6.822171 -0.72342600000000001 43.746600999999998
4416   7.0142410000000002 -0.65092499999999998 43.728648999999997
4417   7.2934419999999998 -0.46153899999999998 43.663634999999999
4418   7.1727829999999999 -0.49463299999999999 43.808334000000002
4419   2.363305 -0.29199700000000001 43.519947000000002
4420   4.6977370000000001 -0.35432200000000003 43.478493
4421   5.3240860000000003 -0.38238299999999997 43.482891000000002
4422   5.6405310000000002 -0.42496899999999999 43.563923000000003
4423   5.9383730000000003 -0.51993 43.665581000000003
4424   6.1935339999999997 -0.575573 43.716121999999999
4425   7.2621950000000002 -0.242149 43.905253999999999
4426   2.3472200000000001 -0.014206999999999999 43.470486000000001
4427   4.6015240000000004 -0.227773 43.459735999999999
4428   3.9715609999999999 -0.105658 43.451694000000003
4429   4.82721 -0.22386300000000001 43.521194000000001
4430   5.2348790000000003 -0.25589899999999999 43.533423999999997
4431   5.4181439999999998 -0.26497100000000001 43.660587
4432   5.6334980000000003 -0.37429499999999999 43.709164000000001
4433   7.4578980000000001 -0.18240300000000001 43.671157999999998
4434   2.0692080000000002 0.0026050000000000001 43.531097000000003
4435   1.9825950000000001 0.035547000000000002 43.661259000000001
4436   4.2758960000000004 -0.044047000000000003 43.511318000000003
4437   4.6018610000000004 -0.093813999999999995 43.545918
4438   4.7062419999999996 -0.088345000000000007 43.656796
4439   4.9144940000000004 -0.187249 43.685851999999997
4440   5.3004810000000004 -0.22064300000000001 43.710079
4441   7.3861160000000003 0.054151999999999999 43.806148999999998
4442   7.6721909999999998 0.045268999999999997 43.512690999999997
4443   -1.73261 0.33183499999999999 43.650317999999999
4444   1.896296 0.1706 43.526234000000002
4445   1.7256009999999999 0.25348500000000002 43.709868999999998
4446   2.0355340000000002 0.15679199999999999 43.481678000000002
4447   2.14757 0.161605 43.523983000000001
4448   2.3503560000000001 0.15467400000000001 43.521121999999998
4449   4.066503 0.080621999999999999 43.541415999999998
4450   3.7377940000000001 0.13788300000000001 43.507548999999997
4451   4.1723189999999999 0.088372999999999993 43.654392000000001
4452   4.3411739999999996 0.0037269999999999998 43.681572000000003
4453   4.5896319999999999 -0.045376 43.717354
4454   7.4322670000000004 0.43076399999999998 43.721012000000002
4455   7.6751240000000003 0.41724299999999998 43.457787000000003
4456   1.734135 0.27974900000000003 43.575001
4457   1.684285 0.32864300000000002 43.692470999999998
4458   1.8327629999999999 0.31113800000000003 43.550784999999998
4459   1.9812529999999999 0.27330199999999999 43.5672
4460   2.1833979999999999 0.21554899999999999 43.676788000000002
4461   2.3591449999999998 0.21105599999999999 43.674232000000003
4462   2.538751 0.32917299999999999 43.445267000000001
4463   2.4860380000000002 0.315249 43.641762
4464   3.0515699999999999 0.33799000000000001 43.444308999999997
4465   3.5292669999999999 0.26429000000000002 43.540016000000001
4466   3.206941 0.41409800000000002 43.508521999999999
4467   3.7668759999999999 0.19672799999999999 43.664248999999998
4468   4.0564109999999998 0.13192599999999999 43.715809
4469   1.9383189999999999 0.31739099999999998 43.731524999999998
4470   2.5947710000000002 0.43339699999999998 43.573231
4471   2.5593759999999999 0.56733800000000001 43.396824000000002
4472   2.7391000000000001 0.53918699999999997 43.515220999999997
4473   2.7389410000000001 0.445216 43.687694999999998
4474   3.05803 0.51261699999999999 43.402126000000003
4475   3.3475000000000001 0.40388499999999999 43.674827999999998
4476   3.52149 0.320436 43.714039
4477   -1.515798 0.67598599999999998 43.489291999999999
4478   2.8979240000000002 0.695021 43.496490000000001
4479   3.1529500000000001 0.55893999999999999 43.621693
4480   3.0914990000000002 0.70970699999999998 43.540149999999997
4481   2.747017 1.0242009999999999 43.330345000000001
4482   2.896385 0.863259 43.402695000000001
4483   3.0186259999999998 0.64286900000000002 43.684986000000002
4484   2.9592520000000002 0.64532699999999998 43.691428999999999
4485   3.0740419999999999 0.85642600000000002 43.435912999999999
4486   3.169006 0.90237900000000004 43.362656000000001
4487   7.3686980000000002 0.97606300000000001 43.583095999999998
4488   2.9103110000000001 1.0962240000000001 43.371310999999999
4489   2.7728069999999998 1.26217 43.325130000000001
4490   3.0074550000000002 1.1499839999999999 43.318953999999998
4491   -0.98849799999999999 1.2668509999999999 43.568458999999997
4492   -0.79225100000000004 1.4630939999999999 43.387797999999997
4493   -0.647644 1.494828 43.631535
4494   2.7461030000000002 1.5272429999999999 43.260173999999999
4495   2.8566199999999999 1.3297479999999999 43.295943999999999
4496   -0.68726299999999996 1.5831740000000001 43.354850999999996
4497   -0.59208700000000003 1.6707129999999999 43.622886999999999
4498   -0.62322500000000003 1.8122210000000001 43.650073999999996
4499   -0.57457800000000003 1.58568 43.694114999999996
4500   -0.41792400000000002 1.986183 43.316879
4501   -0.55403899999999995 1.971622 43.588698999999998
4502   6.7009239999999997 1.9811030000000001 43.628917999999999
4503   -0.343084 2.2267269999999999 43.542194000000002
4504   0.093312999999999993 2.303242 43.236519000000001
4505   2.5265580000000001 2.245816 42.982723
4506   2.5930170000000001 2.2702499999999999 42.991321999999997
4507   0.52583000000000002 2.461255 43.217196999999999
4508   1.1961390000000001 2.5520499999999999 43.184672999999997
4509   1.8735949999999999 2.4419089999999999 42.987628999999998
4510   2.2893370000000002 2.4532970000000001 43.078963999999999
4511   2.4935679999999998 2.5109970000000001 43.144367000000003
4512   -0.15639400000000001 2.5501 43.737426999999997
4513   2.638458 2.5392760000000001 43.115135000000002
4514   3.2336830000000001 2.5715780000000001 43.678103999999998
4515   3.1566010000000002 2.5852550000000001 43.761108
4516   3.1336059999999999 2.4933700000000001 43.930289999999999
4517   3.1755520000000002 2.5439859999999999 44.084873000000002
4518   0.148201 2.739725 43.806980000000003
4519   2.2965369999999998 2.7590319999999999 43.406295999999998
4520   3.2565539999999999 2.6994389999999999 43.609324999999998
4521   3.302778 2.7093769999999999 43.821612999999999
4522   0.88931899999999997 2.8909889999999998 43.839827999999997
4523   2.6152700000000002 2.7419509999999998 43.329075000000003
4524   3.4597509999999998 2.9071069999999999 43.648197000000003
4525   3.331013 2.8286129999999998 43.510876000000003
4526   3.2176200000000001 2.8339319999999999 43.463527999999997
4527   2.7282489999999999 2.9005049999999999 43.544876000000002
4528   2.9760960000000001 2.856665 43.403564000000003
4529   3.812954 3.2255720000000001 43.580257000000003
4530   4.5857939999999999 3.3484259999999999 43.642947999999997
4531   2.7686579999999998 2.9031400000000001 43.757644999999997
4532   2.3678029999999999 2.979562 43.917496
4533   3.9465539999999999 3.3625440000000002 43.947552000000002
4534   4.2735849999999997 3.3996330000000001 43.599594000000003
4535   3.5035219999999998 -3.5969859999999998 44.212359999999997
4536   4.2814399999999999 -3.5665079999999998 44.282505
4537   2.4411390000000002 -3.4558059999999999 43.908969999999997
4538   3.0857359999999998 -3.5698750000000001 44.102383000000003
4539   2.784646 -3.4282490000000001 44.213954999999999
4540   5.0576809999999996 -3.577982 43.995460999999999
4541   1.9019539999999999 -3.1159400000000002 43.945895999999998
4542   2.4131619999999998 -3.2001149999999998 44.275573999999999
4543   5.4722569999999999 -3.3418399999999999 44.138641
4544   6.0063230000000001 -2.9414769999999999 44.157848000000001
4545   1.9008080000000001 -2.829472 44.092281
4546   -0.27029399999999998 -2.6145589999999999 43.965412000000001
4547   1.898687 -2.6437940000000002 44.115943999999999
4548   6.4372249999999998 -2.5408550000000001 44.139724999999999
4549   -0.58377999999999997 -2.446094 44.383445999999999
4550   0.110778 -2.6002130000000001 44.271026999999997
4551   -0.20715500000000001 -2.564419 44.369301
4552   0.397256 -2.6165919999999998 44.075180000000003
4553   1.9317500000000001 -2.4184239999999999 44.087864000000003
4554   -0.99397599999999997 -2.2173479999999999 44.332188000000002
4555   0.63156500000000004 -2.4511099999999999 44.325760000000002
4556   6.794619 -1.869602 44.1021
4557   1.509152 -2.1273409999999999 43.910747999999998
4558   1.1109549999999999 -2.1268739999999999 44.252128999999996
4559   2.154325 -2.1210100000000001 44.119774
4560   -1.257822 -1.841791 44.681435
4561   1.7833749999999999 -1.597993 44.216819999999998
4562   2.3070659999999998 -1.9659169999999999 44.053272
4563   2.4448729999999999 -1.9483470000000001 43.877464000000003
4564   2.4820000000000002 -1.886663 44.127189999999999
4565   2.5585209999999998 -1.7728060000000001 44.376972000000002
4566   -1.5652379999999999 -1.6178269999999999 44.356461000000003
4567   2.6331709999999999 -1.637732 44.135258
4568   2.7552059999999998 -1.5122660000000001 43.910209999999999
4569   2.6090990000000001 -1.5081690000000001 44.240650000000002
4570   2.2166939999999999 -1.5183690000000001 44.096564999999998
4571   2.5034429999999999 -1.4676419999999999 44.10004
4572   2.6016870000000001 -1.4136169999999999 43.898052
4573   2.7082069999999998 -1.4435830000000001 43.940295999999996
4574   3.0395479999999999 -1.231776 43.866348000000002
4575   3.0069409999999999 -1.4007179999999999 43.809978000000001
4576   -1.78729 -1.136306 44.410744000000001
4577   2.6121189999999999 -1.2114590000000001 43.819133999999998
4578   2.746855 -1.2027000000000001 43.858845000000002
4579   3.6476299999999999 -0.77915000000000001 43.797440000000002
4580   2.6107360000000002 -0.76978000000000002 43.809207999999998
4581   6.9538830000000003 -0.934029 43.938465000000001
4582   6.9546200000000002 -0.90707800000000005 44.151339999999998
4583   2.7098179999999998 -0.57599500000000003 43.848061000000001
4584   5.984693 -0.70036699999999996 43.814751000000001
4585   6.2858840000000002 -0.82998899999999998 43.803550999999999
4586   6.6440039999999998 -0.83471799999999996 43.809944000000002
4587   6.8237969999999999 -0.87808299999999995 43.820118000000001
4588   -1.867637 -0.332094 44.215243999999998
4589   3.6610360000000002 -0.61946400000000001 43.863048999999997
4590   4.230804 -0.48415799999999998 43.799644000000001
4591   5.7386150000000002 -0.61865999999999999 43.789256999999999
4592   6.1709740000000002 -0.69183399999999995 43.841003000000001
4593   6.3813449999999996 -0.72939200000000004 43.801139999999997
4594   6.6162530000000004 -0.76677799999999996 43.790782999999998
4595   6.8363199999999997 -0.78949599999999998 43.878337999999999
4596   6.9191929999999999 -0.74107599999999996 44.122314000000003
4597   2.3900229999999998 -0.31465599999999999 43.805259999999997
4598   5.5296560000000001 -0.48812100000000003 43.793529999999997
4599   5.7324529999999996 -0.52663899999999997 43.837432999999997
4600   5.9773959999999997 -0.57184900000000005 43.786610000000003
4601   6.9748679999999998 -0.65868700000000002 43.996901999999999
4602   4.3713319999999998 -0.20769799999999999 43.865971000000002
4603   4.6808569999999996 -0.35289199999999998 43.844284000000002
4604   5.3895160000000004 -0.375112 43.837090000000003
4605   5.7181319999999998 -0.46537200000000001 43.761288
4606   7.0342260000000003 -0.41419699999999998 44.261749000000002
4607   -1.80186 0.076747999999999997 44.081093000000003
4608   2.3380930000000002 -0.0073759999999999997 43.850883000000003
4609   2.6723979999999998 0.217332 43.86298
4610   4.8439860000000001 -0.24333299999999999 43.810237999999998
4611   5.174353 -0.26411099999999998 43.803336999999999
4612   2.0516070000000002 0.042278000000000003 43.802086000000003
4613   4.2344710000000001 -0.032643999999999999 43.809401999999999
4614   1.872733 0.20555399999999999 43.804034999999999
4615   2.0265840000000002 0.170879 43.844436999999999
4616   2.17855 0.15479499999999999 43.807136999999997
4617   2.3984610000000002 0.166296 43.799334999999999
4618   2.9088820000000002 0.421707 43.868586999999998
4619   3.8252959999999998 0.095237000000000002 43.830956
4620   -1.621135 0.49663299999999999 44.113048999999997
4621   1.8394999999999999 0.28746500000000003 43.796576999999999
4622   2.0213160000000001 0.239597 43.770328999999997
4623   3.573385 0.22367699999999999 43.787669999999999
4624   3.3320059999999998 0.31637599999999999 43.833897
4625   7.1285369999999997 0.051693999999999997 44.228538999999998
4626   7.0716590000000004 0.69627799999999995 44.184074000000003
4627   -1.4259189999999999 0.73869399999999996 44.204211999999998
4628   -1.1984220000000001 0.88506499999999999 44.557934000000003
4629   -1.0819810000000001 1.0681389999999999 44.034370000000003
4630   -1.0376829999999999 1.093113 44.328327000000002
4631   -0.81757599999999997 1.271714 44.058315
4632   2.5733519999999999 1.302443 44.006565000000002
4633   2.4410980000000002 1.3527229999999999 44.180923
4634   2.5907969999999998 1.243012 44.189484
4635   2.8270599999999999 1.2508060000000001 44.149109000000003
4636   2.8489949999999999 1.287317 44.017882999999998
4637   2.8923399999999999 1.3174349999999999 44.179088999999998
4638   6.9885770000000003 1.2488440000000001 44.085124999999998
4639   -0.70204699999999998 1.563774 43.887695000000001
4640   2.454285 1.418614 44.020068999999999
4641   2.3692009999999999 1.5224150000000001 44.184956
4642   2.6804600000000001 1.54274 43.935799000000003
4643   -1.117815 1.6471990000000001 44.303207
4644   -0.96653800000000001 1.792349 44.052303000000002
4645   2.425271 1.572694 44.035685999999998
4646   6.6409339999999997 1.7570140000000001 44.148448999999999
4647   -0.71701499999999996 1.8536619999999999 43.811836
4648   2.518386 1.780699 44.165149999999997
4649   2.561131 1.7568900000000001 44.005164999999998
4650   2.880687 2.0269780000000002 44.174984000000002
4651   -1.0987979999999999 2.0636369999999999 44.254821999999997
4652   -0.92905300000000002 2.0074700000000001 44.024039999999999
4653   2.7346050000000002 2.1021380000000001 43.964981000000002
4654   2.8496549999999998 2.0565380000000002 44.019404999999999
4655   -0.96796599999999999 2.33168 44.262726000000001
4656   -0.66326600000000002 2.1737389999999999 43.860560999999997
4657   2.5967820000000001 2.0957699999999999 44.032299000000002
4658   2.5543979999999999 2.0601060000000002 44.201495999999999
4659   2.6753900000000002 2.2735820000000002 44.166721000000003
4660   2.7518880000000001 2.3381150000000002 44.005614999999999
4661   2.8925390000000002 2.305749 43.965198999999998
4662   3.0007329999999999 2.3385560000000001 44.010925
4663   3.0520659999999999 2.384128 44.119014999999997
4664   6.0520310000000004 1.8810849999999999 44.626235999999999
4665   -0.58827799999999997 2.523733 44.109715000000001
4666   2.7176239999999998 2.4830770000000002 44.165244999999999
4667   3.0225900000000001 2.4777499999999999 43.920074
4668   5.4426560000000004 2.4072779999999998 44.515510999999996
4669   2.7395689999999999 2.6878289999999998 43.985664
4670   2.6830820000000002 2.6634060000000002 44.163207999999997
4671   2.913224 2.6715049999999998 43.953704999999999
4672   3.049798 2.6392910000000001 43.878990000000002
4673   5.2888909999999996 2.8114319999999999 44.109299
4674   -0.33413300000000001 2.7306599999999999 44.242935000000003
4675   2.6195949999999999 2.8592580000000001 44.004027999999998
4676   2.5574979999999998 2.8491659999999999 44.170132000000002
4677   2.753819 2.8657409999999999 43.926578999999997
4678   2.8790619999999998 2.8260939999999999 43.933449000000003
4679   3.0113059999999998 2.8048609999999998 43.7729
4680   3.3272689999999998 2.8458760000000001 44.098568
4681   2.4940030000000002 2.9519899999999999 43.950035
4682   2.3783080000000001 3.00007 44.136578
4683   3.4907919999999999 3.0082390000000001 44.028454000000004
4684   0.79808500000000004 3.1046499999999999 44.409657000000003
4685   1.698491 3.0505040000000001 44.180908000000002
4686   2.1784020000000002 3.0471460000000001 44.140858000000001
4687   3.6687880000000002 3.1610490000000002 44.196441999999998
4688   4.4694849999999997 3.2710110000000001 44.145409000000001
4689   4.0971729999999997 3.353281 44.166252
4690   3.0810499999999998 -3.3320400000000001 44.762737000000001
4691   4.6047440000000002 -3.298505 44.932986999999997
4692   2.6834020000000001 -3.0981559999999999 44.750660000000003
4693   5.4108309999999999 -3.1369310000000001 44.572280999999997
4694   2.3179599999999998 -2.8880300000000001 44.485222
4695   2.4298229999999998 -2.8009979999999999 44.712234000000002
4696   5.6944889999999999 -2.7994789999999998 44.684260999999999
4697   2.261841 -2.6288499999999999 44.527217999999998
4698   6.0440839999999998 -2.6322800000000002 44.470959000000001
4699   -0.327098 -2.4765809999999999 44.967475999999998
4700   0.050705 -2.4963410000000001 44.923549999999999
4701   0.38298900000000002 -2.5021550000000001 44.520049999999998
4702   2.287442 -2.324303 44.523197000000003
4703   2.3688859999999998 -2.4828640000000002 44.774258000000003
4704   -0.60310699999999995 -2.2845240000000002 45.123573
4705   0.42166900000000002 -2.3455729999999999 45.031841
4706   0.71243800000000002 -2.2410049999999999 44.566319
4707   6.0859310000000004 -2.2239330000000002 44.725360999999999
4708   6.3235270000000003 -2.2306759999999999 44.450367
4709   2.3444419999999999 -2.1272310000000001 44.466330999999997
4710   2.4378790000000001 -2.0646399999999998 44.766201000000002
4711   0.82010899999999998 -2.0339809999999998 44.781002000000001
4712   0.94709600000000005 -2.020308 44.492989000000001
4713   1.207627 -1.876145 44.388302000000003
4714   2.4332120000000002 -1.9632609999999999 44.378548000000002
4715   6.1642749999999999 -1.6760429999999999 44.896132999999999
4716   6.4452119999999997 -1.765266 44.515739000000004
4717   0.99956500000000004 -1.807053 44.568854999999999
4718   0.96372400000000003 -1.5794900000000001 45.151566000000003
4719   2.6433300000000002 -1.6454850000000001 44.702820000000003
4720   1.076263 -1.555396 44.760883
4721   1.159683 -1.513355 44.511456000000003
4722   1.308406 -1.587804 44.435642000000001
4723   -1.53396 -1.3903430000000001 44.819102999999998
4724   1.6232690000000001 -1.2444919999999999 44.418461000000001
4725   1.645616 -1.458054 44.364933000000001
4726   2.0353750000000002 -1.3178300000000001 44.382710000000003
4727   2.442396 -1.3558969999999999 44.337989999999998
4728   2.6344059999999998 -1.3828560000000001 44.465587999999997
4729   2.7092010000000002 -1.411092 44.647404000000002
4730   6.4462299999999999 -1.319971 44.560211000000002
4731   6.8669289999999998 -1.255287 44.246029
4732   1.096441 -0.95461399999999996 44.752620999999998
4733   1.8070379999999999 -1.295533 44.405048000000001
4734   2.6416460000000002 -1.2636700000000001 44.537933000000002
4735   2.8582260000000002 -1.1976009999999999 44.724502999999999
4736   2.7823180000000001 -1.2061489999999999 44.613467999999997
4737   6.2957380000000001 -1.085836 44.665298
4738   6.1280979999999996 -1.255873 44.954571000000001
4739   1.2946310000000001 -0.99454900000000002 44.452278
4740   1.779293 -1.1035950000000001 44.562241
4741   2.251185 -1.202663 44.574474000000002
4742   2.6488019999999999 -1.149618 44.647736000000002
4743   2.7849179999999998 -1.130973 44.616909
4744   2.9952589999999999 -0.98107 44.642803000000001
4745   2.984267 -1.0497650000000001 44.709412
4746   6.075062 -0.852132 44.804561999999997
4747   1.1542319999999999 -0.843866 44.511702999999997
4748   1.3284320000000001 -0.85324699999999998 44.503559000000003
4749   2.0500129999999999 -1.124139 44.764000000000003
4750   1.670021 -0.97123999999999999 44.788398999999998
4751   2.3339539999999999 -1.1305270000000001 44.847462
4752   2.7479480000000001 -1.057469 44.792487999999999
4753   -1.871092 -0.69810700000000003 44.518344999999997
4754   1.025385 -0.70737300000000003 44.855705
4755   1.345599 -0.78311600000000003 44.739403000000003
4756   2.9588739999999998 -0.96289899999999995 44.688473000000002
4757   6.1608140000000002 -0.74416199999999999 44.670689000000003
4758   6.3254440000000001 -0.763818 44.582400999999997
4759   6.7970699999999997 -0.79340699999999997 44.324424999999998
4760   1.1283049999999999 -0.64937400000000001 44.678871000000001
4761   5.9983839999999997 -0.53132299999999999 44.810595999999997
4762   5.8393860000000002 -0.56467199999999995 45.038173999999998
4763   6.1805300000000001 -0.57937499999999997 44.662227999999999
4764   6.4485190000000001 -0.55622700000000003 44.593814999999999
4765   6.8009700000000004 -0.52380499999999997 44.387348000000003
4766   6.9546609999999998 -0.58579400000000004 44.218680999999997
4767   -1.843315 -0.36485000000000001 44.771636999999998
4768   6.1399889999999999 -0.43711699999999998 44.872790999999999
4769   6.405208 -0.37170700000000001 44.878391000000001
4770   6.6127960000000003 -0.404559 44.584026000000001
4771   6.6530620000000003 -0.21096599999999999 44.736888999999998
4772   6.7995979999999996 -0.21917 44.519333000000003
4773   -1.8151200000000001 0.089453000000000005 44.589993
4774   4.0131490000000003 0.039537999999999997 44.507590999999998
4775   3.826416 0.070446999999999996 44.885696000000003
4776   4.0012049999999997 -0.012031 44.703724000000001
4777   4.1572579999999997 0.067708000000000004 44.521168000000003
4778   4.2194000000000003 0.085538000000000003 44.666877999999997
4779   6.8776390000000003 0.096296000000000007 44.582374999999999
4780   3.9627810000000001 0.372087 44.487685999999997
4781   4.1273369999999998 0.236038 44.446026000000003
4782   4.2612259999999997 0.19867199999999999 44.527298000000002
4783   4.2950179999999998 0.228737 44.691563000000002
4784   6.7625419999999998 0.407308 44.718173999999998
4785   4.1088810000000002 0.497971 44.497692000000001
4786   4.2668439999999999 0.349107 44.645111
4787   -1.619785 0.49732900000000002 44.752276999999999
4788   3.7743989999999998 0.36708200000000002 44.823982000000001
4789   3.8096009999999998 0.55780799999999997 44.509506000000002
4790   3.948915 0.76439299999999999 44.433109000000002
4791   4.1671319999999996 0.50200199999999995 44.691189000000001
4792   3.682334 0.93345400000000001 44.441398999999997
4793   4.0942049999999997 0.83616400000000002 44.494796999999998
4794   4.128298 0.69505499999999998 44.670699999999997
4795   6.5606499999999999 1.1037969999999999 44.669746000000004
4796   3.281202 0.92405000000000004 44.505611000000002
4797   3.4006690000000002 0.80281499999999995 44.748832999999998
4798   3.5053510000000001 0.87445399999999995 44.499175999999999
4799   4.1536840000000002 0.87124299999999999 44.695087000000001
4800   -1.0195050000000001 1.185467 44.403830999999997
4801   -1.0639339999999999 1.055879 44.573985999999998
4802   -1.0283180000000001 1.119218 44.786808000000001
4803   3.1420880000000002 0.99581600000000003 44.561416999999999
4804   3.0798079999999999 1.056257 44.740825999999998
4805   2.8574709999999999 1.0099689999999999 44.997166
4806   3.2463139999999999 1.033396 44.530276999999998
4807   3.5741849999999999 1.0202850000000001 44.509650999999998
4808   4.1059020000000004 1.0985279999999999 44.420425000000002
4809   4.2526970000000004 1.0746830000000001 44.519001000000003
4810   4.2860880000000003 1.1114010000000001 44.703667000000003
4811   -1.095181 1.271952 44.772278
4812   -1.052182 1.2703519999999999 44.506725000000003
4813   -0.930728 1.362555 44.259501999999998
4814   2.5535160000000001 1.336956 44.285110000000003
4815   2.8037429999999999 1.322586 44.291305999999999
4816   3.4680399999999998 1.0721700000000001 44.698456
4817   3.6294919999999999 1.1847760000000001 44.809113000000004
4818   3.9846469999999998 1.384109 44.522533000000003
4819   4.2718990000000003 1.3937489999999999 44.483142999999998
4820   -1.238618 1.538408 44.552436999999998
4821   -1.3558539999999999 1.615426 44.840591000000003
4822   2.4846900000000001 1.4628000000000001 44.304175999999998
4823   2.7031480000000001 1.5551980000000001 44.348511000000002
4824   4.0761560000000001 1.6208389999999999 44.791901000000003
4825   4.1257510000000002 1.3946400000000001 44.442557999999998
4826   4.3190160000000004 1.37422 44.628554999999999
4827   2.5730849999999998 1.7640960000000001 44.289402000000003
4828   4.2960029999999998 1.575175 44.452140999999997
4829   4.458329 1.631691 44.726115999999998
4830   4.4299059999999999 1.6037410000000001 44.525950999999999
4831   -1.3167899999999999 1.7490000000000001 44.521712999999998
4832   -1.414223 1.861399 44.696541000000003
4833   2.8285070000000001 2.003552 44.278885000000002
4834   4.3041770000000001 1.7347300000000001 44.494114000000003
4835   4.2525209999999998 1.821625 44.730297
4836   4.434037 1.8494409999999999 44.521065
4837   4.4871809999999996 2.0985290000000001 44.691218999999997
4838   -1.3082800000000001 1.9930939999999999 44.473605999999997
4839   2.6092420000000001 1.9804809999999999 44.296439999999997
4840   2.736637 2.0984989999999999 44.321033
4841   4.3770980000000002 2.1650019999999999 44.532021
4842   -1.442985 2.3595350000000002 44.806255
4843   2.7508789999999999 2.3104300000000002 44.288609000000001
4844   4.3018929999999997 2.188669 44.749744
4845   4.4927859999999997 2.1424530000000002 44.508560000000003
4846   -1.2963549999999999 2.3605580000000002 44.573124
4847   2.9303170000000001 2.521477 44.301963999999998
4848   4.5090709999999996 2.3129179999999998 44.490971000000002
4849   4.6267969999999998 2.2389739999999998 44.796740999999997
4850   4.6741409999999997 2.3444240000000001 44.552345000000003
4851   4.8237240000000003 2.2782 44.957965999999999
4852   5.4286149999999997 2.065035 45.044735000000003
4853   2.782349 2.6209690000000001 44.285300999999997
4854   3.021439 2.4687109999999999 44.243262999999999
4855   4.3750790000000004 2.630252 44.529667000000003
4856   4.2882579999999999 2.482497 44.748722000000001
4857   4.5311789999999998 2.5925250000000002 44.455562999999998
4858   4.848973 2.6624460000000001 44.436870999999996
4859   4.833774 2.3806229999999999 44.664715000000001
4860   4.8687100000000001 2.493725 44.529533000000001
4861   5.0856250000000003 2.397764 44.695720999999999
4862   5.0548859999999998 2.5454460000000001 44.493594999999999
4863   -1.264095 2.5732179999999998 44.701144999999997
4864   -1.371418 2.5808010000000001 45.056289999999997
4865   3.1747429999999999 3.0064899999999999 44.346127000000003
4866   3.2081810000000002 2.8099590000000001 44.231777000000001
4867   4.2291239999999997 2.6878880000000001 44.736770999999997
4868   5.1286019999999999 2.6997629999999999 44.336201000000003
4869   -0.99256699999999998 2.7468300000000001 44.861018999999999
4870   2.5822530000000001 2.9182779999999999 44.276927999999998
4871   2.745568 3.0455450000000002 44.355212999999999
4872   4.3606559999999996 2.8456100000000002 44.487349999999999
4873   4.1292470000000003 2.8684590000000001 44.712905999999997
4874   4.7566660000000001 2.807401 44.390602000000001
4875   -0.114745 2.9935369999999999 44.795662
4876   2.3913030000000002 3.0753170000000001 44.289496999999997
4877   3.375124 3.0142220000000002 44.245468000000002
4878   3.982593 3.0516709999999998 44.568522999999999
4879   4.2078740000000003 3.0240849999999999 44.494624999999999
4880   4.744135 2.9702130000000002 44.293120999999999
4881   1.6983170000000001 3.1331410000000002 44.648890999999999
4882   2.094103 3.1294590000000002 44.424072000000002
4883   2.4816790000000002 3.1823519999999998 44.454009999999997
4884   3.489271 3.1692819999999999 44.442024000000004
4885   3.7238669999999998 3.1377090000000001 44.574356000000002
4886   3.862371 3.197991 44.334865999999998
4887   4.2127509999999999 3.1845650000000001 44.381183999999998
4888   2.47275 3.2520250000000002 44.752495000000003
4889   3.3513679999999999 3.2486679999999999 44.703609
4890   3.3743400000000001 -3.3616799999999998 45.045406
4891   3.752075 -3.2265579999999998 45.469734000000003
4892   5.0030390000000002 -3.1181939999999999 45.026318000000003
4893   2.791328 -2.9797150000000001 45.330421000000001
4894   5.3609270000000002 -2.7555999999999998 45.162903
4895   2.518402 -2.7179440000000001 45.128909999999998
4896   2.4306920000000001 -2.4682200000000001 45.142521000000002
4897   2.4079100000000002 -2.2131409999999998 45.099854000000001
4898   5.827108 -2.2119819999999999 45.100341999999998
4899   0.71361600000000003 -2.0501659999999999 45.155441000000003
4900   2.4736229999999999 -1.8815869999999999 45.122619999999998
4901   2.728183 -1.3563970000000001 45.046188000000001
4902   1.041126 -1.052114 45.103748000000003
4903   -1.6626099999999999 -0.89943700000000004 45.087898000000003
4904   1.983174 -1.133222 45.040092000000001
4905   2.1145550000000002 -1.221446 45.294398999999999
4906   2.5299200000000002 -1.1173580000000001 45.067894000000003
4907   2.9412219999999998 -1.045533 44.808624000000002
4908   5.9905049999999997 -0.88549999999999995 45.034843000000002
4909   1.038454 -0.88843399999999995 45.093181999999999
4910   1.5956699999999999 -0.96543000000000001 45.055328000000003
4911   0.89368199999999998 -0.70520099999999997 45.215041999999997
4912   0.93213100000000004 -0.81435299999999999 45.289433000000002
4913   1.1106009999999999 -0.62299899999999997 45.061253000000001
4914   -1.7180869999999999 -0.41436800000000001 45.264484000000003
4915   0.91683999999999999 -0.56797500000000001 45.166404999999997
4916   5.7600550000000004 -0.72665100000000005 45.653599
4917   0.96013599999999999 -0.43587399999999998 45.021678999999999
4918   0.90500999999999998 -0.28275 45.156750000000002
4919   1.0402370000000001 -0.54784600000000006 44.891033
4920   0.96455900000000006 -0.369477 45.086143
4921   6.1799390000000001 -0.37337399999999998 45.076664000000001
4922   -1.7654129999999999 0.0085419999999999992 45.020766999999999
4923   0.88130299999999995 -0.21185499999999999 45.077103000000001
4924   5.7456620000000003 -0.294626 45.352294999999998
4925   6.4404810000000001 -0.24347099999999999 45.135421999999998
4926   0.78654400000000002 0.015701 45.080829999999999
4927   0.70655400000000002 0.18645 45.133121000000003
4928   0.82159800000000005 -0.048948999999999999 45.157223000000002
4929   3.7972540000000001 0.0068190000000000004 45.068644999999997
4930   3.906142 0.065313999999999997 45.076613999999999
4931   6.4649390000000002 0.087433999999999998 45.212868
4932   0.74218899999999999 0.23394400000000001 45.052242
4933   0.77288400000000002 0.19239100000000001 45.156658
4934   3.7320410000000002 0.350829 45.106338999999998
4935   4.0945910000000003 0.24294299999999999 45.104385000000001
4936   4.1129959999999999 0.168764 44.917670999999999
4937   0.66420999999999997 0.42635899999999999 44.978152999999999
4938   0.46593699999999999 0.501807 45.125526000000001
4939   0.80329200000000001 0.41781499999999999 45.011828999999999
4940   0.84484800000000004 0.422989 45.139609999999998
4941   4.1219849999999996 0.37662899999999999 45.092692999999997
4942   4.1917710000000001 0.32405400000000001 44.829898999999997
4943   6.3853229999999996 0.51613600000000004 45.215260000000001
4944   -1.4846680000000001 0.36027999999999999 45.556350999999999
4945   0.30869400000000002 0.70530099999999996 44.985309999999998
4946   1.0819289999999999 0.72672400000000004 44.994408
4947   3.6080640000000002 0.54801 44.904175000000002
4948   3.5609440000000001 0.56606199999999995 45.073967000000003
4949   4.0478759999999996 0.585005 45.063758999999997
4950   -1.4098649999999999 0.64098599999999994 45.196545
4951   0.097720000000000001 0.84155999999999997 45.101405999999997
4952   0.29458499999999999 0.65495300000000001 45.161014999999999
4953   1.0366519999999999 0.86260700000000001 44.909011999999997
4954   1.1148610000000001 0.71791499999999997 45.135406000000003
4955   3.3418679999999998 0.80326900000000001 45.031593000000001
4956   3.4852280000000002 0.641988 45.140579000000002
4957   -1.2110719999999999 0.81079100000000004 45.089663999999999
4958   -1.0247250000000001 0.90711799999999998 45.005263999999997
4959   -0.97437799999999997 0.99180800000000002 44.882731999999997
4960   -0.66051800000000005 0.90925699999999998 45.120063999999999
4961   -0.76761999999999997 0.93939499999999998 44.989928999999997
4962   0.036711000000000001 0.90696900000000003 44.986099000000003
4963   -0.10033499999999999 0.88901200000000002 45.138312999999997
4964   0.20760500000000001 0.886795 44.990295000000003
4965   0.53133600000000003 0.82425700000000002 44.915484999999997
4966   0.4002 0.85972400000000004 44.979728999999999
4967   1.379734 0.88429400000000002 45.140045000000001
4968   1.343771 0.90784799999999999 44.979137000000001
4969   2.9957220000000002 0.92332099999999995 44.964581000000003
4970   3.082929 0.88617500000000005 45.119487999999997
4971   4.0094390000000004 0.79140699999999997 45.11401
4972   6.2704209999999998 0.91563099999999997 45.157066
4973   -0.83276399999999995 1.0232939999999999 44.985188000000001
4974   -0.063146999999999995 1.00319 45.024151000000003
4975   0.003421 1.030713 45.152912000000001
4976   0.236674 0.91575600000000001 45.136425000000003
4977   0.394704 0.90659800000000001 45.143188000000002
4978   0.55230299999999999 0.97112399999999999 45.005234000000002
4979   0.60747600000000002 1.0301260000000001 45.133850000000002
4980   1.0328919999999999 1.0042040000000001 44.985560999999997
4981   4.1702110000000001 1.065758 45.055850999999997
4982   -0.99975700000000001 1.1903159999999999 45.058674000000003
4983   -0.89701200000000003 1.0911219999999999 45.142769000000001
4984   -0.665184 1.0485500000000001 45.141238999999999
4985   2.876789 1.0384100000000001 45.140594
4986   3.431991 1.096611 45.003540000000001
4987   3.5930550000000001 1.2068030000000001 45.115814
4988   4.2182389999999996 1.345129 45.060718999999999
4989   -1.0909740000000001 1.3234140000000001 45.341202000000003
4990   3.8411529999999998 1.4451830000000001 45.000660000000003
4991   3.730836 1.3474539999999999 45.134365000000003
4992   5.6327970000000001 1.2119219999999999 45.669925999999997
4993   3.949503 1.562629 45.107272999999999
4994   4.3378399999999999 1.6593690000000001 45.128441000000002
4995   4.4326420000000004 2.0566140000000002 44.916325000000001
4996   -1.4629110000000001 1.976545 45.103428000000001
4997   4.1286959999999997 1.75038 45.118015
4998   4.2506719999999998 1.9231769999999999 45.011501000000003
4999   4.3727070000000001 1.989506 45.090862000000001
5000   5.1842189999999997 1.77362 45.650047000000001
5001   4.3049670000000004 2.2427830000000002 45.043548999999999
5002   4.4112470000000004 2.1520009999999998 45.134014000000001
5003   -1.459166 2.396096 45.239337999999996
5004   4.5367459999999999 2.209473 45.055320999999999
5005   4.6948780000000001 2.2663639999999998 45.224434000000002
5006   4.9721900000000003 2.2175600000000002 45.188282000000001
5007   5.1564719999999999 2.2524519999999999 44.957912
5008   4.2368949999999996 2.506081 45.054015999999997
5009   4.1037869999999996 2.708682 45.016468000000003
5010   4.1490070000000001 2.605674 45.322502
5011   -1.208297 2.7003729999999999 45.317656999999997
5012   3.8027329999999999 3.0219999999999998 44.870342000000001
5013   -0.84528099999999995 2.8630680000000002 45.906708000000002
5014   0.26037300000000002 3.0778690000000002 45.487724
5015   1.178628 3.2028650000000001 45.062634000000003
5016   3.614665 3.0069849999999998 45.476497999999999
5017   1.910234 3.24709 45.064624999999999
5018   1.3934040000000001 3.3424619999999998 45.578612999999997
5019   2.431905 3.2926060000000001 45.147511000000002
5020   2.8543180000000001 3.3171870000000001 45.503943999999997
5021   3.3294480000000002 3.1839900000000001 45.499699
5022   3.1642410000000001 -3.0620090000000002 45.675953
5023   4.2135790000000002 -3.0341520000000002 45.725464000000002
5024   4.6703739999999998 -2.8034849999999998 45.793132999999997
5025   2.8033939999999999 -2.8184809999999998 45.934826000000001
5026   2.5614599999999998 -2.6824569999999999 45.820270999999998
5027   2.4022169999999998 -2.3978619999999999 45.654037000000002
5028   5.1702310000000002 -2.5431240000000002 45.625835000000002
5029   -0.15281900000000001 -2.3573819999999999 45.427776000000001
5030   0.096532000000000007 -2.3043689999999999 45.588284000000002
5031   0.42246600000000001 -2.1673770000000001 45.537415000000003
5032   5.5760129999999997 -2.0344890000000002 45.674961000000003
5033   -1.2078709999999999 -1.519439 45.399822
5034   -0.33596399999999998 -1.980372 45.907294999999998
5035   0.64958800000000005 -1.8870579999999999 45.568966000000003
5036   0.39977600000000002 -2.037922 45.843800000000002
5037   2.380458 -1.6377360000000001 45.798222000000003
5038   5.7713570000000001 -1.7188870000000001 45.621017000000002
5039   -0.95028800000000002 -1.509371 45.910316000000002
5040   0.78746899999999997 -1.604619 45.503342000000004
5041   2.5026449999999998 -1.4035420000000001 45.564383999999997
5042   0.71228999999999998 -1.0795049999999999 45.766426000000003
5043   0.81274000000000002 -1.1844859999999999 45.460113999999997
5044   1.452828 -1.298664 45.623505000000002
5045   1.950356 -1.4134519999999999 45.674754999999998
5046   2.5371809999999999 -1.2788619999999999 45.513579999999997
5047   2.6357170000000001 -1.292354 45.249763000000002
5048   -1.2556400000000001 -1.0872900000000001 45.856074999999997
5049   0.91325100000000003 -1.104374 45.371921999999998
5050   1.1761630000000001 -1.0919449999999999 45.460155
5051   1.054683 -1.129386 45.690562999999997
5052   1.526651 -1.045234 45.267048000000003
5053   1.8420129999999999 -1.1740390000000001 45.263511999999999
5054   2.4188869999999998 -1.253779 45.539065999999998
5055   2.5966909999999999 -1.185937 45.254748999999997
5056   5.7031840000000003 -0.92861700000000003 45.978973000000003
5057   -1.5449459999999999 -0.63776999999999995 45.614220000000003
5058   0.67774800000000002 -0.92233500000000002 45.456802000000003
5059   0.61344500000000002 -0.94922499999999999 45.598174999999998
5060   0.82089800000000002 -0.93519099999999999 45.424785999999997
5061   0.86221700000000001 -0.94159099999999996 45.569721000000001
5062   1.0009969999999999 -1.031846 45.443291000000002
5063   1.087269 -0.88768899999999995 45.333641
5064   1.2611650000000001 -0.95250599999999996 45.347186999999998
5065   0.62158599999999997 -0.78642299999999998 45.495640000000002
5066   0.59117500000000001 -0.79178000000000004 45.655009999999997
5067   0.772814 -0.78400899999999996 45.427985999999997
5068   0.84723499999999996 -0.78193900000000005 45.532921000000002
5069   0.95793300000000003 -0.75140799999999996 45.374760000000002
5070   1.194488 -0.80152900000000005 45.239928999999997
5071   0.66326099999999999 -0.73424900000000004 45.5867
5072   0.82080600000000004 -0.71441699999999997 45.458309
5073   0.96760199999999996 -0.59840300000000002 45.255687999999999
5074   5.6639369999999998 -0.53531200000000001 45.708098999999997
5075   5.5757750000000001 -0.318828 45.699677000000001
5076   6.2968310000000001 -0.269928 45.256168000000002
5077   5.966907 -0.22428600000000001 45.306767000000001
5078   -1.51122 -0.099629999999999996 45.766658999999997
5079   5.6252469999999999 -0.24352699999999999 45.554493000000001
5080   5.5483060000000002 -0.182092 45.784270999999997
5081   0.719557 0.20590600000000001 45.204079
5082   3.829485 0.124918 45.198543999999998
5083   5.6732769999999997 -0.12632699999999999 45.644748999999997
5084   5.9194129999999996 -0.050053 45.484634
5085   5.7869099999999998 0.085134000000000001 45.707599999999999
5086   6.1106090000000002 -0.03048 45.396338999999998
5087   6.1557729999999999 0.28781899999999999 45.456927999999998
5088   3.9430100000000001 0.20477100000000001 45.210152000000001
5089   6.047104 0.13064000000000001 45.497954999999997
5090   0.545709 0.51361599999999996 45.252414999999999
5091   0.76416200000000001 0.389434 45.238728000000002
5092   3.7822840000000002 0.421261 45.255313999999998
5093   3.9358930000000001 0.35186000000000001 45.274631999999997
5094   0.764351 0.54722499999999996 45.296917000000001
5095   0.48352899999999999 0.74423700000000004 45.299500000000002
5096   0.98882499999999995 0.65081199999999995 45.239758000000002
5097   3.5550229999999998 0.67314799999999997 45.244236000000001
5098   3.8051159999999999 0.57760199999999995 45.294097999999998
5099   3.9357880000000001 0.49082399999999998 45.233874999999998
5100   5.7899710000000004 0.64746899999999996 45.714297999999999
5101   5.7478160000000003 0.35789900000000002 45.774982000000001
5102   -1.2768299999999999 0.72667599999999999 45.685326000000003
5103   0.26497300000000001 0.760598 45.244338999999997
5104   1.048403 0.86529999999999996 45.316071000000001
5105   3.767725 0.83392699999999997 45.310046999999997
5106   3.9152809999999998 0.77158000000000004 45.245089999999998
5107   -1.122106 0.91875600000000002 45.447719999999997
5108   -1.0338160000000001 0.93699200000000005 45.244926
5109   -0.83741100000000002 0.94263300000000005 45.161915
5110   -0.61925600000000003 0.94462500000000005 45.235531000000002
5111   -0.013587999999999999 0.928898 45.240948000000003
5112   0.398314 0.86043700000000001 45.246243
5113   0.59745499999999996 0.87075899999999995 45.305294000000004
5114   1.3472550000000001 0.92605999999999999 45.253292000000002
5115   3.2680500000000001 0.93145900000000004 45.238872999999998
5116   3.5045380000000002 0.94054499999999996 45.294662000000002
5117   -1.029784 1.085955 45.765971999999998
5118   -1.0383659999999999 1.0442819999999999 45.439514000000003
5119   -0.85160999999999998 1.007539 45.210132999999999
5120   -0.10663499999999999 0.98963299999999998 45.230029999999999
5121   0.62175800000000003 0.97830799999999996 45.237324000000001
5122   1.2817190000000001 0.98403700000000005 45.240825999999998
5123   3.3964180000000002 1.007458 45.213242000000001
5124   3.9318909999999998 1.1118490000000001 45.317794999999997
5125   4.0609820000000001 1.0523439999999999 45.222774999999999
5126   -1.032465 1.163511 45.427073999999998
5127   3.653937 1.209878 45.224513999999999
5128   3.834454 1.384917 45.225059999999999
5129   3.9635720000000001 1.394801 45.298923000000002
5130   4.1117910000000002 1.387175 45.253653999999997
5131   -1.362703 1.705527 45.460281000000002
5132   4.0086959999999996 1.5635429999999999 45.223281999999998
5133   4.1329390000000004 1.571574 45.289917000000003
5134   4.2909949999999997 1.8993070000000001 45.156883000000001
5135   4.2665139999999999 1.7162820000000001 45.209403999999999
5136   -1.4440900000000001 2.0543629999999999 45.491753000000003
5137   5.0827780000000002 2.0513409999999999 45.461917999999997
5138   4.3543229999999999 2.1613069999999999 45.158047000000003
5139   -1.4012089999999999 2.3866839999999998 45.644779
5140   4.3675560000000004 2.3750599999999999 45.221381999999998
5141   4.4707499999999998 2.2914789999999998 45.231628000000001
5142   4.5822620000000001 2.3427419999999999 45.374133999999998
5143   4.7829670000000002 2.2388430000000001 45.445480000000003
5144   4.3281460000000003 2.4787810000000001 45.360183999999997
5145   4.5106339999999996 2.4261210000000002 45.620567000000001
5146   -1.2903560000000001 2.590325 45.616680000000002
5147   3.7419959999999999 2.793015 46.002414999999999
5148   4.0337829999999997 2.5723340000000001 45.847178999999997
5149   4.2840959999999999 2.5066809999999999 45.586685000000003
5150   0.0061219999999999998 3.0216150000000002 46.000328000000003
5151   0.59394199999999997 3.1961210000000002 45.908603999999997
5152   2.2329569999999999 3.3911289999999998 45.558216000000002
5153   3.378161 -2.8140209999999999 46.371166000000002
5154   4.2278580000000003 -2.7122250000000001 46.393799000000001
5155   -0.0014170000000000001 -2.1189619999999998 45.913746000000003
5156   0.216616 -2.107329 45.900241999999999
5157   2.41608 -1.8692230000000001 46.003895
5158   2.5683919999999998 -2.1095229999999998 46.344585000000002
5159   4.9791939999999997 -2.2153290000000001 46.448867999999997
5160   0.017607000000000001 -1.9674769999999999 46.225700000000003
5161   0.415265 -1.9300580000000001 46.100577999999999
5162   0.59799999999999998 -1.7798400000000001 46.061436
5163   0.61438999999999999 -1.436591 46.316817999999998
5164   1.862838 -1.5457190000000001 45.933639999999997
5165   1.8898029999999999 -1.599869 46.125950000000003
5166   1.580973 -1.4628429999999999 46.104149
5167   2.1868940000000001 -1.577089 45.914577000000001
5168   2.16777 -1.6098429999999999 46.103451
5169   2.3101569999999998 -1.6861809999999999 46.113093999999997
5170   5.6380020000000002 -1.616938 45.961796
5171   1.1394010000000001 -1.269738 46.214863000000001
5172   2.1971090000000002 -1.444955 45.743752000000001
5173   2.3470170000000001 -1.471004 45.725364999999996
5174   -0.82588499999999998 -1.3478619999999999 46.376190000000001
5175   0.67396800000000001 -1.2157880000000001 46.056122000000002
5176   5.5746169999999999 -1.1113949999999999 46.303485999999999
5177   -0.99574600000000002 -1.0030840000000001 46.485855000000001
5178   0.68994299999999997 -1.0844800000000001 46.187686999999997
5179   0.83192100000000002 -1.055628 45.938774000000002
5180   -1.3009729999999999 -0.54765699999999995 46.18618
5181   0.73387899999999995 -1.053917 46.038395000000001
5182   0.67417800000000006 -0.909914 45.761325999999997
5183   0.67480799999999996 -0.76863999999999999 45.704104999999998
5184   0.77337 -0.83979199999999998 45.670197000000002
5185   5.6338929999999996 -0.58097500000000002 46.033371000000002
5186   5.4632500000000004 -0.23851900000000001 46.169750000000001
5187   5.4553050000000001 -0.032711999999999998 45.948436999999998
5188   5.2549210000000004 0.14305399999999999 46.068072999999998
5189   5.0648330000000001 0.19048300000000001 46.343955999999999
5190   5.457954 0.153471 45.904659000000002
5191   5.5839970000000001 -0.025308000000000001 45.811416999999999
5192   -1.3153840000000001 0.19374 46.335388000000002
5193   4.9190680000000002 0.38830199999999998 46.081389999999999
5194   4.7501550000000003 0.38936799999999999 46.167800999999997
5195   4.0306889999999997 0.49149799999999999 46.062607
5196   3.7522579999999999 0.52456599999999998 46.230133000000002
5197   3.9695100000000001 0.42931599999999998 46.188454
5198   4.4909049999999997 0.42551499999999998 46.189320000000002
5199   4.5327019999999996 0.50110600000000005 46.071666999999998
5200   5.1783549999999998 0.38369599999999998 45.964882000000003
5201   5.5082969999999998 0.54209399999999996 45.865822000000001
5202   3.8182909999999999 0.81131200000000003 46.049702000000003
5203   4.1938300000000002 0.61094199999999999 45.973660000000002
5204   4.797085 0.64212499999999995 45.935341000000001
5205   -1.2755369999999999 0.54505300000000001 46.169074999999999
5206   -1.1304989999999999 0.84747700000000004 46.076942000000003
5207   3.4417659999999999 0.88475300000000001 46.261519999999997
5208   3.441198 0.58600600000000003 46.411597999999998
5209   4.3043930000000001 0.90420400000000001 45.891556000000001
5210   5.407254 1.0119229999999999 45.851802999999997
5211   3.363283 1.1946939999999999 46.214523
5212   3.6723669999999999 1.2164010000000001 46.037632000000002
5213   3.9714079999999998 1.3617600000000001 45.933723000000001
5214   4.5675460000000001 1.9532229999999999 45.850582000000003
5215   -0.99447600000000003 1.256893 45.783526999999999
5216   -0.86579300000000003 1.1134170000000001 46.066234999999999
5217   -0.82654300000000003 1.2798719999999999 46.065693000000003
5218   -0.59641999999999995 1.267781 46.276603999999999
5219   -1.0749 1.4257409999999999 45.724494999999997
5220   -0.92922300000000002 1.422488 45.981093999999999
5221   -0.730514 1.4020060000000001 46.196753999999999
5222   3.1860140000000001 1.4193519999999999 46.326324
5223   3.6171929999999999 1.49776 46.095917
5224   -1.1661600000000001 1.8902000000000001 46.055286000000002
5225   4.087326 1.8332619999999999 45.966579000000003
5226   3.8804970000000001 1.9081570000000001 46.097931000000003
5227   -1.348374 2.0678570000000001 45.817303000000003
5228   4.096489 2.1467670000000001 46.012076999999998
5229   4.2872859999999999 2.0924999999999998 45.911839000000001
5230   4.7360340000000001 2.1449630000000002 45.676929000000001
5231   -1.2088019999999999 2.2891750000000002 46.054955
5232   4.1989070000000002 2.2684440000000001 45.925185999999997
5233   -1.1258729999999999 2.5265249999999999 46.065899000000002
5234   4.4730460000000001 2.3519990000000002 45.746048000000002
5235   4.1813440000000002 2.4346800000000002 45.862068000000001
5236   -0.94203199999999998 2.7680199999999999 46.075347999999998
5237   -0.532362 2.9016730000000002 46.048217999999999
5238   3.5452409999999999 3.0335510000000001 46.137309999999999
5239   3.0880000000000001 3.3303410000000002 45.909626000000003
5240   3.4044780000000001 3.1767560000000001 46.102893999999999
5241   2.6121379999999998 3.4961639999999998 45.895805000000003
5242   1.6138840000000001 3.6743429999999999 46.387988999999997
5243   2.119008 3.688482 46.171146
5244   2.5416940000000001 3.6737799999999998 46.153278
5245   3.046656 -2.697867 46.382469
5246   2.7315489999999998 -2.4437540000000002 46.306252000000001
5247   3.739805 -2.6664490000000001 46.674872999999998
5248   4.6224769999999999 -2.4351790000000002 46.564132999999998
5249   2.7323390000000001 -2.0281760000000002 47.006149000000001
5250   3.0162779999999998 -2.3595959999999998 46.977080999999998
5251   0.21537700000000001 -1.9727490000000001 46.196007000000002
5252   5.032985 -1.6621140000000001 47.027355
5253   -0.22702900000000001 -1.654998 46.692005000000002
5254   0.201153 -1.851818 46.517712000000003
5255   0.41700700000000002 -1.810341 46.385795999999999
5256   0.34005400000000002 -1.7595190000000001 46.742122999999999
5257   2.4364400000000002 -1.7345950000000001 46.452334999999998
5258   2.5113449999999999 -1.7209190000000001 46.902901
5259   0.50002500000000005 -1.6872590000000001 46.475079000000001
5260   1.8265709999999999 -1.5229299999999999 46.229519000000003
5261   2.1541489999999999 -1.531104 46.263247999999997
5262   2.2999309999999999 -1.578128 46.329974999999997
5263   5.3675090000000001 -1.5036050000000001 46.523304000000003
5264   1.645715 -1.4425269999999999 46.332756000000003
5265   1.951697 -1.411111 46.351154000000001
5266   2.1625749999999999 -1.410291 46.355328
5267   2.2934899999999998 -1.438083 46.419730999999999
5268   2.3897849999999998 -1.512829 46.593395000000001
5269   1.0716760000000001 -1.358006 46.815162999999998
5270   0.96175900000000003 -1.282208 46.667591000000002
5271   1.4262570000000001 -1.400468 46.516941000000003
5272   1.662237 -1.391537 46.600242999999999
5273   1.8581529999999999 -1.3473930000000001 46.466019000000003
5274   2.1513909999999998 -1.277147 46.416370000000001
5275   2.3226589999999998 -1.255652 46.451954000000001
5276   2.3716759999999999 -1.2540370000000001 46.654975999999998
5277   0.51748700000000003 -1.2619499999999999 46.717067999999998
5278   0.495917 -1.108571 46.423313
5279   0.41851100000000002 -1.0835680000000001 46.572741999999998
5280   0.61537699999999995 -1.140353 46.271866000000003
5281   0.68501599999999996 -1.0340389999999999 46.492241
5282   2.126887 -1.190809 46.585506000000002
5283   2.1761659999999998 -1.1738310000000001 46.494746999999997
5284   2.3342869999999998 -1.105685 46.423000000000002
5285   2.4738709999999999 -1.0767720000000001 46.462589000000001
5286   2.517093 -0.96879199999999999 46.606850000000001
5287   -1.096489 -0.60674799999999995 46.656857000000002
5288   0.43899199999999999 -0.95280900000000002 46.431064999999997
5289   0.55788000000000004 -0.97007500000000002 46.415565000000001
5290   2.3414419999999998 -0.97412299999999996 46.465389000000002
5291   2.4731459999999998 -0.934778 46.458359000000002
5292   0.438502 -0.78392399999999995 46.473807999999998
5293   0.397235 -0.71631800000000001 46.604877000000002
5294   0.46727999999999997 -0.74526099999999995 46.608727000000002
5295   2.4628869999999998 -0.82825199999999999 46.510033
5296   2.5001380000000002 -0.76664500000000002 46.604984000000002
5297   5.542586 -0.52968300000000001 46.400829000000002
5298   0.397897 -0.44678899999999999 46.506985
5299   0.39210699999999998 -0.45258199999999998 46.651336999999998
5300   0.41498000000000002 -0.41946 46.592345999999999
5301   5.3836219999999999 -0.242781 46.828868999999997
5302   5.265803 -0.016347 46.769340999999997
5303   -1.172885 -0.02232 46.787373000000002
5304   3.3059379999999998 0.25117800000000001 46.498542999999998
5305   3.2347809999999999 0.25484000000000001 46.639004
5306   3.2373690000000002 0.156856 46.895954000000003
5307   3.3251110000000001 0.21382300000000001 46.777462
5308   4.8061870000000004 0.33144699999999999 46.389018999999998
5309   0.18953300000000001 0.463175 46.510131999999999
5310   0.129966 0.44272099999999998 46.581012999999999
5311   0.20044500000000001 0.41469899999999998 46.593727000000001
5312   3.3210980000000001 0.379056 46.525745000000001
5313   3.2358180000000001 0.50974200000000003 46.707397
5314   3.4871460000000001 0.37705 46.739013999999997
5315   3.4428459999999999 0.399835 46.530707999999997
5316   3.9360900000000001 0.42431000000000002 46.398479000000002
5317   4.5635630000000003 0.40013799999999999 46.370136000000002
5318   4.823779 0.34231200000000001 46.776806000000001
5319   -1.1377109999999999 0.53753300000000004 46.600712000000001
5320   0.080351000000000006 0.56930099999999995 46.440750000000001
5321   -0.0041539999999999997 0.61648400000000003 46.685360000000003
5322   0.187914 0.68406 46.535015000000001
5323   0.20774699999999999 0.60101700000000002 46.695984000000003
5324   3.3237570000000001 0.67162699999999997 46.499783000000001
5325   3.6520000000000001 0.45329700000000001 46.602969999999999
5326   3.5388139999999999 0.53178599999999998 46.399509000000002
5327   4.4205500000000004 0.47363499999999997 47.005119000000001
5328   -0.99980899999999995 0.75816899999999998 46.516556000000001
5329   -0.081559999999999994 0.73340499999999997 46.434455999999997
5330   -0.21482399999999999 0.82994199999999996 46.683342000000003
5331   0.094830999999999999 0.90824300000000002 46.425716000000001
5332   0.26722699999999999 0.79154400000000003 46.694232999999997
5333   3.1781090000000001 0.70601199999999997 46.737426999999997
5334   -0.69265200000000005 0.90022000000000002 46.653686999999998
5335   -0.80308100000000004 0.98658299999999999 46.342030000000001
5336   -0.51089099999999998 1.015166 46.462378999999999
5337   -0.43180200000000002 0.92736099999999999 46.668453
5338   -0.234594 0.90708599999999995 46.450153
5339   -0.090444999999999998 1.0181070000000001 46.382725000000001
5340   0.23787800000000001 0.90747 46.518661000000002
5341   3.0560160000000001 0.91881699999999999 46.756641000000002
5342   -0.66306100000000001 1.1190819999999999 46.279327000000002
5343   -0.39653100000000002 1.100312 46.392859999999999
5344   0.093978999999999993 1.200815 46.368637
5345   0.44239099999999998 1.00295 46.727961999999998
5346   0.40866400000000003 1.092468 46.548889000000003
5347   3.1208140000000002 1.046869 46.510399
5348   2.8953799999999998 1.095356 46.746704000000001
5349   -0.32316099999999998 1.2344839999999999 46.360207000000003
5350   0.38035799999999997 1.2305680000000001 46.422443000000001
5351   0.56153600000000004 1.255199 46.487003000000001
5352   0.73461299999999996 1.2193529999999999 46.770580000000002
5353   2.6051609999999998 1.282027 46.693272
5354   2.959924 1.2659609999999999 46.509827000000001
5355   -0.50032799999999999 1.426307 46.341186999999998
5356   -0.210475 1.3966559999999999 46.443427999999997
5357   0.012924 1.352635 46.438395999999997
5358   0.43862800000000002 1.3538680000000001 46.442923999999998
5359   0.67215499999999995 1.366439 46.517029000000001
5360   2.1792910000000001 1.4390540000000001 46.625107
5361   2.6124779999999999 1.436142 46.561717999999999
5362   2.9135 1.4210130000000001 46.463698999999998
5363   -0.85585900000000004 1.8371489999999999 46.306908
5364   -0.13406499999999999 1.566033 46.775162000000002
5365   -0.47179900000000002 1.628042 46.506458000000002
5366   0.19880700000000001 1.426385 46.698138999999998
5367   0.55178700000000003 1.4049179999999999 46.613608999999997
5368   0.74287899999999996 1.351505 46.729374
5369   2.1733859999999998 1.528518 46.597499999999997
5370   1.9764919999999999 1.5495890000000001 46.881298000000001
5371   1.8749830000000001 1.465743 46.899791999999998
5372   2.5906060000000002 1.563367 46.588818000000003
5373   2.896728 1.5437920000000001 46.480625000000003
5374   3.289355 1.7196450000000001 46.379772000000003
5375   -0.40942600000000001 1.8069269999999999 46.795077999999997
5376   2.4312529999999999 1.621167 46.701355
5377   2.8404609999999999 1.6911419999999999 46.602421
5378   -0.56419600000000003 1.9697169999999999 46.684967
5379   -0.71516999999999997 1.99027 46.483649999999997
5380   2.743093 1.786905 46.820399999999999
5381   3.112981 1.9105350000000001 46.650748999999998
5382   -0.77105299999999999 2.2310729999999999 46.46125
5383   3.4746250000000001 2.0726499999999999 46.480057000000002
5384   -0.64085999999999999 2.2336010000000002 46.682383999999999
5385   3.314638 2.1820909999999998 46.769069999999999
5386   3.6713200000000001 2.2153119999999999 46.384448999999996
5387   -0.720943 2.4591180000000001 46.475501999999999
5388   -0.60877199999999998 2.4080080000000001 46.695217
5389   3.470091 2.3996300000000002 46.760494000000001
5390   3.8323520000000002 2.4131930000000001 46.255187999999997
5391   3.6072090000000001 2.5476260000000002 46.623421
5392   -0.60069499999999998 2.636247 46.470032000000003
5393   3.8061780000000001 2.5717500000000002 46.231414999999998
5394   3.692828 2.6911309999999999 46.442326000000001
5395   -0.58711000000000002 2.7982320000000001 46.266697000000001
5396   -0.35099200000000003 2.8205469999999999 46.593060000000001
5397   3.6066180000000001 2.9560740000000001 46.564301
5398   -0.27786100000000002 2.9189219999999998 46.355381000000001
5399   0.032340000000000001 3.0385149999999999 46.762135000000001
5400   0.44404300000000002 3.2454869999999998 46.795898000000001
5401   3.3318819999999998 3.3378839999999999 46.316422000000003
5402   3.5081760000000002 3.1665320000000001 46.568325000000002
5403   1.3726579999999999 3.6527599999999998 46.825789999999998
5404   2.8170579999999998 3.564816 46.105452999999997
5405   3.1020919999999998 3.431905 46.146296999999997
5406   2.969217 3.8467609999999999 46.491795000000003
5407   3.2174130000000001 3.7770860000000002 46.713943
5408   2.7689330000000001 3.8923899999999998 46.420959000000003
5409   2.4113509999999998 4.0491469999999996 46.682845999999998
5410   2.9074589999999998 4.0158810000000003 46.713363999999999
5411   1.9248000000000001 3.923635 46.877811000000001
5412   3.3779059999999999 -2.4953859999999999 47.026950999999997
5413   3.1876769999999999 -2.6016349999999999 46.764373999999997
5414   4.1640940000000004 -2.379896 46.992930999999999
5415   4.7617399999999996 -1.8998200000000001 47.10812
5416   0.124408 -1.6767479999999999 46.990558999999998
5417   0.45847900000000003 -1.6279600000000001 46.884602000000001
5418   0.318191 -1.6603920000000001 47.033797999999997
5419   -0.58516699999999999 -1.2549319999999999 46.852760000000004
5420   0.48674200000000001 -1.411853 47.042698000000001
5421   1.7722579999999999 -1.396944 46.794369000000003
5422   2.1397650000000001 -1.369802 46.931590999999997
5423   1.4311240000000001 -1.4331579999999999 47.072051999999999
5424   1.954825 -1.4073389999999999 47.351036000000001
5425   2.3787259999999999 -1.488229 46.867905
5426   5.2003880000000002 -1.2799320000000001 47.020873999999999
5427   0.53087799999999996 -1.3246899999999999 47.095547000000003
5428   0.77810999999999997 -1.3310900000000001 47.029418999999997
5429   2.1496520000000001 -1.2550049999999999 46.741275999999999
5430   2.2848290000000002 -1.4288460000000001 46.987209
5431   2.296494 -1.2947169999999999 46.776062000000003
5432   2.3148049999999998 -1.5094240000000001 47.19379
5433   -0.75944800000000001 -0.82662500000000005 47.036999000000002
5434   0.57969000000000004 -1.2345189999999999 46.962302999999999
5435   0.49654300000000001 -1.055442 46.738467999999997
5436   0.63375000000000004 -1.1518930000000001 46.838531000000003
5437   0.75751100000000005 -1.1483270000000001 46.676631999999998
5438   2.2444220000000001 -1.1258079999999999 46.670200000000001
5439   2.3226629999999999 -1.1353260000000001 46.704341999999997
5440   5.4448590000000001 -0.73735899999999999 46.768149999999999
5441   0.58684999999999998 -0.98037700000000005 46.705863999999998
5442   2.3785050000000001 -0.95098199999999999 46.686847999999998
5443   2.451803 -0.984962 46.687308999999999
5444   0.45722400000000002 -0.77323600000000003 46.674610000000001
5445   -1.002999 -0.27803 47.018768000000001
5446   3.33304 0.24021899999999999 47.063957000000002
5447   5.0802909999999999 0.173458 46.889361999999998
5448   5.1633930000000001 0.067968000000000001 47.024475000000002
5449   -1.0248360000000001 0.446905 47.012923999999998
5450   0.12105299999999999 0.64141300000000001 46.862999000000002
5451   3.4092980000000002 0.30932199999999999 46.943671999999999
5452   3.601245 0.46942699999999998 47.019970000000001
5453   4.9371400000000003 0.25733699999999998 47.099350000000001
5454   3.2040769999999998 0.57704299999999997 47.049453999999997
5455   3.9513129999999999 0.48980099999999999 46.970298999999997
5456   -0.76728499999999999 0.74952799999999997 46.995159000000001
5457   -0.065594 0.74777899999999997 46.949921000000003
5458   0.25975999999999999 0.76619199999999998 46.858165999999997
5459   3.0100289999999998 0.81008800000000003 47.138190999999999
5460   -0.25884299999999999 0.89250600000000002 46.979492
5461   0.40836 0.92820000000000003 46.965515000000003
5462   -0.49959199999999998 0.88981600000000005 46.937317
5463   0.61680999999999997 1.0607070000000001 47.019142000000002
5464   0.635405 1.1135740000000001 46.808235000000003
5465   0.79954499999999995 1.104932 46.893588999999999
5466   1.0799920000000001 1.0986020000000001 46.919249999999998
5467   1.3995519999999999 1.0697159999999999 47.066265000000001
5468   1.4548350000000001 1.1132310000000001 46.93074
5469   1.6736930000000001 1.2038249999999999 47.156264999999998
5470   0.88746499999999995 1.210073 46.871208000000003
5471   1.0943579999999999 1.217754 46.919899000000001
5472   1.405702 1.2414590000000001 46.868149000000003
5473   1.681664 1.2574019999999999 46.911160000000002
5474   1.849404 1.207082 47.164287999999999
5475   1.9983089999999999 1.290198 46.948971
5476   2.1349209999999998 1.1893339999999999 47.140864999999998
5477   2.6694870000000002 1.071769 47.094791000000001
5478   0.66632100000000005 1.357219 47.133144000000001
5479   0.89359999999999995 1.27037 47.046810000000001
5480   1.0886910000000001 1.2599050000000001 47.072834
5481   1.3015890000000001 1.33884 46.933666000000002
5482   1.229886 1.3316539999999999 47.117713999999999
5483   1.6369819999999999 1.3798269999999999 46.941338000000002
5484   1.8185039999999999 1.356865 46.911696999999997
5485   2.0110730000000001 1.3764670000000001 46.830063000000003
5486   1.334255 1.3811819999999999 47.055847
5487   1.5032540000000001 1.4035960000000001 47.130997000000001
5488   1.771879 1.491312 47.169635999999997
5489   1.9692050000000001 1.5552509999999999 47.137096
5490   2.361075 1.635057 46.934508999999998
5491   2.5803739999999999 1.7256819999999999 47.011516999999998
5492   -0.44980100000000001 1.963767 46.940941000000002
5493   2.8797160000000002 1.921486 47.022007000000002
5494   -0.50601300000000005 2.1489929999999999 46.970753000000002
5495   3.045134 1.9869270000000001 46.851849000000001
5496   -0.47488000000000002 2.3278050000000001 47.136828999999999
5497   3.183405 2.12331 46.987952999999997
5498   -0.44321300000000002 2.5631080000000002 46.948036000000002
5499   3.4056489999999999 2.402479 47.014130000000002
5500   -0.34059099999999998 2.6586430000000001 47.163963000000003
5501   -0.202877 2.8382130000000001 46.932789
5502   3.5453640000000002 2.6641430000000001 46.842419
5503   -0.0010889999999999999 2.9958629999999999 47.178955000000002
5504   3.5590090000000001 2.7979729999999998 47.001102000000003
5505   3.5752609999999998 3.0016669999999999 46.967224000000002
5506   0.15654399999999999 3.102576 47.521248
5507   3.5357789999999998 3.3421189999999998 47.131228999999998
5508   3.2015410000000002 3.8446790000000002 46.972157000000003
5509   1.925333 3.913125 47.121166000000002
5510   2.4486479999999999 4.0376219999999998 47.111187000000001
5511   2.8062619999999998 4.0455509999999997 46.815750000000001
5512   2.9729700000000001 3.9755240000000001 47.108147000000002
5513   3.1944089999999998 -2.1828240000000001 47.361159999999998
5514   3.7020400000000002 -2.3789009999999999 47.180675999999998
5515   3.4696359999999999 -2.1180979999999998 47.488571
5516   2.890749 -1.8876139999999999 47.521503000000003
5517   3.9142990000000002 -2.0224880000000001 47.486350999999999
5518   2.7584270000000002 -1.8318559999999999 47.491871000000003
5519   2.6441370000000002 -1.7828949999999999 47.377861000000003
5520   0.18041099999999999 -1.427932 47.329692999999999
5521   2.4343560000000002 -1.5814870000000001 47.522289000000001
5522   -0.16874500000000001 -1.193697 47.394066000000002
5523   0.37833299999999997 -1.4819580000000001 47.223067999999998
5524   0.67948699999999995 -1.417751 47.401694999999997
5525   1.450958 -1.398512 47.564121
5526   2.1872739999999999 -1.454135 47.501815999999998
5527   4.828125 -1.2287110000000001 47.506630000000001
5528   0.065115000000000006 -1.1938439999999999 47.667628999999998
5529   0.33575899999999997 -1.327218 47.610427999999999
5530   0.49213600000000002 -1.400787 47.412250999999998
5531   1.805077 -1.2758780000000001 47.867019999999997
5532   2.0300609999999999 -1.3573759999999999 47.700007999999997
5533   -0.454795 -0.84253 47.437289999999997
5534   -0.30601200000000001 -0.82814500000000002 47.715190999999997
5535   5.1410609999999997 -0.69433599999999995 47.31324
5536   -0.72837700000000005 -0.35939700000000002 47.394733000000002
5537   -0.59591300000000003 -0.35850199999999999 47.621406999999998
5538   5.2699689999999997 -0.322187 47.183937
5539   5.0333290000000002 -0.32470199999999999 47.445422999999998
5540   4.7103070000000002 -0.025062000000000001 47.716735999999997
5541   4.9907789999999999 -0.060668 47.387379000000003
5542   -0.96250199999999997 0.13988 47.188198
5543   -0.66431099999999998 -0.012479000000000001 47.652824000000003
5544   5.1936689999999999 -0.056495999999999998 47.139046
5545   -0.76173500000000005 0.25962600000000002 47.453541000000001
5546   3.2813949999999998 0.28270299999999998 47.106887999999998
5547   4.7450939999999999 0.18072299999999999 47.485537999999998
5548   5.0278510000000001 0.11618100000000001 47.195872999999999
5549   -0.65221499999999999 0.27923900000000001 47.682583000000001
5550   3.2904170000000001 0.59319699999999997 47.263229000000003
5551   3.405751 0.39291300000000001 47.144516000000003
5552   4.6458760000000003 0.371058 47.292941999999996
5553   4.4466169999999998 0.39779500000000001 47.843680999999997
5554   -0.67857699999999999 0.61441699999999999 47.422320999999997
5555   -0.57102600000000003 0.56789100000000003 47.719836999999998
5556   2.579215 0.55390300000000003 47.391109
5557   2.5490460000000001 0.35112900000000002 47.558933000000003
5558   2.590042 0.42398999999999998 47.433674000000003
5559   2.748993 0.56161399999999995 47.565680999999998
5560   2.9067180000000001 0.72585900000000003 47.391094000000002
5561   3.5888249999999999 0.55138799999999999 47.189982999999998
5562   3.8188019999999998 0.60218400000000005 47.249577000000002
5563   4.3987319999999999 0.51653199999999999 47.548099999999998
5564   0.212423 0.87194099999999997 47.082602999999999
5565   2.579472 0.75207400000000002 47.401961999999997
5566   2.5033370000000001 0.72548000000000001 47.542534000000003
5567   2.7324790000000001 0.72485299999999997 47.369923
5568   2.905481 0.66684399999999999 47.561610999999999
5569   3.1107269999999998 0.69114900000000001 47.389366000000003
5570   3.4648110000000001 0.70945599999999998 47.346527000000002
5571   4.1327780000000001 0.66850900000000002 47.626446000000001
5572   -0.55819799999999997 0.79425699999999999 47.370894999999997
5573   -0.46510600000000002 0.80571700000000002 47.632930999999999
5574   -0.092674999999999993 0.90430299999999997 47.1693
5575   0.036022999999999999 1.074867 47.385497999999998
5576   0.43825199999999997 1.0516179999999999 47.174435000000003
5577   2.454752 0.91981299999999999 47.392738000000001
5578   2.3904380000000001 0.89891900000000002 47.546486000000002
5579   2.7987150000000001 0.88703100000000001 47.253585999999999
5580   3.2914560000000002 0.82012200000000002 47.575287000000003
5581   3.745663 0.81532800000000005 47.581432
5582   -0.33607199999999998 0.92146600000000001 47.361308999999999
5583   0.741066 1.1182719999999999 47.166758999999999
5584   1.2088589999999999 1.1263939999999999 47.187278999999997
5585   1.460801 1.1602490000000001 47.189236000000001
5586   2.3021780000000001 1.0585119999999999 47.311633999999998
5587   2.058783 1.17018 47.421337000000001
5588   2.2511930000000002 1.0079130000000001 47.563091
5589   -0.183369 1.062719 47.648575000000001
5590   0.26980300000000002 1.278815 47.505530999999998
5591   0.667242 1.228871 47.305881999999997
5592   0.89597499999999997 1.2255 47.192562000000002
5593   1.124058 1.231358 47.186267999999998
5594   1.304551 1.245541 47.221905
5595   1.5900909999999999 1.265533 47.293854000000003
5596   1.84487 1.2158899999999999 47.473263000000003
5597   0.64647399999999999 1.3708990000000001 47.525005
5598   0.76306700000000005 1.3536820000000001 47.317050999999999
5599   0.65539499999999995 1.4578040000000001 47.306538000000003
5600   1.4900500000000001 1.342244 47.287261999999998
5601   1.6415679999999999 1.366736 47.520546000000003
5602   1.678437 1.3155790000000001 47.538296000000003
5603   2.1414629999999999 1.5117149999999999 47.248641999999997
5604   2.3068200000000001 1.2356309999999999 47.645682999999998
5605   2.0069370000000002 1.4516800000000001 47.477984999999997
5606   2.48482 1.3890210000000001 47.384041000000003
5607   2.4878290000000001 1.3224180000000001 47.536655000000003
5608   2.7352539999999999 1.396801 47.616149999999998
5609   0.073476 1.65289 47.327441999999998
5610   0.82459000000000005 1.5496920000000001 47.531028999999997
5611   1.7157260000000001 1.4198630000000001 47.472304999999999
5612   2.4013010000000001 1.567604 47.207290999999998
5613   2.6681050000000002 1.698242 47.216095000000003
5614   2.7664439999999999 1.575664 47.341346999999999
5615   3.2468669999999999 1.5988340000000001 47.351745999999999
5616   3.171551 1.489112 47.534663999999999
5617   3.4060700000000002 1.6124719999999999 47.547168999999997
5618   -0.37105700000000003 1.907011 47.174163999999998
5619   -0.188169 1.7648459999999999 47.262028000000001
5620   0.35723500000000002 1.58344 47.493842999999998
5621   3.0177969999999998 1.814554 47.265799999999999
5622   3.3072219999999999 1.7823199999999999 47.289433000000002
5623   3.5082680000000002 1.815985 47.375262999999997
5624   3.554001 1.7862169999999999 47.690036999999997
5625   -0.16158400000000001 1.7456480000000001 47.519817000000003
5626   3.0987469999999999 2.023584 47.145065000000002
5627   3.4962569999999999 2.2569159999999999 47.234577000000002
5628   3.6103640000000001 1.863966 47.548344
5629   3.7552669999999999 2.009709 47.558239
5630   -0.42744799999999999 1.919338 47.652878000000001
5631   -0.466835 2.1189529999999999 47.326903999999999
5632   3.6280459999999999 2.1050249999999999 47.289101000000002
5633   3.7823169999999999 2.1187239999999998 47.405166999999999
5634   3.8736999999999999 2.2800919999999998 47.568942999999997
5635   -0.54063499999999998 2.2920099999999999 47.574947000000002
5636   3.3381430000000001 2.2553339999999999 47.105282000000003
5637   3.8167559999999998 2.2957770000000002 47.354477000000003
5638   -0.43960700000000003 2.5131169999999998 47.288204
5639   -0.50231000000000003 2.4317250000000001 47.518475000000002
5640   3.501763 2.4825590000000002 47.150585
5641   3.8093370000000002 2.5110920000000001 47.270290000000003
5642   3.9632670000000001 2.4830239999999999 47.402141999999998
5643   3.9833460000000001 2.502672 47.610348000000002
5644   -0.39484000000000002 2.6241140000000001 47.713379000000003
5645   3.6363460000000001 2.854733 47.165309999999998
5646   3.6454740000000001 2.6501190000000001 47.230862000000002
5647   3.913726 2.6616849999999999 47.392178000000001
5648   3.985249 2.6163810000000001 47.541035000000001
5649   -0.140817 2.8954010000000001 47.777779000000002
5650   3.7974990000000002 2.8101630000000002 47.342357999999997
5651   3.8927100000000001 2.7760509999999998 47.581313999999999
5652   3.726016 3.0275210000000001 47.363070999999998
5653   3.8068979999999999 2.9637669999999998 47.518070000000002
5654   3.7226810000000001 3.0892569999999999 47.577022999999997
5655   0.65221399999999996 3.3138809999999999 47.356749999999998
5656   3.5833029999999999 3.3599070000000002 47.456584999999997
5657   1.582271 3.641664 47.389232999999997
5658   3.4340299999999999 3.5081869999999999 47.340339999999998
5659   3.2248070000000002 3.6432530000000001 47.439124999999997
5660   2.327385 3.8464670000000001 47.584876999999999
5661   2.8951560000000001 3.8012139999999999 47.540999999999997
5662   2.741034 3.9353579999999999 47.353451
5663   3.1705830000000002 -1.755228 47.795124000000001
5664   3.5538210000000001 -1.655189 47.931258999999997
5665   4.0576299999999996 -1.4254070000000001 47.945628999999997
5666   2.359251 -1.402182 47.923340000000003
5667   2.2043360000000001 -1.4092830000000001 47.736027
5668   2.6383420000000002 -1.6451480000000001 47.705134999999999
5669   2.70166 -1.345488 48.207816999999999
5670   0.86811000000000005 -1.4105319999999999 47.99577
5671   2.0381559999999999 -1.262178 48.016120999999998
5672   3.2114720000000001 -1.400552 48.299812000000003
5673   1.2631330000000001 -1.4104289999999999 47.984051000000001
5674   1.5921890000000001 -1.267549 47.992077000000002
5675   1.492402 -1.3235539999999999 48.251353999999999
5676   3.5958890000000001 -1.2460830000000001 48.427757
5677   0.131911 -1.131572 48.052711000000002
5678   0.42733599999999999 -1.2905720000000001 48.180363
5679   4.5572569999999999 -1.0575159999999999 47.805675999999998
5680   1.9423680000000001 -1.0479130000000001 48.412585999999997
5681   4.0998919999999996 -0.79285799999999995 48.417389
5682   4.3212330000000003 -0.96285500000000002 48.065491000000002
5683   -0.184618 -0.83449300000000004 48.044455999999997
5684   4.5417370000000004 -0.63442900000000002 47.937283000000001
5685   -0.533385 -0.33410800000000002 47.957672000000002
5686   4.2298140000000002 0.091113 48.612414999999999
5687   4.6967850000000002 -0.38714799999999999 47.805557
5688   4.5053039999999998 -0.111474 48.067852000000002
5689   -0.62971200000000005 0.015938000000000001 47.932685999999997
5690   -0.62860700000000003 0.27374900000000002 47.921249000000003
5691   4.5288649999999997 0.18388399999999999 47.909401000000003
5692   -0.55739499999999997 0.58680900000000003 47.962772000000001
5693   2.800036 0.677566 47.681277999999999
5694   2.5944820000000002 0.51852299999999996 47.659804999999999
5695   -0.410439 0.89414099999999996 47.960514000000003
5696   2.5219299999999998 0.84166700000000005 47.679836000000002
5697   2.8449520000000001 0.82128299999999999 47.724162999999997
5698   4.2422700000000004 0.62212100000000004 47.99118
5699   2.4788019999999999 1.0805229999999999 47.719357000000002
5700   3.2781199999999999 0.89761299999999999 47.669604999999997
5701   3.6158510000000001 0.92364900000000005 47.668033999999999
5702   3.9410029999999998 0.90521200000000002 47.872397999999997
5703   4.0367509999999998 0.91050500000000001 48.287444999999998
5704   2.2232699999999999 1.1162559999999999 47.643208000000001
5705   3.316233 1.220863 47.740929000000001
5706   3.606474 1.18207 47.758021999999997
5707   3.80185 1.039283 47.841290000000001
5708   3.9612240000000001 1.02671 48.101253999999997
5709   -0.16484599999999999 1.191128 47.942718999999997
5710   -0.00045899999999999999 1.3140160000000001 47.763576999999998
5711   -0.15776100000000001 1.3309409999999999 48.104050000000001
5712   2.0219 1.2381439999999999 47.628456
5713   1.8290090000000001 1.3047230000000001 47.645682999999998
5714   2.6561330000000001 1.217498 47.72533
5715   3.8066260000000001 1.2822849999999999 47.936385999999999
5716   3.9455740000000001 1.1635310000000001 48.137732999999997
5717   -0.19681899999999999 1.4444710000000001 48.166789999999999
5718   -0.102574 1.4514130000000001 47.893543000000001
5719   0.107264 1.48977 47.690868000000002
5720   0.22797700000000001 1.4092469999999999 47.643203999999997
5721   0.52479200000000004 1.438787 47.620711999999997
5722   1.877005 1.397608 47.592010000000002
5723   3.2099120000000001 1.3795999999999999 47.677132
5724   3.7584010000000001 1.6465479999999999 47.855961000000001
5725   3.9264749999999999 1.403619 48.116351999999999
5726   -0.40881200000000001 1.6982600000000001 48.172710000000002
5727   -0.27104499999999998 1.6334869999999999 47.933971
5728   -0.10339 1.6339399999999999 47.706054999999999
5729   0.44918799999999998 1.524292 47.627547999999997
5730   3.4625910000000002 1.5885499999999999 47.677199999999999
5731   3.6191390000000001 1.583718 47.741076999999997
5732   3.8753950000000001 1.636908 48.040427999999999
5733   -0.60369300000000004 1.939581 48.003517000000002
5734   0.16035199999999999 1.5899700000000001 47.604382000000001
5735   3.6165919999999998 1.725579 47.765628999999997
5736   3.6228859999999998 1.9779230000000001 47.750991999999997
5737   3.5966100000000001 1.9871669999999999 47.906723
5738   3.6916509999999998 1.8431470000000001 47.960948999999999
5739   -0.70918199999999998 2.1574580000000001 48.000843000000003
5740   3.5397310000000002 2.1778719999999998 47.898884000000002
5741   3.4804200000000001 2.1333920000000002 48.049629000000003
5742   3.7700040000000001 2.1970170000000002 47.719363999999999
5743   -0.56614699999999996 2.1607859999999999 47.698154000000002
5744   3.3412850000000001 2.3481169999999998 47.938423
5745   2.9910969999999999 2.4289200000000002 48.129246000000002
5746   3.2765399999999998 2.2708430000000002 48.229443000000003
5747   3.4767549999999998 2.4363079999999999 47.847209999999997
5748   3.643637 2.3127499999999999 47.814174999999999
5749   -0.63434400000000002 2.2919320000000001 47.891860999999999
5750   -0.56340299999999999 2.4080940000000002 47.835514000000003
5751   2.7639659999999999 2.5577049999999999 47.923198999999997
5752   2.5006140000000001 2.5795650000000001 48.074745
5753   2.5373389999999998 2.4916160000000001 48.280479
5754   3.1189230000000001 2.506243 47.918433999999998
5755   3.5732599999999999 2.8988450000000001 47.799003999999996
5756   3.837564 2.551294 47.767268999999999
5757   1.521577 2.7392249999999998 47.977093000000004
5758   1.484499 2.5825399999999998 48.176682
5759   2.4959959999999999 2.705603 47.904967999999997
5760   2.6814870000000002 2.808964 47.828453000000003
5761   3.2314859999999999 2.6673200000000001 47.833748
5762   -0.16473499999999999 2.8543080000000001 48.353476999999998
5763   0.96463200000000004 2.9262830000000002 47.985427999999999
5764   0.741344 2.9075799999999998 48.132956999999998
5765   1.241528 3.0656119999999998 47.821468000000003
5766   0.74882499999999996 3.118096 47.811176000000003
5767   0.47849799999999998 3.0770740000000001 47.919415000000001
5768   2.8501970000000001 3.4255499999999999 47.802638999999999
5769   3.6778089999999999 3.0297619999999998 47.693928
5770   0.64554800000000001 3.2414770000000002 47.591315999999999
5771   0.27521800000000002 3.089928 47.848269999999999
5772   1.1599060000000001 3.2057150000000001 47.747897999999999
5773   2.026192 3.3411719999999998 47.802151000000002
5774   3.3285499999999999 3.2815620000000001 47.756287
5775   0.99509099999999995 3.334015 47.579841999999999
5776   3.4216129999999998 3.3962089999999998 47.612366000000002
5777   1.8715889999999999 3.55925 47.657592999999999
5778   2.3338800000000002 3.5556760000000001 47.791274999999999
5779   2.9307569999999998 3.6197689999999998 47.688183000000002
5780   2.5463119999999999 3.6985489999999999 47.740734000000003
5781   0.96659600000000001 -1.5620099999999999 48.478347999999997
5782   1.2851360000000001 -1.5981920000000001 48.468108999999998
5783   0.62280000000000002 -1.4140839999999999 48.565586000000003
5784   1.178221 -1.4736359999999999 48.170456000000001
5785   1.313574 -1.4506349999999999 48.222752
5786   1.3960239999999999 -1.5493220000000001 48.539963
5787   1.5048569999999999 -1.4007609999999999 48.552097000000003
5788   2.1516570000000002 -1.1550210000000001 48.298259999999999
5789   0.29674499999999998 -1.1988160000000001 48.551659000000001
5790   1.5392330000000001 -1.3107249999999999 48.448936000000003
5791   1.6517459999999999 -1.1243730000000001 48.532471000000001
5792   -0.035709999999999999 -0.86699099999999996 48.890751000000002
5793   1.8444259999999999 -0.80356000000000005 49.007171999999997
5794   2.313777 -0.790547 48.761406000000001
5795   -0.57005300000000003 -0.27263500000000002 48.518703000000002
5796   2.038624 -0.76790899999999995 48.817883000000002
5797   -0.69033100000000003 0.083059999999999995 48.256199000000002
5798   4.3443620000000003 0.38303799999999999 48.436855000000001
5799   -0.76111300000000004 0.13022400000000001 48.636325999999997
5800   -0.89768700000000001 0.47871200000000003 48.644500999999998
5801   -0.68536399999999997 0.40486 48.208869999999997
5802   4.2783189999999998 0.55844800000000006 48.272616999999997
5803   -0.85804899999999995 0.761324 48.605694
5804   -0.59194100000000005 0.77571800000000002 48.248730000000002
5805   4.1457839999999999 0.71777299999999999 48.374737000000003
5806   -0.44417899999999999 1.1061840000000001 48.503956000000002
5807   4.0074529999999999 1.065445 48.489635
5808   -0.221336 1.3199190000000001 48.458080000000002
5809   -0.17565800000000001 1.2809710000000001 48.254848000000003
5810   -0.147341 1.3677550000000001 48.402163999999999
5811   4.0076099999999997 1.27823 48.346321000000003
5812   4.0093139999999998 1.293606 48.617705999999998
5813   4.0573610000000002 1.4347460000000001 48.396552999999997
5814   4.0579359999999998 1.5585519999999999 48.598804000000001
5815   -0.28157500000000002 1.5075989999999999 48.380187999999997
5816   4.0617070000000002 1.603056 48.321896000000002
5817   -0.49497400000000003 1.7723089999999999 48.389525999999996
5818   -0.58845999999999998 1.945341 48.245060000000002
5819   4.0007089999999996 1.8153809999999999 48.303085000000003
5820   4.0752090000000001 1.731759 48.508633000000003
5821   -0.58977599999999997 2.0165890000000002 48.453217000000002
5822   3.6076739999999998 2.0403920000000002 48.168526
5823   3.8898950000000001 1.9476089999999999 48.371048000000002
5824   3.9633980000000002 1.8907339999999999 48.541359
5825   -0.61176799999999998 2.1593360000000001 48.282127000000003
5826   3.7375850000000002 2.045747 48.508896
5827   -0.56731600000000004 2.3702800000000002 48.129233999999997
5828   -0.55585899999999999 2.2862840000000002 48.464168999999998
5829   2.870126 2.4437829999999998 48.438957000000002
5830   3.4589970000000001 2.2345480000000002 48.526252999999997
5831   -0.37954500000000002 2.6023160000000001 48.392665999999998
5832   1.179894 2.5397189999999998 48.770465999999999
5833   1.717797 2.5057019999999999 48.497635000000002
5834   0.81486700000000001 2.6525829999999999 48.686207000000003
5835   0.26039800000000002 2.905897 48.575504000000002
5836   0.048806000000000002 2.9729930000000002 48.373939999999997
5837   1.0120119999999999 -1.542181 48.690188999999997
5838   1.2416510000000001 -1.514988 48.711941000000003
5839   0.65580099999999997 -1.3865339999999999 48.833122000000003
5840   1.447659 -1.3337300000000001 48.751286
5841   0.34078000000000003 -1.156593 48.974570999999997
5842   1.53955 -1.1175550000000001 49.029361999999999
5843   2.6643919999999999 -0.96225000000000005 48.666198999999999
5844   3.0489440000000001 -1.0361320000000001 48.649315000000001
5845   3.5153669999999999 -0.88409000000000004 48.729686999999998
5846   2.7330290000000002 -0.49252299999999999 49.068129999999996
5847   3.011177 -0.38162600000000002 49.192883000000002
5848   2.0713879999999998 -0.51722299999999999 49.088496999999997
5849   3.3762110000000001 0.037399000000000002 49.356437999999997
5850   3.8965209999999999 -0.19944500000000001 48.848770000000002
5851   -0.45875300000000002 -0.19587499999999999 49.353026999999997
5852   2.2496800000000001 -0.36931599999999998 49.168201000000003
5853   2.4336229999999999 -0.44593699999999997 49.071097999999999
5854   2.630671 -0.25244499999999997 49.415882000000003
5855   -0.86169300000000004 0.366813 48.792931000000003
5856   -0.755992 0.35236800000000001 49.168529999999997
5857   -1.030538 0.60727399999999998 48.787650999999997
5858   -0.97531100000000004 0.47714800000000002 48.937725
5859   -1.143554 0.71249399999999996 48.987015
5860   3.8740420000000002 0.67882399999999998 49.021351000000003
5861   -1.2925070000000001 0.81203000000000003 48.825867000000002
5862   -0.98018899999999998 0.88828499999999999 48.720283999999999
5863   4.1292210000000003 0.636181 48.588535
5864   -1.299401 0.98828400000000005 48.979503999999999
5865   -1.181837 0.945932 48.745379999999997
5866   3.9421520000000001 1.000834 48.861609999999999
5867   4.0089810000000003 0.83373699999999995 48.687649
5868   -1.371801 1.0832120000000001 48.813599000000004
5869   -0.66423399999999999 1.052576 48.633682
5870   -1.2591319999999999 1.52674 49.028694000000002
5871   -0.54257 1.425864 48.705772000000003
5872   -0.41445399999999999 1.3423229999999999 48.655997999999997
5873   3.8593519999999999 1.376279 48.971321000000003
5874   -1.3239799999999999 1.5515369999999999 48.867263999999999
5875   -1.203516 1.573677 48.744602
5876   -0.97371799999999997 1.8117239999999999 48.723289000000001
5877   -0.47968300000000003 1.6090500000000001 48.576777999999997
5878   -1.2058800000000001 1.8109040000000001 48.842598000000002
5879   -0.71114699999999997 1.836138 48.677157999999999
5880   3.8476349999999999 1.753414 48.856349999999999
5881   -1.041417 1.9464920000000001 48.750976999999999
5882   -0.61510799999999999 1.9068890000000001 48.570515
5883   3.7927070000000001 1.953662 48.767238999999996
5884   3.609076 1.9922679999999999 49.088940000000001
5885   -1.100147 2.041347 49.007519000000002
5886   -0.964754 2.1916509999999998 48.894573000000001
5887   -0.73924100000000004 2.1958899999999999 48.724873000000002
5888   3.633108 2.1070479999999998 48.796543
5889   -0.95830000000000004 2.2437040000000001 49.018878999999998
5890   -0.61951299999999998 2.2005880000000002 48.609509000000003
5891   3.1990560000000001 2.418228 48.617477000000001
5892   3.4064899999999998 2.360074 48.742603000000003
5893   3.5133760000000001 2.2844370000000001 49.009402999999999
5894   -0.70192900000000003 2.3890910000000001 48.945540999999999
5895   -0.66956400000000005 2.3537370000000002 48.780875999999999
5896   -0.54837999999999998 2.4265240000000001 48.663066999999998
5897   0.618645 2.5244979999999999 48.998874999999998
5898   1.045795 2.477274 49.020321000000003
5899   1.638393 2.5463300000000002 48.740326000000003
5900   2.067526 2.5657100000000002 48.661777000000001
5901   2.9071410000000002 2.5434640000000002 48.624172000000002
5902   3.3214459999999999 2.5673439999999998 48.818877999999998
5903   3.4620790000000001 2.4560119999999999 48.957062000000001
5904   -0.46074300000000001 2.5620500000000002 48.914841000000003
5905   -0.44509100000000001 2.5595020000000002 48.690413999999997
5906   0.090567999999999996 2.527539 49.069209999999998
5907   1.54467 2.526205 48.968677999999997
5908   1.9312560000000001 2.638226 48.825313999999999
5909   2.2008350000000001 2.7260939999999998 48.796238000000002
5910   2.3679389999999998 2.6918329999999999 48.698093
5911   2.9037380000000002 2.6874419999999999 48.689495000000001
5912   3.3693559999999998 2.6034670000000002 49.034678999999997
5913   -0.17638200000000001 2.6956310000000001 48.765979999999999
5914   2.2252269999999998 2.7891379999999999 49.100043999999997
5915   2.5252870000000001 2.8604189999999998 48.727879000000001
5916   2.8370410000000001 2.839817 48.707149999999999
5917   3.032378 2.8421639999999999 48.808002000000002
5918   2.9621189999999999 2.988499 48.983513000000002
5919   2.5022500000000001 3.0408930000000001 49.004233999999997
5920   2.48325 2.9851999999999999 48.849547999999999
5921   2.6523050000000001 3.0056349999999998 48.814152
5922   2.8464230000000001 2.9833280000000002 48.838504999999998
5923   2.8170519999999999 3.0484800000000001 49.047508000000001
5924   0.58223000000000003 -1.1546989999999999 49.306049000000002
5925   0.99646100000000004 -1.187354 49.314022000000001
5926   1.2815829999999999 -1.119796 49.301127999999999
5927   0.32385199999999997 -0.80964400000000003 49.571522000000002
5928   1.0747690000000001 -0.84341900000000003 49.680115000000001
5929   1.5264770000000001 -0.91218299999999997 49.361201999999999
5930   1.4146609999999999 -0.84777000000000002 49.557628999999999
5931   -0.050809 -0.64935900000000002 49.515228
5932   1.628841 -0.62332500000000002 49.564650999999998
5933   1.842093 -0.59513899999999997 49.313175000000001
5934   1.907484 -0.28696300000000002 49.619971999999997
5935   1.891707 -0.42718099999999998 49.378844999999998
5936   2.0246059999999999 -0.27718500000000001 49.516792000000002
5937   2.2721100000000001 -0.242699 49.498814000000003
5938   2.8674240000000002 -0.014064 49.653010999999999
5939   3.6872690000000001 0.49505500000000002 49.236319999999999
5940   -0.93321699999999996 0.61400100000000002 49.192031999999998
5941   -0.71737099999999998 0.430699 49.422263999999998
5942   -1.1471880000000001 0.99272700000000003 49.187179999999998
5943   -0.81544899999999998 0.83391400000000004 49.558478999999998
5944   -1.0259039999999999 1.4713419999999999 49.372044000000002
5945   -1.031331 1.875486 49.187064999999997
5946   -0.66581599999999996 1.9381280000000001 49.509205000000001
5947   -0.84853400000000001 2.1844009999999998 49.128898999999997
5948   1.0218160000000001 2.3787319999999998 49.246284000000003
5949   0.48412899999999998 2.323785 49.526772000000001
5950   0.95807799999999999 2.212812 49.921748999999998
5951   1.4269130000000001 2.326937 49.755977999999999
5952   1.3666389999999999 2.3784420000000002 49.310496999999998
5953   1.783601 2.4960149999999999 49.552943999999997
5954   3.3147959999999999 2.3145950000000002 49.358345
5955   -0.42829699999999998 2.4227069999999999 49.125767000000003
5956   -0.128442 2.2841490000000002 49.539386999999998
5957   1.3654230000000001 2.4519419999999998 49.104419999999998
5958   1.6888909999999999 2.5327540000000002 49.253185000000002
5959   2.0890409999999999 2.661978 49.373108000000002
5960   2.5362659999999999 2.960261 49.187260000000002
5961   2.4784299999999999 2.721158 49.535457999999998
5962   2.7863540000000002 2.7476919999999998 49.461956000000001
5963   3.0172400000000001 2.5888420000000001 49.472237
5964   2.9914450000000001 2.8690790000000002 49.219994
5965   2.728119 2.9917310000000001 49.191246
5966   0.59717799999999999 -0.157387 50.139209999999999
5967   1.4691289999999999 -0.26495099999999999 49.916916000000001
5968   -0.22769800000000001 -0.248809 49.594588999999999
5969   -0.31667699999999999 0.15382599999999999 49.806572000000003
5970   -0.52203999999999995 0.13630600000000001 49.519981000000001
5971   2.0530339999999998 0.27971099999999999 50.079971
5972   2.3654920000000002 -0.096837000000000006 49.682827000000003
5973   2.7069290000000001 0.45507300000000001 49.986575999999999
5974   2.00604 2.3442340000000002 50.014771000000003
5975   2.3061340000000001 2.5859869999999998 49.768517000000003
5976   2.6353620000000002 2.6358199999999998 49.667507000000001
5977   2.883248 2.3894929999999999 49.713551000000002
5978   6.6370100000000001 -0.57677199999999995 39.536484000000002
5979   5.2468940000000002 -0.33474399999999999 39.621749999999999
5980   6.8996899999999997 -1.3719429999999999 39.527588000000002
5981   4.9013270000000002 -0.95735999999999999 39.648192999999999
5982   5.0071750000000002 -1.602166 39.654105999999999
5983   6.6937049999999996 -1.911629 39.530543999999999
5984   6.5657259999999997 -2.224666 39.529091000000001
5985   5.2785770000000003 -2.1053310000000001 39.647235999999999
5986   5.6635289999999996 -2.432131 39.623534999999997
5987   6.2621419999999999 -2.4591460000000001 39.545966999999997
5988   5.980359 -0.12792100000000001 39.597141000000001
5989   5.8561300000000003 -1.5512060000000001 39.567841000000001
5990   6.1583920000000001 0.84404100000000004 39.663876000000002
5991   6.0625939999999998 0.46894400000000003 39.632781999999999
5992   2.1199680000000001 -2.9220329999999999 40.459431000000002
5993   1.8752880000000001 -2.7581500000000001 40.492522999999998
5994   0.059494999999999999 -0.68923100000000004 40.843113000000002
5995   1.551256 1.14879 50.481276999999999
5996   2.4417040000000001 1.14022 50.314323000000002
5997   1.644212 0.38353300000000001 50.273769000000001
5998   2.476699 2.2972869999999999 49.960692999999999
5999   2.6482939999999999 1.87294 50.079166000000001
6000   0.097512000000000001 0.58616599999999996 50.135429000000002
6001   -0.36729899999999999 0.95708599999999999 49.942974
6002   0.13045200000000001 1.337024 50.200454999999998
6003   0.191584 2.0097610000000001 49.941474999999997
6004   0.58373600000000003 1.8681300000000001 50.151268000000002
6005   -0.226212 1.8511740000000001 49.901282999999999
6006   -0.69478799999999996 1.35395 49.710189999999997
6007   -0.41436899999999999 1.494702 49.899566999999998
6008   1.336722 1.934728 50.250419999999998
6009   1.8339859999999999 1.899994 50.334170999999998
6010   1.029447 1.700132 50.320872999999999
6011   1.115648 0.46315299999999998 50.376434000000003
6012   0.81147400000000003 1.212313 50.369244000000002
6013   0.541628 0.68741699999999994 50.312801
6014   3.3224320000000001 1.6092059999999999 49.510280999999999
6015   3.6575899999999999 1.1842410000000001 49.290253
6016   3.5107119999999998 0.979738 49.485748000000001
6017   3.2345109999999999 0.58029699999999995 49.613028999999997
6018   3.0930499999999999 1.057321 49.931198000000002
6019   2.9494229999999999 1.4631209999999999 49.993969
6020   8.1661249999999992 -4.2945349999999998 36.849868999999998
6021   8.3454610000000002 -4.1933540000000002 36.764541999999999
6022   8.2990169999999992 -4.2731070000000004 36.813431000000001
6023   7.9729260000000002 -4.3518970000000001 36.959946000000002
6024   8.146115 -4.2556330000000004 36.844337000000003
6025   8.5801999999999996 -4.1658379999999999 36.761986
6026   8.5921610000000008 -4.0665810000000002 36.675026000000003
6027   8.0214580000000009 -4.2498459999999998 36.936340000000001
6028   8.2465569999999992 -4.1673090000000004 36.817405999999998
6029   8.4089159999999996 -4.0973990000000002 36.739928999999997
6030   8.9201189999999997 -3.955165 36.637107999999998
6031   8.3175830000000008 -4.0327609999999998 36.839851000000003
6032   8.5510699999999993 -4.0127930000000003 36.673378
6033   8.754766 -3.9497650000000002 36.593670000000003
6034   8.8971780000000003 -3.8952719999999998 36.552826000000003
6035   8.6896260000000005 -3.8980679999999999 36.622684
6036   8.8669200000000004 -3.7840389999999999 36.551513999999997
6037   8.8787479999999999 -3.847594 36.536133
6038   9.0318740000000002 -3.818775 36.509574999999998
6039   9.1921440000000008 -3.9032290000000001 36.629623000000002
6040   9.2302909999999994 -3.799455 36.500317000000003
6041   9.4878180000000008 -3.8028119999999999 36.545814999999997
6042   9.0280430000000003 -3.7260439999999999 36.492930999999999
6043   9.2297399999999996 -3.6774499999999999 36.432502999999997
6044   9.5044059999999995 -3.6187529999999999 36.386066
6045   9.744828 -3.6806399999999999 36.667060999999997
6046   9.7707339999999991 -3.6023990000000001 36.423000000000002
6047   10.031604 -3.5007100000000002 36.71452
6048   9.1875889999999991 -3.523568 36.512217999999997
6049   9.3750669999999996 -3.5591560000000002 36.405631999999997
6050   9.5763320000000007 -3.4085760000000001 36.396439000000001
6051   9.9478600000000004 -3.1148509999999998 36.391337999999998
6052   9.8605889999999992 -3.4262450000000002 36.293872999999998
6053   10.115119 -3.4156909999999998 36.317196000000003
6054   10.090007999999999 -3.252643 36.253974999999997
6055   10.32484 -3.308538 36.449061999999998
6056   10.284573 -3.2153659999999999 36.278801000000001
6057   10.453834000000001 -3.1716500000000001 36.314490999999997
6058   10.569889999999999 -3.1501600000000001 36.439014
6059   9.5325860000000002 -3.1262729999999999 36.740119999999997
6060   10.265148999999999 -3.0273639999999999 36.255313999999998
6061   10.471042000000001 -3.0314459999999999 36.231921999999997
6062   10.640096 -3.0289229999999998 36.274529000000001
6063   10.869406 -2.9480629999999999 36.398327000000002
6064   10.434120999999999 -2.5754969999999999 36.551715999999999
6065   10.601186999999999 -2.7525279999999999 36.245846
6066   10.672533 -2.8781840000000001 36.210158999999997
6067   10.802299 -2.866412 36.237628999999998
6068   10.876308 -2.651192 36.224044999999997
6069   10.930113 -2.7529859999999999 36.284877999999999
6070   10.999968000000001 -2.7031900000000002 36.394627
6071   10.943716999999999 -2.319394 36.421787000000002
6072   11.055833 -2.5427870000000001 36.352477999999998
6073   11.102149000000001 -2.5306389999999999 36.663021000000001
6074   11.063333999999999 -2.3725550000000002 36.371639000000002
6075   11.190804999999999 -2.170979 36.681525999999998
6076   11.098321 -2.2225730000000001 36.513759999999998
6077   11.134834 -2.0684900000000002 36.655056000000002
6078   11.227463 -1.998453 36.722672000000003
6079   3.0363549999999999 6.4668549999999998 36.936466000000003
6080   3.2427739999999998 6.5808910000000003 36.770149000000004
6081   3.1120939999999999 6.34572 36.859546999999999
6082   3.255382 6.7767770000000001 36.834923000000003
6083   7.4049519999999998 7.853497 36.585388000000002
6084   7.6650219999999996 7.6830290000000003 36.689442
6085   7.4562309999999998 7.7535790000000002 36.553992999999998
6086   7.2537929999999999 7.8161969999999998 36.464485000000003
6087   6.9093850000000003 7.9487040000000002 36.424103000000002
6088   6.9525170000000003 7.8838189999999999 36.398257999999998
6089   6.5111889999999999 7.9897070000000001 36.393622999999998
6090   7.1171670000000002 7.9010309999999997 36.478687000000001
6091   5.929589 7.9328060000000002 36.500647999999998
6092   5.5161759999999997 7.9709430000000001 36.894027999999999
6093   5.9797880000000001 8.0357669999999999 36.992252000000001
6094   6.4241239999999999 8.0538939999999997 37.177382999999999
6095   6.9817109999999998 8.0045909999999996 36.724915000000003
6096   7.4446890000000003 -4.5063570000000004 37.246921999999998
6097   7.2833699999999997 -4.554322 37.342255000000002
6098   7.3816819999999996 -4.4926250000000003 37.261676999999999
6099   7.5751189999999999 -4.483123 37.193461999999997
6100   7.4639160000000002 -4.5468739999999999 37.276127000000002
6101   7.6982660000000003 -4.5154680000000003 37.213394000000001
6102   8.0852939999999993 -4.3781590000000001 36.967666999999999
6103   7.5406510000000004 -4.4346399999999999 37.197032999999998
6104   7.3947060000000002 -4.4383080000000001 37.279654999999998
6105   7.7505680000000003 -4.3904030000000001 37.090415999999998
6106   7.9303809999999997 -4.4790400000000004 37.282097
6107   7.7260850000000003 -4.2845659999999999 37.159309
6108   7.9990639999999997 -4.0563500000000001 37.112487999999999
6109   8.7709670000000006 -3.744653 36.654850000000003
6110   8.4567420000000002 -3.7689499999999998 36.932971999999999
6111   9.0731570000000001 -4.000489 37.097724999999997
6112   8.9643680000000003 -3.6954509999999998 36.535739999999997
6113   9.7221650000000004 -3.6974990000000001 37.296204000000003
6114   8.7376769999999997 -3.4574060000000002 37.094527999999997
6115   8.9163099999999993 -3.4923099999999998 36.794186000000003
6116   10.508805000000001 -3.175325 36.874516
6117   9.1333339999999996 -3.2391030000000001 37.005833000000003
6118   9.2027389999999993 -3.3257129999999999 36.742061999999997
6119   9.9220330000000008 -2.7745709999999999 36.8857
6120   10.790706 -2.948121 36.846328999999997
6121   10.309927 -2.230909 37.200676000000001
6122   10.953829000000001 -2.7420740000000001 36.873077000000002
6123   11.036462999999999 -1.874922 36.875796999999999
6124   11.256346000000001 -2.1150090000000001 37.178879000000002
6125   11.226316000000001 -1.8902859999999999 36.802292000000001
6126   11.279977000000001 -1.923853 36.823250000000002
6127   11.301937000000001 -1.8076669999999999 36.928199999999997
6128   11.242255999999999 -1.7795989999999999 36.923996000000002
6129   11.334078999999999 -1.6780090000000001 37.081547
6130   11.231761000000001 -1.6553949999999999 37.027808999999998
6131   11.212453999999999 -1.597019 37.078704999999999
6132   11.318428000000001 -1.5228649999999999 37.148949000000002
6133   11.243413 -1.7081230000000001 36.987743000000002
6134   11.312163 -1.608482 37.081093000000003
6135   3.0576140000000001 6.7043030000000003 37.328029999999998
6136   2.7798620000000001 6.3626589999999998 37.337746000000003
6137   3.3776809999999999 7.0589089999999999 37.309745999999997
6138   3.6614689999999999 7.1071080000000002 36.747562000000002
6139   4.0841989999999999 7.3506080000000003 36.683537000000001
6140   3.9090929999999999 7.1889560000000001 36.562092
6141   3.9150939999999999 7.4390879999999999 37.337783999999999
6142   4.3371659999999999 7.6036349999999997 36.741100000000003
6143   4.3745200000000004 7.4615650000000002 36.511733999999997
6144   4.6064689999999997 7.5731080000000004 36.518371999999999
6145   4.7074369999999996 7.7448300000000003 36.736834999999999
6146   4.8457460000000001 7.6513929999999997 36.485312999999998
6147   7.5752420000000003 7.7652919999999996 37.135784000000001
6148   8.0350990000000007 7.5265190000000004 37.090091999999999
6149   7.2340520000000001 7.9096130000000002 37.443722000000001
6150   5.5927959999999999 7.9956160000000001 37.538241999999997
6151   5.9383800000000004 8.082058 38.102550999999998
6152   6.7586079999999997 8.0224869999999999 37.565731
6153   7.0908709999999999 -4.5706319999999998 37.418739000000002
6154   7.1077500000000002 -4.6159400000000002 37.472614
6155   6.9915209999999997 -4.5955440000000003 37.479511000000002
6156   6.9838589999999998 -4.5698449999999999 37.453341999999999
6157   7.0482170000000002 -4.5503309999999999 37.419562999999997
6158   7.1793709999999997 -4.5179280000000004 37.364666
6159   7.291048 -4.5062350000000002 37.296227000000002
6160   7.0332359999999996 -4.5297790000000004 37.470993
6161   7.2321340000000003 -4.4487290000000002 37.393925000000003
6162   7.4372819999999997 -4.3806440000000002 37.309113000000004
6163   7.4226539999999996 -4.351572 37.418751
6164   7.6972839999999998 -4.2200249999999997 37.306590999999997
6165   7.8393660000000001 -4.1167179999999997 37.402431
6166   7.9934560000000001 -4.006704 37.308776999999999
6167   8.1565189999999994 -3.893059 37.209110000000003
6168   8.3907620000000005 -3.6794099999999998 37.268512999999999
6169   8.6223650000000003 -3.4469880000000002 37.355690000000003
6170   10.168218 -3.407321 37.519343999999997
6171   8.9059559999999998 -3.2885719999999998 37.32246
6172   9.1721990000000009 -3.138925 37.312213999999997
6173   10.465242999999999 -3.167961 37.534728999999999
6174   9.4039760000000001 -3.0233460000000001 37.162135999999997
6175   9.6123670000000008 -2.8355139999999999 37.346088000000002
6176   9.8882910000000006 -2.5704479999999998 37.350689000000003
6177   10.753152 -2.882933 37.494895999999997
6178   11.087631999999999 -2.4498880000000001 37.295296
6179   11.030008 -2.5001440000000001 37.847915999999998
6180   10.827154999999999 -1.7046060000000001 37.222732999999998
6181   11.403553 -1.7718670000000001 37.544955999999999
6182   11.344397000000001 -1.836219 37.074078
6183   11.158569999999999 -1.50258 37.163887000000003
6184   11.289448 -1.4566570000000001 37.204543999999999
6185   11.444072 -1.5401549999999999 37.425621
6186   11.305126 -1.3391109999999999 37.308449000000003
6187   11.410531000000001 -1.3633919999999999 37.366905000000003
6188   11.377383999999999 -1.5301830000000001 37.208820000000003
6189   2.2068210000000001 4.5697270000000003 37.402965999999999
6190   2.1778460000000002 4.4731759999999996 37.459651999999998
6191   2.1157910000000002 4.5756819999999996 37.470280000000002
6192   2.3332359999999999 4.5576800000000004 37.428986000000002
6193   2.2152590000000001 4.6846170000000003 37.358299000000002
6194   2.10405 4.7564399999999996 37.433093999999997
6195   2.2322989999999998 4.8553240000000004 37.329799999999999
6196   2.3304990000000001 4.8003 37.317860000000003
6197   2.1434350000000002 4.9860850000000001 37.429172999999999
6198   2.2970700000000002 5.2201510000000004 37.403835000000001
6199   2.4031500000000001 5.0617010000000002 37.312275
6200   2.4913799999999999 4.8535690000000002 37.348888000000002
6201   2.4553910000000001 5.3513169999999999 37.275607999999998
6202   2.6067879999999999 5.056082 37.373809999999999
6203   2.611094 5.3169589999999998 37.268906000000001
6204   2.3586999999999998 5.4720300000000002 37.519333000000003
6205   2.486869 5.5562209999999999 37.306964999999998
6206   2.5644740000000001 5.7561720000000003 37.261226999999998
6207   2.6484510000000001 5.5812679999999997 37.234470000000002
6208   2.7644540000000002 5.8724769999999999 37.151985000000003
6209   2.8939910000000002 5.764062 37.214255999999999
6210   2.674356 6.0271410000000003 37.180934999999998
6211   2.974755 6.0324879999999999 37.076813000000001
6212   2.8987150000000002 6.1670249999999998 37.048779000000003
6213   2.550192 6.0475019999999997 37.519179999999999
6214   8.7036840000000009 7.0183850000000003 37.511242000000003
6215   8.7430249999999994 6.9487699999999997 37.565036999999997
6216   8.5873679999999997 7.0461349999999996 37.461269000000001
6217   8.6110159999999993 7.1277900000000001 37.456744999999998
6218   4.4328479999999999 7.6894770000000001 37.595332999999997
6219   5.0579989999999997 7.8919090000000001 37.636139
6220   6.435079 8.0700099999999999 38.031826000000002
6221   7.0680649999999998 -4.6647259999999999 37.622565999999999
6222   6.9523400000000004 -4.6176469999999998 37.557026
6223   7.3478529999999997 -4.6261720000000004 37.437725
6224   7.5823070000000001 -4.5640859999999996 37.573737999999999
6225   6.9300430000000004 -4.5792999999999999 37.519657000000002
6226   6.909084 -4.5888229999999997 37.605353999999998
6227   6.9779980000000004 -4.5482459999999998 37.578994999999999
6228   7.0429060000000003 -4.5625260000000001 37.689816
6229   7.9054120000000001 -4.4915440000000002 37.570625
6230   7.1111180000000003 -4.4724750000000002 37.617550000000001
6231   7.4213399999999998 -4.4075300000000004 37.719577999999998
6232   8.1200880000000009 -4.407197 37.434078
6233   8.4825300000000006 -4.21577 37.559199999999997
6234   8.2405380000000008 -4.356833 37.113391999999997
6235   7.6251790000000002 -4.2694559999999999 37.548157000000003
6236   7.83751 -4.1575920000000002 37.639716999999997
6237   8.5400960000000001 -4.2538900000000002 36.941383000000002
6238   8.0502859999999998 -3.9368859999999999 37.567982000000001
6239   8.9741470000000003 -3.9106860000000001 38.012810000000002
6240   9.5452100000000009 -3.8201700000000001 38.197600999999999
6241   8.3626269999999998 -3.6707700000000001 37.535876999999999
6242   10.01267 -3.6296300000000001 38.568401000000001
6243   8.7118059999999993 -3.4176660000000001 37.659657000000003
6244   9.0692459999999997 -3.2024140000000001 37.599257999999999
6245   9.3324879999999997 -3.028905 37.509495000000001
6246   9.4677609999999994 -2.9234330000000002 37.793137000000002
6247   9.6930709999999998 -2.6346630000000002 37.928660999999998
6248   9.7499020000000005 -2.6276000000000002 37.570183
6249   9.9947219999999994 -2.2086420000000002 37.802146999999998
6250   9.8571519999999992 -2.4708700000000001 37.635314999999999
6251   9.9999199999999995 -2.3785560000000001 37.489798999999998
6252   10.320823000000001 -1.7910969999999999 37.654578999999998
6253   11.306870999999999 -1.997349 37.884673999999997
6254   10.087096000000001 -1.840292 38.041691
6255   10.658424 -1.641985 37.444107000000002
6256   10.638432999999999 -1.3234999999999999 37.682453000000002
6257   10.989744 -1.3307290000000001 37.434013
6258   11.057152 -1.4472940000000001 37.287109000000001
6259   11.473248999999999 -1.4969440000000001 38.161034000000001
6260   11.204428 -1.288416 37.356236000000003
6261   11.505124 -1.198485 37.547606999999999
6262   11.523887999999999 -1.285501 37.69706
6263   10.984728 -1.0203880000000001 37.601944000000003
6264   11.240164 -1.038111 37.498089
6265   11.431490999999999 -1.115237 37.484679999999997
6266   11.572322 -1.064392 37.714767000000002
6267   11.300224999999999 -0.68484400000000001 37.584541000000002
6268   11.484348000000001 -0.81853900000000002 37.565941000000002
6269   11.587975999999999 -0.89838300000000004 37.655697000000004
6270   11.684172999999999 -0.81398899999999996 37.917735999999998
6271   11.60629 -1.092849 38.062866
6272   10.5647 -0.935361 37.928649999999998
6273   11.053515000000001 -0.664937 37.673819999999999
6274   11.582060999999999 -0.49683500000000003 37.614868000000001
6275   11.671780999999999 -0.70082 37.678756999999997
6276   11.248821 -0.39463799999999999 37.625701999999997
6277   11.434727000000001 -0.289323 37.601849000000001
6278   11.7562 -0.61184400000000005 37.839042999999997
6279   11.728191000000001 -0.51729800000000004 37.710754000000001
6280   11.776089000000001 -0.43575199999999997 37.865138999999999
6281   10.984188 -0.20726 37.825363000000003
6282   11.301969 -0.013259 37.676955999999997
6283   11.709255000000001 -0.28911700000000001 37.757477000000002
6284   11.4777 0.162471 37.731597999999998
6285   11.596212 -0.13419200000000001 37.674827999999998
6286   11.751117000000001 -0.18684400000000001 38.094906000000002
6287   11.605848999999999 0.082288 37.741463000000003
6288   11.690322 0.015545 37.868130000000001
6289   11.234957 0.44856800000000002 37.893771999999998
6290   11.617521999999999 0.24778900000000001 37.895760000000003
6291   11.698052000000001 0.247278 38.237639999999999
6292   11.731913 0.046556 38.131207000000003
6293   11.435504999999999 0.45461000000000001 37.835003
6294   11.538068000000001 0.43981599999999998 37.891567000000002
6295   11.639119000000001 0.50151400000000002 38.209308999999998
6296   11.424968 0.60692000000000002 37.908188000000003
6297   11.486981 0.55546099999999998 37.890082999999997
6298   11.536724 0.677948 38.044193
6299   2.2526540000000002 3.8682430000000001 37.766899000000002
6300   2.2075999999999998 3.71333 37.930500000000002
6301   1.96302 4.03911 37.890799999999999
6302   2.3649909999999998 3.6662330000000001 37.906300000000002
6303   2.4629629999999998 3.8683619999999999 37.793410999999999
6304   2.1756899999999999 4.0217599999999996 37.657600000000002
6305   2.3653900000000001 4.1501520000000003 37.606434
6306   2.0503399999999998 4.1549699999999996 37.638900999999997
6307   2.2054 4.15212 37.5471
6308   2.6182970000000001 4.0976650000000001 37.774120000000003
6309   2.1904599999999999 4.3056299999999998 37.515999000000001
6310   2.0661649999999998 4.3637300000000003 37.590415999999998
6311   1.9889410000000001 4.6133249999999997 37.814082999999997
6312   2.6024699999999998 4.7148450000000004 37.528632999999999
6313   2.0637919999999998 5.1805159999999999 38.324429000000002
6314   2.0271240000000001 4.8426179999999999 37.601280000000003
6315   2.2167270000000001 5.306781 37.718788000000004
6316   2.307442 5.7395300000000002 38.141635999999998
6317   2.4462269999999999 5.7120629999999997 37.514285999999998
6318   9.6370210000000007 6.0118 37.864178000000003
6319   9.7528089999999992 6.0188740000000003 37.918025999999998
6320   9.7613959999999995 5.9094530000000001 37.921593000000001
6321   9.7111839999999994 5.8240170000000004 37.922545999999997
6322   9.8451819999999994 5.954885 38.008330999999998
6323   2.5304120000000001 6.4112730000000004 38.632412000000002
6324   9.4845100000000002 6.1507630000000004 37.829467999999999
6325   9.5879729999999999 6.1440859999999997 37.843249999999998
6326   9.6770230000000002 6.1326840000000002 37.904769999999999
6327   9.7717650000000003 6.0844670000000001 37.974463999999998
6328   9.317895 6.3091819999999998 37.783729999999998
6329   9.4386299999999999 6.2967979999999999 37.814681999999998
6330   9.5514709999999994 6.262384 37.872973999999999
6331   9.7444729999999993 6.1700410000000003 38.116858999999998
6332   2.8500549999999998 6.695538 38.068618999999998
6333   9.3916219999999999 6.4401099999999998 37.858597000000003
6334   9.2574640000000006 6.4444179999999998 37.783580999999998
6335   9.5297649999999994 6.387149 37.958556999999999
6336   9.3079389999999993 6.5981930000000002 37.905861000000002
6337   9.4249700000000001 6.5691499999999996 38.144100000000002
6338   9.2192279999999993 6.5715640000000004 37.795955999999997
6339   9.1368469999999995 6.7732359999999998 37.897728000000001
6340   9.0369869999999999 6.6687019999999997 37.765864999999998
6341   8.8825400000000005 6.8644309999999997 37.705139000000003
6342   8.7935630000000007 6.671176 37.742049999999999
6343   3.1245699999999998 6.9496989999999998 37.881351000000002
6344   3.4349129999999999 7.3155060000000001 38.371788000000002
6345   8.7662379999999995 7.0168330000000001 37.594650000000001
6346   4.0186229999999998 7.6306419999999999 38.579127999999997
6347   7.3931760000000004 7.8475029999999997 38.059443999999999
6348   4.585896 7.8552949999999999 38.733561999999999
6349   5.0924829999999996 8.0482479999999992 38.894542999999999
6350   5.4361920000000001 8.0280310000000004 38.221626000000001
6351   7.0014200000000004 -4.6160069999999997 37.661991
6352   7.2478400000000001 -4.6293600000000001 37.809699999999999
6353   7.2498009999999997 -4.517576 37.787022
6354   7.4709680000000001 -4.4913299999999996 37.82
6355   7.6331879999999996 -4.4829800000000004 37.777287000000001
6356   7.8290179999999996 -4.4583300000000001 37.711337999999998
6357   7.7069320000000001 -4.3305410000000002 37.765208999999999
6358   7.9098569999999997 -4.336004 37.814247000000002
6359   8.0993230000000001 -4.3437520000000003 37.714409000000003
6360   8.0373289999999997 -4.0929229999999999 37.799770000000002
6361   8.1503399999999999 -4.1762300000000003 37.830298999999997
6362   8.3506879999999999 -4.1349650000000002 37.803806000000002
6363   8.5277080000000005 -4.0755660000000002 37.828704999999999
6364   8.6774679999999993 -4.0279850000000001 37.877865
6365   8.3856509999999993 -3.9456869999999999 37.866588999999998
6366   8.5132879999999993 -3.992216 37.900233999999998
6367   8.650703 -3.9600029999999999 37.948135000000001
6368   8.7788170000000001 -3.933627 37.996051999999999
6369   8.3741830000000004 -3.73149 37.763309
6370   8.6731920000000002 -3.823302 38.013500000000001
6371   8.7527430000000006 -3.8814039999999999 38.034657000000003
6372   8.6149470000000008 -3.6712189999999998 37.955649999999999
6373   8.7711050000000004 -3.6508289999999999 38.083202
6374   8.8907159999999994 -3.6625109999999999 38.170662
6375   8.6331170000000004 -3.5270999999999999 37.842216000000001
6376   8.8586939999999998 -3.4915639999999999 38.009295999999999
6377   9.0834440000000001 -3.6196299999999999 38.380218999999997
6378   9.0788390000000003 -3.4474399999999998 38.229678999999997
6379   9.2772159999999992 -3.4082590000000001 38.597675000000002
6380   10.4476 -3.2279 38.325297999999997
6381   9.0398320000000005 -3.3067319999999998 37.933093999999997
6382   9.2311060000000005 -3.2539880000000001 38.215569000000002
6383   9.4711239999999997 -3.0175890000000001 38.474227999999997
6384   9.2700410000000009 -3.11293 37.897281999999997
6385   10.763 -2.8757799999999998 38.623500999999997
6386   9.7402280000000001 -2.534748 38.724891999999997
6387   9.844106 -2.3509639999999998 38.267136000000001
6388   9.9343299999999992 -2.0665719999999999 38.512016000000003
6389   11.2502 -2.0186500000000001 38.578400000000002
6390   10.241986000000001 -1.467735 38.008217000000002
6391   10.109724 -1.502105 38.234305999999997
6392   10.399236 -1.3794869999999999 37.861328
6393   11.4579 -1.3967000000000001 39.073501999999998
6394   10.193906 -1.165503 38.205089999999998
6395   10.263450000000001 -0.79121300000000006 38.270901000000002
6396   11.677174000000001 -0.80920700000000001 38.379989999999999
6397   10.525304 -0.39570899999999998 38.124690999999999
6398   11.744138 -0.52593000000000001 38.23959
6399   10.747665 0.20455300000000001 38.112442000000001
6400   11.728616000000001 -0.24545 38.662754
6401   11.733427000000001 0.072238999999999998 38.548180000000002
6402   11.690878 0.56053200000000003 39.189041000000003
6403   10.542209 0.84603399999999995 38.385081999999997
6404   11.022591 0.93936200000000003 38.082008000000002
6405   11.664099999999999 0.83622700000000005 38.521599000000002
6406   11.275338 0.95376499999999997 38.009929999999997
6407   11.412175 0.80988599999999999 38.015095000000002
6408   11.533839 0.93487799999999999 38.211303999999998
6409   10.944597999999999 1.6657690000000001 38.230941999999999
6410   11.421404000000001 1.172677 38.138046000000003
6411   11.231794000000001 1.415127 38.11591
6412   11.530849 1.3059860000000001 38.444000000000003
6413   11.363262000000001 1.6311770000000001 38.210071999999997
6414   11.437552 1.5604979999999999 38.294173999999998
6415   11.248362 1.812826 38.214626000000003
6416   11.377663 2.0635219999999999 38.475861000000002
6417   11.069470000000001 2.223414 38.154147999999999
6418   10.752039999999999 2.2171590000000001 38.319958
6419   11.212996 2.0700620000000001 38.205551
6420   10.974430999999999 2.5729449999999998 38.133460999999997
6421   11.107165999999999 2.4398179999999998 38.123137999999997
6422   11.205410000000001 2.3686479999999999 38.194519
6423   10.669024 2.6873849999999999 38.332214
6424   11.121532999999999 2.60751 38.134258000000003
6425   11.207202000000001 2.761387 38.244534000000002
6426   10.853146000000001 3.0993409999999999 38.224167000000001
6427   11.058411 2.8415300000000001 38.159103000000002
6428   11.299186000000001 2.7861090000000002 38.468978999999997
6429   2.8362500000000002 3.182617 38.514949999999999
6430   2.9298739999999999 3.1768869999999998 38.394835999999998
6431   3.063043 2.8919260000000002 38.599991000000003
6432   2.8380709999999998 3.3123860000000001 38.281745999999998
6433   2.6255959999999998 3.3846400000000001 38.39761
6434   3.0523880000000001 3.2440639999999998 38.33717
6435   3.242804 3.097931 38.446739000000001
6436   11.075862000000001 3.0815950000000001 38.225006
6437   11.177199999999999 3.2145100000000002 38.415798000000002
6438   2.4587210000000002 3.5288309999999998 38.056606000000002
6439   2.693972 3.4846110000000001 38.121239000000003
6440   2.2983500000000001 3.5271300000000001 38.171500999999999
6441   2.9318010000000001 3.5486900000000001 38.132804999999998
6442   3.2868170000000001 3.518329 38.299515
6443   10.664096000000001 3.6507070000000001 38.263663999999999
6444   10.884952 3.4143539999999999 38.208739999999999
6445   11.011642999999999 3.3520180000000002 38.270221999999997
6446   2.2553399999999999 3.5666600000000002 38.304001
6447   2.15767 3.6831100000000001 38.108699999999999
6448   2.5570499999999998 3.6525829999999999 37.942397999999997
6449   2.726985 3.6082999999999998 38.002647000000003
6450   10.913648999999999 3.549512 38.276688
6451   11.040900000000001 3.6336200000000001 38.569800999999998
6452   2.6954769999999999 3.854905 37.890040999999997
6453   3.2016819999999999 4.0108379999999997 38.098145000000002
6454   10.872322 3.686483 38.318114999999999
6455   1.95668 3.9399000000000002 38.087798999999997
6456   2.0245899999999999 3.8901599999999998 38.287497999999999
6457   10.316941999999999 4.1124669999999997 38.258006999999999
6458   10.607946999999999 4.0121169999999999 38.176586
6459   10.723739999999999 3.9139659999999998 38.193634000000003
6460   10.823411999999999 3.8987780000000001 38.290951
6461   1.943584 4.1842560000000004 38.324226000000003
6462   10.535301 4.3121739999999997 38.108218999999998
6463   10.725109 4.1270150000000001 38.181873000000003
6464   10.817399999999999 4.3632600000000004 38.453601999999997
6465   1.9233789999999999 4.4354100000000001 38.255062000000002
6466   10.140442 4.6521720000000002 38.164368000000003
6467   10.7006 4.3250900000000003 38.153399999999998
6468   10.6243 4.3894000000000002 38.080002
6469   3.7355990000000001 4.1479340000000002 38.351649999999999
6470   3.529058 4.4238099999999996 38.137881999999998
6471   10.432205 4.616276 38.076968999999998
6472   10.567600000000001 4.4990600000000001 38.073002000000002
6473   10.658300000000001 4.5408499999999998 38.163502000000001
6474   1.9296279999999999 4.8056190000000001 38.78125
6475   3.927203 4.8801410000000001 38.157226999999999
6476   4.5638269999999999 4.9886150000000002 38.424025999999998
6477   10.517234999999999 4.7736729999999996 38.123840000000001
6478   10.5303 5.0918599999999996 38.363498999999997
6479   10.369020000000001 4.9273899999999999 38.027698999999998
6480   4.4987890000000004 5.2756749999999997 38.235748000000001
6481   10.211119 5.0354650000000003 38.009059999999998
6482   10.486646 5.0307740000000001 38.107792000000003
6483   10.354594000000001 5.1928850000000004 38.073138999999998
6484   10.16778 5.2055559999999996 38.028720999999997
6485   2.1247189999999998 5.6339259999999998 38.764149000000003
6486   10.037159000000001 5.3287839999999997 38.028911999999998
6487   9.7895990000000008 5.549105 37.996192999999998
6488   10.013792 5.5099130000000001 38.043872999999998
6489   10.213179 5.3622079999999999 38.117339999999999
6490   4.8677840000000003 5.3438720000000002 38.376491999999999
6491   9.9071020000000001 5.610493 38.011662000000001
6492   10.120181000000001 5.5892200000000001 38.128703999999999
6493   10.200236 5.5647310000000001 38.428744999999999
6494   9.8608949999999993 5.7630569999999999 37.988219999999998
6495   9.9901199999999992 5.6603560000000002 38.059010000000001
6496   9.9986160000000002 5.8063650000000004 38.177013000000002
6497   9.1628500000000006 6.8052900000000003 38.203299999999999
6498   7.8551880000000001 7.6615219999999997 38.371814999999998
6499   6.8689049999999998 8.0286449999999991 38.779040999999999
6500   8.8527579999999997 -3.8656109999999999 38.077052999999999
6501   8.8213080000000001 -3.8055469999999998 38.107235000000003
6502   8.9490339999999993 -3.7768320000000002 38.202762999999997
6503   9.1008379999999995 -3.7509960000000002 38.389301000000003
6504   9.3507529999999992 -3.7182230000000001 38.620113000000003
6505   9.222391 -3.6247929999999999 38.595592000000003
6506   9.8262699999999992 -3.6233 39.081200000000003
6507   9.4322459999999992 -3.2643230000000001 38.934638999999997
6508   9.6206820000000004 -2.870698 39.180320999999999
6509   11.0313 -2.44096 38.881301999999998
6510   10.023757 -1.6555169999999999 38.439853999999997
6511   9.9724579999999996 -1.6435029999999999 38.833064999999998
6512   10.061794000000001 -1.0795030000000001 38.564785000000001
6513   9.9927109999999999 -1.253482 38.954636000000001
6514   11.582800000000001 -1.02186 38.697102000000001
6515   10.013799000000001 -0.87527999999999995 39.123404999999998
6516   10.247845 -0.168652 38.451542000000003
6517   11.6632 -0.55554899999999996 39.185699
6518   10.061937 -0.27700599999999997 38.804828999999998
6519   9.9945529999999998 -0.442963 39.456257000000001
6520   9.9590829999999997 -0.004803 39.208134000000001
6521   10.025824999999999 0.23837800000000001 38.868664000000003
6522   10.184824000000001 0.215894 38.601730000000003
6523   11.711651 -0.034291000000000002 39.345737
6524   10.110518000000001 0.80561000000000005 38.700172000000002
6525   10.639806999999999 1.420987 38.386543000000003
6526   10.412575 1.745015 38.561207000000003
6527   3.1788509999999999 1.73699 38.702979999999997
6528   3.3232879999999998 1.755638 38.665123000000001
6529   3.3023199999999999 1.662377 38.803668999999999
6530   3.180825 1.744494 39.177776000000001
6531   3.0988090000000001 1.8896139999999999 38.693641999999997
6532   3.2207479999999999 1.8818969999999999 38.593311
6533   3.0999469999999998 2.002694 38.540332999999997
6534   2.9921899999999999 2.1346810000000001 38.820210000000003
6535   3.1110730000000002 2.601521 38.626258999999997
6536   3.2487970000000002 2.1598000000000002 38.548298000000003
6537   10.436939000000001 2.4566279999999998 38.523766000000002
6538   3.2600530000000001 2.5352730000000001 38.531464
6539   10.064363 2.554875 38.852898000000003
6540   10.314724 3.1180840000000001 38.545082000000001
6541   2.9990019999999999 2.6353810000000002 38.859591999999999
6542   2.9408470000000002 2.8952179999999998 38.862479999999998
6543   3.216199 2.8027880000000001 38.537663000000002
6544   11.364983000000001 2.554764 39.289188000000003
6545   2.8103720000000001 3.1728740000000002 38.801322999999996
6546   2.5941920000000001 3.420712 38.639763000000002
6547   9.7625659999999996 3.6688200000000002 38.879742
6548   9.8423780000000001 3.124555 39.000610000000002
6549   2.4792019999999999 3.764148 39.048641000000003
6550   10.14682 3.7722799999999999 38.486049999999999
6551   9.6542159999999999 4.3496610000000002 38.601756999999999
6552   9.4564950000000003 4.0792760000000001 38.956950999999997
6553   2.106115 4.2131730000000003 38.980274000000001
6554   9.3088110000000004 4.32958 38.914352000000001
6555   1.9357850000000001 4.5502820000000002 38.813431000000001
6556   4.638636 4.147068 38.927692
6557   4.3532520000000003 4.0915489999999997 38.736694
6558   4.6130839999999997 4.4415630000000004 38.753239000000001
6559   4.3317629999999996 4.4068230000000002 38.592388
6560   4.9099490000000001 4.596393 38.860782999999998
6561   4.8680620000000001 4.8372310000000001 38.668495
6562   9.0247299999999999 4.6135479999999998 38.907330000000002
6563   5.0213999999999999 4.404706 39.06176
6564   5.418266 4.8835199999999999 38.952240000000003
6565   2.0069360000000001 5.5603189999999998 39.495789000000002
6566   7.4631400000000001 5.3115769999999998 38.984631
6567   7.8702670000000001 5.2236900000000004 38.973038000000003
6568   7.616377 5.1452429999999998 39.168025999999998
6569   2.7089400000000001 6.7602289999999998 38.748226000000003
6570   2.9420099999999998 7.0169490000000003 38.695404000000003
6571   2.6366339999999999 6.9911399999999997 39.873379
6572   3.0565229999999999 7.3882570000000003 39.680447000000001
6573   7.4197360000000003 7.8839139999999999 38.852260999999999
6574   5.5128349999999999 8.1432909999999996 39.094414
6575   6.2659840000000004 8.1147570000000009 38.748032000000002
6576   9.3540949999999992 -3.573267 38.932392
6577   9.5138429999999996 -3.6102059999999998 39.038803000000001
6578   9.4037400000000009 -3.4242349999999999 39.044162999999998
6579   10.4015 -3.2648299999999999 39.117699000000002
6580   9.5490589999999997 -3.1384020000000001 39.314628999999996
6581   10.828200000000001 -2.7005699999999999 39.528801000000001
6582   9.8803850000000004 -2.108107 39.339916000000002
6583   9.7380829999999996 -2.604797 39.435371000000004
6584   11.197900000000001 -2.03111 39.621600999999998
6585   9.9678710000000006 -1.5222150000000001 39.283501000000001
6586   9.9938699999999994 -1.19285 39.175812000000001
6587   9.9058060000000001 -0.082583000000000004 39.758761999999997
6588   9.9099050000000002 0.32308999999999999 39.161121000000001
6589   9.8350360000000006 0.29411900000000002 39.545985999999999
6590   9.9365600000000001 0.52028600000000003 38.987858000000003
6591   9.8042829999999999 0.60622900000000002 39.312702000000002
6592   9.8188089999999999 0.82544399999999996 39.109741
6593   9.6872480000000003 0.95174700000000001 39.411057
6594   9.6537489999999995 1.3367910000000001 39.258034000000002
6595   11.623950000000001 1.294513 39.624718000000001
6596   9.8271639999999998 2.0217040000000002 39.104182999999999
6597   3.1011609999999998 1.872925 39.329445
6598   3.3304269999999998 1.6903809999999999 39.170715000000001
6599   11.536384 1.7143740000000001 39.155312000000002
6600   2.9806509999999999 2.1073599999999999 39.180202000000001
6601   2.9736910000000001 2.423521 39.124766999999999
6602   9.5682580000000002 2.889691 39.375140999999999
6603   2.9604629999999998 2.6718250000000001 39.168343
6604   2.9298289999999998 2.891689 39.224170999999998
6605   2.9512559999999999 3.1426470000000002 39.628180999999998
6606   9.4714910000000003 3.3998390000000001 39.346961999999998
6607   2.727398 3.4266700000000001 39.037070999999997
6608   2.8412790000000001 3.2935989999999999 39.243510999999998
6609   9.3820630000000005 3.8074349999999999 39.208576000000001
6610   9.0726899999999997 4.2012510000000001 39.211857000000002
6611   2.281911 4.2014779999999998 39.426464000000003
6612   4.8005829999999996 4.059787 39.098213000000001
6613   4.6023639999999997 3.7811020000000002 39.080185
6614   1.9999070000000001 4.4458859999999998 39.052227000000002
6615   8.6143339999999995 4.5927519999999999 39.264645000000002
6616   1.922158 4.7522180000000001 39.210917999999999
6617   5.392652 4.5041260000000003 39.234982000000002
6618   6.0867490000000002 5.025436 39.157935999999999
6619   5.6706989999999999 4.7975149999999998 39.203316000000001
6620   1.9314100000000001 5.2167830000000004 39.607052000000003
6621   5.8310040000000001 5.1389519999999997 38.945968999999998
6622   7.0644309999999999 5.24979 39.115391000000002
6623   2.155875 6.0588930000000003 39.611770999999997
6624   2.3025579999999999 6.6031310000000003 40.193272
6625   3.5352420000000002 7.7436870000000004 39.687992000000001
6626   4.1167550000000004 7.9670230000000002 39.842350000000003
6627   6.222448 8.1904610000000009 39.653759000000001
6628   5.8911530000000001 8.1738759999999999 39.216403999999997
6629   9.5868719999999996 -3.4449139999999998 39.285431000000003
6630   9.5055669999999992 -3.316773 39.235863000000002
6631   9.5976099999999995 -3.2746209999999998 39.511177000000004
6632   9.714575 -3.2895340000000002 39.777808999999998
6633   9.8305410000000002 -3.3796889999999999 39.571261999999997
6634   9.8895239999999998 -3.2458230000000001 40.096969999999999
6635   10.093299999999999 -3.2825299999999999 39.644798000000002
6636   10.4573 -2.9394200000000001 39.990699999999997
6637   10.7349 -2.7145999999999999 40.067000999999998
6638   9.9918060000000004 -1.2043079999999999 39.427528000000002
6639   11.631399999999999 -0.51235200000000003 40.095900999999998
6640   9.6606240000000003 0.74797100000000005 39.807682
6641   9.4572789999999998 1.129904 40.097797
6642   9.5350149999999996 1.225447 39.678516000000002
6643   11.583487 1.267827 41.212364000000001
6644   9.3985880000000002 1.6874009999999999 39.695618000000003
6645   9.3787599999999998 1.426938 39.944896999999997
6646   3.2182940000000002 1.8846529999999999 39.445354000000002
6647   3.4793759999999998 1.7462 39.155121000000001
6648   3.5011480000000001 1.9693290000000001 39.443161000000003
6649   3.0303089999999999 2.1312500000000001 39.428677
6650   3.4510730000000001 2.2574740000000002 39.771278000000002
6651   3.6772930000000001 1.998067 39.268444000000002
6652   9.2711400000000008 2.0648620000000002 39.740828999999998
6653   3.9052060000000002 2.3067820000000001 39.260100999999999
6654   3.726127 2.02793 39.034224999999999
6655   2.9994519999999998 2.5581499999999999 39.496310999999999
6656   3.163405 2.3389639999999998 39.793109999999999
6657   9.2513389999999998 3.110757 39.61618
6658   2.8805480000000001 3.4652720000000001 39.624412999999997
6659   9.0392620000000008 3.6544810000000001 39.535919
6660   2.8708100000000001 3.813733 40.119312000000001
6661   2.5377559999999999 4.258292 40.190041000000001
6662   4.8491799999999996 3.6089389999999999 39.313285999999998
6663   5.0257199999999997 4.0219139999999998 39.267372000000002
6664   8.493805 4.1723569999999999 39.560543000000003
6665   2.1180669999999999 4.5694280000000003 39.824798999999999
6666   8.2341149999999992 4.6187709999999997 39.480933999999998
6667   1.96454 4.6646450000000002 39.360779000000001
6668   1.920385 4.9514509999999996 39.865589
6669   7.8113299999999999 4.8185929999999999 39.473315999999997
6670   8.1873459999999998 4.9709690000000002 39.222774999999999
6671   8.6109249999999999 4.8664509999999996 39.014149000000003
6672   7.2475069999999997 4.9177629999999999 39.460025999999999
6673   8.3442889999999998 5.0789210000000002 38.926659000000001
6674   8.7512480000000004 4.9215020000000003 38.866126999999999
6675   6.6878469999999997 4.999765 39.343353
6676   6.5464630000000001 5.2582139999999997 39.045856000000001
6677   7.5990510000000002 7.8449249999999999 39.859329000000002
6678   6.5712869999999999 8.2766400000000004 41.019077000000003
6679   5.2143189999999997 8.1843350000000008 39.650100999999999
6680   5.5299820000000004 8.3191980000000001 40.498711
6681   9.7158130000000007 -3.2337229999999999 40.271605999999998
6682   9.6362459999999999 -3.178588 39.9146
6683   9.8047950000000004 -3.2337630000000002 40.464806000000003
6684   9.6582179999999997 -2.8825609999999999 39.918968
6685   9.97438 -3.0935899999999998 40.832999999999998
6686   10.136559999999999 -3.1137600000000001 40.197701000000002
6687   10.332000000000001 -2.8654799999999998 40.734402000000003
6688   10.681699999999999 -2.5968300000000002 40.690497999999998
6689   11.038600000000001 -2.1606900000000002 40.5961
6690   11.372 -1.4798 40.697498000000003
6691   11.655276000000001 0.27982800000000002 40.997096999999997
6692   9.3004479999999994 1.3895459999999999 40.236134
6693   9.2492859999999997 1.605907 40.07132
6694   9.1082630000000009 1.6459859999999999 40.366836999999997
6695   9.1313589999999998 1.833234 40.065804
6696   8.9087029999999992 1.909821 40.365634999999997
6697   8.7883399999999998 2.092025 40.281792000000003
6698   8.9709959999999995 2.0554610000000002 40.081046999999998
6699   8.7718469999999993 2.2449520000000001 40.117054000000003
6700   8.6153130000000004 2.202369 40.360607000000002
6701   9.0368480000000009 2.201187 39.906429000000003
6702   11.533173 2.02474 40.442492999999999
6703   3.41919 2.5158049999999998 40.036419000000002
6704   8.4477519999999995 2.289409 40.425460999999999
6705   8.5017849999999999 2.3486449999999999 40.235142000000003
6706   8.6700359999999996 2.4785879999999998 39.996451999999998
6707   8.8780570000000001 2.353939 39.950164999999998
6708   11.317693999999999 2.9083450000000002 40.998199
6709   8.3119770000000006 2.5034190000000001 40.123581000000001
6710   9.0153870000000005 2.5806460000000002 39.822510000000001
6711   3.1007370000000001 2.8486359999999999 40.050418999999998
6712   8.4621849999999998 2.6394669999999998 39.944640999999997
6713   8.1699000000000002 2.6391979999999999 40.000954
6714   8.7291340000000002 2.729114 39.873897999999997
6715   8.3582370000000008 2.8433739999999998 39.883377000000003
6716   7.7696550000000002 2.688618 40.000670999999997
6717   7.4818579999999999 2.8333370000000002 39.89864
6718   7.1457490000000004 3.1896040000000001 39.802708000000003
6719   8.0500450000000008 3.2496269999999998 39.832470000000001
6720   8.5210889999999999 3.3972349999999998 39.772564000000003
6721   8.9981059999999999 3.2321569999999999 39.730060999999999
6722   3.032788 3.5173399999999999 40.223103000000002
6723   3.1315369999999998 3.2626309999999998 40.41478
6724   4.9053529999999999 3.3443459999999998 39.437770999999998
6725   5.2009119999999998 3.730486 39.480839000000003
6726   4.5460209999999996 3.4091360000000002 39.204200999999998
6727   5.4165049999999999 3.4012760000000002 39.675319999999999
6728   7.7505940000000004 3.6693150000000001 39.797671999999999
6729   6.1484819999999996 3.5209929999999998 39.782153999999998
6730   5.687087 3.838076 39.630920000000003
6731   6.8458459999999999 4.1765400000000001 39.722126000000003
6732   6.1032200000000003 3.9508239999999999 39.693798000000001
6733   5.4814319999999999 4.1671360000000002 39.462783999999999
6734   7.883292 4.1053569999999997 39.733448000000003
6735   2.2978450000000001 4.6275029999999999 40.630122999999998
6736   6.0016230000000004 4.2409699999999999 39.592326999999997
6737   7.541296 4.4395949999999997 39.734347999999997
6738   7.2867579999999998 4.5291699999999997 39.736491999999998
6739   7.9404510000000004 4.4908960000000002 39.634273999999998
6740   5.8180630000000004 4.5843109999999996 39.384276999999997
6741   6.3664620000000003 4.6457959999999998 39.494723999999998
6742   7.1514889999999998 4.636533 39.665866999999999
6743   7.5216779999999996 4.6700749999999998 39.649616000000002
6744   6.8497870000000001 4.7018069999999996 39.571216999999997
6745   1.8875630000000001 5.1846769999999998 40.143650000000001
6746   1.9065559999999999 5.52074 40.398162999999997
6747   1.9506829999999999 5.8866880000000004 40.902683000000003
6748   2.3316970000000001 6.9817920000000004 41.267353
6749   2.54921 7.3064099999999996 41.2029
6750   2.7761499999999999 7.4488599999999998 40.704700000000003
6751   3.083996 7.7841129999999996 40.827671000000002
6752   3.60806 8.1217450000000007 40.898766000000002
6753   4.7559699999999996 8.1949199999999998 40.091071999999997
6754   9.6841259999999991 -3.2635209999999999 40.791988000000003
6755   9.5871220000000008 -3.1165280000000002 40.529037000000002
6756   10.25211 -2.8760300000000001 41.3521
6757   10.543900000000001 -2.5973899999999999 41.403998999999999
6758   11.5244 -0.95272699999999999 40.712502000000001
6759   3.685038 2.5895579999999998 40.069000000000003
6760   3.3255970000000001 2.7309540000000001 40.199795000000002
6761   3.5669550000000001 2.7331180000000002 40.259815000000003
6762   3.5112739999999998 2.936591 40.478648999999997
6763   3.3047420000000001 3.074443 40.501342999999999
6764   3.1708370000000001 3.5447549999999999 40.686497000000003
6765   3.21041 3.7998069999999999 41.067931999999999
6766   3.0526119999999999 4.0448570000000004 40.882213999999998
6767   2.9327420000000002 4.2174329999999998 40.881115000000001
6768   2.9565290000000002 4.6593850000000003 41.890422999999998
6769   2.0308649999999999 5.0871579999999996 41.163226999999999
6770   1.8952580000000001 5.206874 40.587401999999997
6771   1.879569 5.3269190000000002 40.397568
6772   8.5312140000000003 7.3807150000000004 41.053657999999999
6773   9.0608819999999994 6.9482090000000003 41.049644000000001
6774   8.9825309999999998 6.8899140000000001 39.826199000000003
6775   9.2641790000000004 -3.529687 41.424270999999997
6776   9.1940460000000002 -3.5883949999999998 41.554133999999998
6777   9.1706819999999993 -3.5327199999999999 41.507992000000002
6778   9.3510399999999994 -3.528502 41.355792999999998
6779   9.3045399999999994 -3.59524 41.525238000000002
6780   9.4175529999999998 -3.545747 41.369106000000002
6781   9.2399640000000005 -3.4044780000000001 41.361587999999998
6782   9.0839879999999997 -3.4919829999999998 41.581856000000002
6783   9.3337400000000006 -3.4681980000000001 41.298222000000003
6784   9.4374900000000004 -3.453471 41.219169999999998
6785   9.4789399999999997 -3.6051299999999999 41.504100999999999
6786   9.5085719999999991 -3.5002450000000001 41.299106999999999
6787   9.0901800000000001 -3.3619759999999999 41.539096999999998
6788   9.3829659999999997 -3.372687 41.176215999999997
6789   9.6395700000000009 -3.4641099999999998 41.328999000000003
6790   9.5569450000000007 -3.398466 41.120682000000002
6791   9.1955770000000001 -3.1852070000000001 41.374569000000001
6792   9.3974930000000008 -3.1987960000000002 41.043671000000003
6793   9.5082409999999999 -3.3039749999999999 40.979446000000003
6794   9.3649229999999992 -2.910339 41.094214999999998
6795   9.4902149999999992 -3.0328620000000002 40.806767000000001
6796   9.5642259999999997 -2.9798619999999998 40.614097999999998
6797   9.5198560000000008 -2.9019680000000001 40.758778
6798   10.8786 -2.16757 41.508597999999999
6799   11.591699999999999 -0.40712900000000002 41.433601000000003
6800   3.5201419999999999 3.1934689999999999 40.796013000000002
6801   3.3210099999999998 3.5179990000000001 40.983643000000001
6802   3.5020159999999998 3.3701099999999999 41.065685000000002
6803   3.614795 3.3834780000000002 41.180325000000003
6804   3.6201669999999999 3.2832659999999998 41.003169999999997
6805   3.51736 3.522802 41.349818999999997
6806   3.3643420000000002 3.7132130000000001 41.383682
6807   2.401205 5.0914830000000002 42.131892999999998
6808   1.90327 5.412083 41.048237
6809   1.8931629999999999 5.647805 41.131481000000001
6810   2.0404520000000002 6.4833400000000001 41.828304000000003
6811   4.1828620000000001 8.3440670000000008 40.991492999999998
6812   7.0774400000000002 8.2557700000000001 41.824005
6813   7.3259470000000002 8.0834639999999993 41.309235000000001
6814   4.7151050000000003 8.4464600000000001 41.931514999999997
6815   5.355658 8.5409729999999993 41.921967000000002
6816   5.8276820000000003 8.4801929999999999 41.648322999999998
6817   9.1582229999999996 -3.6362350000000001 41.699607999999998
6818   9.0813159999999993 -3.5949260000000001 41.667686000000003
6819   9.2672340000000002 -3.6592039999999999 41.846908999999997
6820   8.9464059999999996 -3.5621849999999999 41.778229000000003
6821   9.4633400000000005 -3.6249099999999999 41.794398999999999
6822   8.9762690000000003 -3.4360059999999999 41.691223000000001
6823   9.5878099999999993 -3.56555 41.699500999999998
6824   9.7338000000000005 -3.4056000000000002 41.790599999999998
6825   8.9399420000000003 -3.240545 41.722343000000002
6826   9.8161000000000005 -3.2641800000000001 41.293799999999997
6827   10.023669999999999 -3.0978500000000002 41.784900999999998
6828   11.196400000000001 -1.6588099999999999 41.597900000000003
6829   11.417859 -0.96364499999999997 42.138953999999998
6830   11.646934999999999 0.088945999999999997 42.516902999999999
6831   11.590052999999999 0.97858500000000004 43.770190999999997
6832   11.280722000000001 3.349173 42.364047999999997
6833   11.121102 3.5360670000000001 41.422108000000001
6834   10.962797 4.063612 42.353771000000002
6835   3.4983230000000001 3.6833279999999999 41.813544999999998
6836   3.295223 3.9179650000000001 41.935752999999998
6837   3.1648260000000001 4.2873250000000001 41.799225
6838   1.881257 5.5971450000000003 41.597191000000002
6839   1.8703719999999999 5.7981150000000001 41.729827999999998
6840   1.8825989999999999 6.0802630000000004 42.179099999999998
6841   2.1726359999999998 7.0348730000000002 42.677097000000003
6842   2.7083400000000002 7.6639999999999997 42.102600000000002
6843   3.3254139999999999 8.0796299999999999 42.255524000000001
6844   3.9419089999999999 8.3020829999999997 42.115799000000003
6845   7.8900810000000003 7.8082909999999996 41.287125000000003
6846   7.7040769999999998 -3.9530970000000001 42.777301999999999
6847   7.902825 -3.8736920000000001 42.535183000000004
6848   8.1877010000000006 -3.8420260000000002 42.542248000000001
6849   8.5015520000000002 -3.8087909999999998 42.487377000000002
6850   8.5652550000000005 -3.7370760000000001 42.210650999999999
6851   8.7490199999999998 -3.7962899999999999 42.308200999999997
6852   8.9469770000000004 -3.6753019999999998 41.965668000000001
6853   8.3222079999999998 -3.7727179999999998 42.313549000000002
6854   8.4073779999999996 -3.6604269999999999 42.216605999999999
6855   8.6262749999999997 -3.5885289999999999 42.060504999999999
6856   8.7790990000000004 -3.6223350000000001 41.962859999999999
6857   9.0320099999999996 -3.6810299999999998 42.351298999999997
6858   9.4342400000000008 -3.5234899999999998 42.231997999999997
6859   8.2562270000000009 -3.6062620000000001 42.308239
6860   8.5574220000000008 -3.377596 42.115627000000003
6861   8.8074919999999999 -3.4801340000000001 41.878253999999998
6862   10.398490000000001 -2.7117100000000001 42.055900999999999
6863   10.7095 -2.3113899999999998 42.114201000000001
6864   11.060116000000001 -1.6929920000000001 42.628647000000001
6865   11.558844000000001 -0.37071999999999999 42.31879
6866   11.581265999999999 1.6413720000000001 42.749256000000003
6867   11.583046 2.1201140000000001 42.122833
6868   3.4899079999999998 3.759617 42.414585000000002
6869   10.884831 4.0461169999999997 41.143211000000001
6870   10.684664 4.51037 41.578915000000002
6871   2.118052 5.323461 42.295273000000002
6872   1.9425969999999999 5.4450969999999996 41.943824999999997
6873   1.86494 5.6686009999999998 42.165779000000001
6874   1.8461939999999999 5.8892610000000003 42.476528000000002
6875   9.3450520000000008 6.3466709999999997 41.885264999999997
6876   8.8192970000000006 7.1457829999999998 42.244517999999999
6877   2.3883000000000001 7.3517799999999998 42.197899
6878   7.5258960000000004 8.1910349999999994 42.592342000000002
6879   6.4650590000000001 8.5463539999999991 42.412444999999998
6880   6.9047349999999996 8.4136190000000006 42.408703000000003
6881   4.2006129999999997 8.5570749999999993 43.079738999999996
6882   5.1423399999999999 8.7395449999999997 42.818047
6883   5.6450519999999997 8.6812179999999994 42.654045000000004
6884   6.1132799999999996 8.5597790000000007 42.184330000000003
6885   7.030456 -4.1319299999999997 42.837856000000002
6886   6.8058180000000004 -4.2517459999999998 43.079815000000004
6887   6.8742919999999996 -4.1393370000000003 42.906979
6888   7.2100869999999997 -4.085261 42.839812999999999
6889   7.1010689999999999 -4.1448029999999996 42.994213000000002
6890   6.9950910000000004 -4.0234300000000003 42.842716000000003
6891   7.1882140000000003 -4.0426820000000001 42.736682999999999
6892   7.3374569999999997 -4.0661250000000004 42.988506000000001
6893   7.3928960000000004 -4.0130819999999998 42.726112000000001
6894   7.6027800000000001 -3.9318439999999999 42.613762000000001
6895   7.7623490000000004 -3.9030749999999999 42.579738999999996
6896   7.9469799999999999 -3.8927900000000002 43.074001000000003
6897   7.3192680000000001 -3.90625 42.639927
6898   7.828017 -3.7714340000000002 42.529243000000001
6899   8.0998400000000004 -3.783935 42.400826000000002
6900   8.6504899999999996 -3.7054800000000001 42.916801
6901   7.6963650000000001 -3.4994800000000001 42.768349000000001
6902   8.1323659999999993 -3.4453710000000002 42.461205
6903   8.0768500000000003 -3.6800139999999999 42.412002999999999
6904   9.1235900000000001 -3.5186700000000002 42.855899999999998
6905   9.7734100000000002 -3.2341920000000002 42.506428
6906   10.160634999999999 -2.8411390000000001 42.735667999999997
6907   10.637411999999999 -2.3468559999999998 42.979571999999997
6908   11.49419 2.835928 43.146168000000003
6909   3.4298989999999998 3.8276859999999999 42.883862000000001
6910   3.2249669999999999 4.7905030000000002 43.534962
6911   10.503506 5.1019180000000004 42.920600999999998
6912   2.789984 5.2536930000000002 43.768002000000003
6913   2.3372860000000002 5.4367330000000003 43.342396000000001
6914   2.042071 5.4712449999999997 42.739964000000001
6915   1.9201170000000001 5.5514599999999996 42.502304000000002
6916   1.891157 5.8310360000000001 43.154178999999999
6917   1.8662300000000001 6.0859110000000003 43.121456000000002
6918   9.1300760000000007 6.9828159999999997 43.426819000000002
6919   8.2671039999999998 7.7438330000000004 42.490726000000002
6920   3.6008290000000001 8.3723299999999998 43.507980000000003
6921   4.689997 8.7186540000000008 43.755913
6922   6.1221509999999997 8.7057780000000005 43.275298999999997
6923   6.5259029999999996 -4.2452199999999998 43.154522
6924   6.6713279999999999 -4.1791700000000001 43.051949
6925   6.7753100000000002 -4.1779279999999996 42.953448999999999
6926   7.1215000000000002 -4.1757499999999999 43.271900000000002
6927   6.5269310000000003 -4.1065120000000004 43.176468
6928   6.7578579999999997 -4.080819 42.976391
6929   7.49831 -4.0394699999999997 43.340499999999999
6930   6.8595680000000003 -3.8147799999999998 43.180751999999998
6931   8.3906299999999998 -3.8286600000000002 42.649700000000003
6932   8.2726500000000005 -3.8214299999999999 42.877898999999999
6933   7.2876399999999997 -3.5959629999999998 43.018070000000002
6934   9.4353700000000007 -3.32484 42.977299000000002
6935   9.7761469999999999 -3.0011429999999999 43.479492
6936   10.317524000000001 -2.537906 43.607716000000003
6937   11.261896 -0.86275400000000002 43.559994000000003
6938   11.492592 -0.29382900000000001 43.161212999999996
6939   11.219454000000001 3.688291 44.047798
6940   3.2867999999999999 4.4466950000000001 43.487533999999997
6941   2.0151340000000002 5.5980869999999996 43.371383999999999
6942   1.89236 6.2941929999999999 42.875197999999997
6943   1.930696 6.4893609999999997 43.225535999999998
6944   2.0104669999999998 6.7470210000000002 43.222965000000002
6945   2.3656329999999999 7.444502 43.539932
6946   8.6789249999999996 7.5057289999999997 43.573517000000002
6947   2.6849289999999999 7.8092059999999996 43.612087000000002
6948   2.8973779999999998 7.9101239999999997 42.835976000000002
6949   3.0312209999999999 8.0842550000000006 43.557223999999998
6950   6.6828070000000004 8.5672929999999994 43.342486999999998
6951   7.1272039999999999 8.4294770000000003 43.321784999999998
6952   5.2214200000000002 8.8024100000000001 43.799999
6953   5.3877119999999996 8.7912809999999997 43.174297000000003
6954   5.6145519999999998 8.7924140000000008 43.635300000000001
6955   5.8544400000000003 -4.3612900000000003 43.657798999999997
6956   5.8517700000000001 -4.45777 43.814301
6957   5.7679099999999996 -4.3449 43.725600999999997
6958   5.9821499999999999 -4.3727 43.580502000000003
6959   6.1823300000000003 -4.4098800000000002 43.436999999999998
6960   6.1323499999999997 -4.47478 43.683300000000003
6961   6.3704099999999997 -4.4536800000000003 43.619498999999998
6962   6.3057400000000001 -4.4012700000000002 43.358798999999998
6963   6.4585109999999997 -4.3774550000000003 43.293503000000001
6964   6.6909799999999997 -4.3827499999999997 43.729197999999997
6965   6.6456090000000003 -4.3924760000000003 43.414397999999998
6966   6.8756599999999999 -4.2907599999999997 43.467799999999997
6967   5.8531000000000004 -4.2599999999999998 43.596401
6968   5.6942399999999997 -4.2654100000000001 43.744999
6969   6.0639700000000003 -4.2656499999999999 43.456099999999999
6970   6.2933250000000003 -4.2469510000000001 43.324607999999998
6971   7.1078599999999996 -4.18893 43.892899
6972   7.4738319999999998 -4.0469689999999998 43.830432999999999
6973   5.7319899999999997 -4.1063000000000001 43.771099
6974   6.0532810000000001 -4.105829 43.583637000000003
6975   6.3573279999999999 -3.9428320000000001 43.523499000000001
6976   7.8073199999999998 -3.9254500000000001 43.637698999999998
6977   8.2208600000000001 -3.7924000000000002 43.354401000000003
6978   8.5310220000000001 -3.6459609999999998 43.663139000000001
6979   9.0787560000000003 -3.3515519999999999 43.812038000000001
6980   10.031029999999999 -2.5865209999999998 44.338219000000002
6981   10.635332999999999 -2.1648290000000001 43.733032000000001
6982   11.548227000000001 0.198044 43.516033
6983   11.521750000000001 2.0834800000000002 44.016562999999998
6984   3.481528 3.8273320000000002 43.487186000000001
6985   3.3656670000000002 3.9361510000000002 43.493153
6986   3.3476330000000001 4.2160919999999997 43.951920000000001
6987   10.876694000000001 4.6139330000000003 44.496943999999999
6988   2.1316299999999999 5.5781219999999996 43.689548000000002
6989   1.997876 5.8070830000000004 44.161766
6990   2.12778 6.9930599999999998 44.3125
6991   8.0373909999999995 8.0312409999999996 44.055461999999999
6992   7.4566689999999998 8.3056529999999995 43.848922999999999
6993   4.0468640000000002 8.5836079999999999 44.546505000000003
6994   7.027291 8.5082039999999992 44.361145
6995   6.4639790000000001 8.7085050000000006 44.319496000000001
6996   5.9207380000000001 8.8313830000000006 44.573593000000002
6997   5.6524700000000001 -4.3650900000000004 43.937598999999999
6998   6.1638900000000003 -4.4845899999999999 43.975498000000002
6999   6.4400399999999998 -4.36707 44.253399000000002
7000   5.4802099999999996 -4.2187599999999996 44.098598000000003
7001   5.3565800000000001 -4.2808099999999998 44.237400000000001
7002   5.3923500000000004 -4.1612200000000001 44.185799000000003
7003   5.5932399999999998 -4.2312099999999999 43.932098000000003
7004   5.5171099999999997 -4.3207700000000004 44.133400000000002
7005   5.5531290000000002 -4.068956 44.104298
7006   5.9509080000000001 -3.948995 43.860988999999996
7007   7.5793619999999997 -3.9458139999999999 44.280192999999997
7008   8.1463479999999997 -3.7689240000000002 43.985126000000001
7009   6.211754 -3.722324 43.921452000000002
7010   10.562505 -2.0456099999999999 44.466701999999998
7011   10.936024 -1.5305120000000001 44.012732999999997
7012   11.415988 0.0066759999999999996 44.578620999999998
7013   11.376791000000001 2.9538850000000001 44.384551999999999
7014   3.4598070000000001 3.8619520000000001 44.049205999999998
7015   3.6387960000000001 3.806076 43.827784999999999
7016   3.3077869999999998 4.5544799999999999 43.947730999999997
7017   3.1648149999999999 5.0905269999999998 44.254345000000001
7018   2.728297 5.6394960000000003 45.048991999999998
7019   2.2146620000000001 5.7474730000000003 44.551291999999997
7020   1.89354 6.1103769999999997 44.117404999999998
7021   1.926865 5.9279529999999996 44.245632000000001
7022   1.9048830000000001 6.319293 43.756138
7023   1.993706 6.5931220000000001 44.168739000000002
7024   2.7666409999999999 8.0101779999999998 45.102558000000002
7025   3.2303090000000001 8.2354190000000003 44.482444999999998
7026   3.5861999999999998 8.4069830000000003 44.878613000000001
7027   5.078532 8.8705289999999994 45.031910000000003
7028   5.4572799999999999 8.8669480000000007 44.473197999999996
7029   5.8009899999999996 -4.4508200000000002 44.508899999999997
7030   5.5468299999999999 -4.3592199999999997 44.410598999999998
7031   5.1295419999999998 -4.1408019999999999 44.601211999999997
7032   5.2439900000000002 -4.1646700000000001 44.348700999999998
7033   5.2370599999999996 -4.2567599999999999 44.499298000000003
7034   5.1628749999999997 -4.1434340000000001 44.895980999999999
7035   6.9325099999999997 -4.0450999999999997 44.759360999999998
7036   5.105372 -4.052454 44.564349999999997
7037   5.339664 -4.0051949999999996 44.380313999999998
7038   5.6563049999999997 -3.8488980000000002 44.300995
7039   8.5777000000000001 -3.5399600000000002 44.259079
7040   9.5759740000000004 -2.950345 44.368274999999997
7041   10.904306999999999 -1.454888 44.818568999999997
7042   11.208594 -0.69079800000000002 44.682056000000003
7043   11.542524999999999 1.6849639999999999 44.885264999999997
7044   11.361635 2.705476 45.392150999999998
7045   11.196223 3.4250229999999999 45.301945000000003
7046   3.414447 3.9857130000000001 44.218018000000001
7047   3.6462189999999999 3.931505 44.31691
7048   3.8384170000000002 3.8260679999999998 44.144688000000002
7049   3.5029460000000001 4.1151590000000002 44.391677999999999
7050   3.392922 4.5079390000000004 44.338431999999997
7051   3.3188719999999998 4.6764039999999998 44.115504999999999
7052   3.364401 4.7759510000000001 44.518822
7053   1.947767 6.366409 44.868557000000003
7054   9.0293109999999999 7.3416990000000002 44.190238999999998
7055   2.238893 7.3860130000000002 45.015934000000001
7056   2.4651830000000001 7.6600130000000002 44.704532999999998
7057   3.2099769999999999 8.3206690000000005 45.475403
7058   7.559958 8.343356 44.764763000000002
7059   6.3027850000000001 8.8415130000000008 45.174304999999997
7060   6.1272599999999997 -4.1899559999999996 45.030048000000001
7061   5.4851900000000002 -4.2630299999999997 44.778702000000003
7062   7.615939 -3.6975039999999999 45.256065
7063   8.1689310000000006 -3.6486670000000001 44.679603999999998
7064   8.8724679999999996 -3.3509009999999999 44.533653000000001
7065   9.1440809999999999 -3.0293969999999999 45.182437999999998
7066   9.7670030000000008 -2.6630340000000001 44.974978999999998
7067   10.142504000000001 -2.2392759999999998 45.136944
7068   10.448670999999999 -1.8187009999999999 45.440632000000001
7069   10.754263 -1.3032349999999999 45.625210000000003
7070   11.084356 -0.87398699999999996 45.255687999999999
7071   3.4927959999999998 4.293812 44.464264
7072   10.43614 5.5279119999999997 45.120505999999999
7073   3.3547850000000001 5.0335720000000004 45.387844000000001
7074   3.020159 5.5935709999999998 45.874851
7075   2.0412129999999999 6.0749259999999996 45.943829000000001
7076   1.9398200000000001 6.1593400000000003 45.347599000000002
7077   1.9939 6.6704699999999999 45.5854
7078   9.3540139999999994 6.9993689999999997 44.748095999999997
7079   8.7102719999999998 7.6311900000000001 45.034359000000002
7080   7.9931479999999997 8.1891680000000004 45.768428999999998
7081   6.708844 8.7646270000000008 45.168391999999997
7082   4.7394499999999997 -3.694944 45.474777000000003
7083   4.5884219999999996 -3.7991419999999998 45.479824000000001
7084   4.4613149999999999 -3.7277170000000002 45.692711000000003
7085   4.72044 -3.844846 45.288970999999997
7086   4.8969709999999997 -3.8220299999999998 45.155777
7087   8.3731559999999998 -3.3928739999999999 45.292346999999999
7088   8.6416299999999993 -3.4132720000000001 44.812491999999999
7089   11.186771999999999 -0.206563 45.821209000000003
7090   11.332735 0.73633400000000004 45.976402
7091   11.030875999999999 3.4606170000000001 46.652802000000001
7092   10.985168 4.2199429999999998 45.934795000000001
7093   2.1374559999999998 5.9330429999999996 45.501049000000002
7094   2.0847199999999999 7.0997599999999998 45.970100000000002
7095   3.7033369999999999 8.561458 46.367221999999998
7096   7.2540979999999999 8.6146089999999997 45.731960000000001
7097   6.5597079999999997 8.820881 46.164676999999998
7098   4.9785560000000002 9.0005670000000002 46.338898
7099   4.4793320000000003 8.8032570000000003 45.723559999999999
7100   5.5310959999999998 8.9534190000000002 45.46228
7101   5.9936749999999996 8.9592600000000004 45.706195999999998
7102   5.4291980000000004 -3.9901819999999999 45.791809000000001
7103   6.7866010000000001 -3.8206660000000001 45.539715000000001
7104   4.2898630000000004 -3.6771090000000002 45.932873000000001
7105   4.4498410000000002 -3.6030829999999998 45.867598999999998
7106   4.1975790000000002 -3.5682309999999999 46.197963999999999
7107   7.9813400000000003 -3.3134760000000001 45.916245000000004
7108   8.5891479999999998 -3.108171 45.793540999999998
7109   8.9695049999999998 -2.7802030000000002 46.124504000000002
7110   9.404204 -2.5319410000000002 46.029896000000001
7111   9.8146520000000006 -2.3436270000000001 45.732036999999998
7112   10.240074 -1.961446 45.785499999999999
7113   10.440775 -1.518168 46.184837000000002
7114   10.937412999999999 -0.52609099999999998 46.348495
7115   10.674514 5.0157069999999999 46.137332999999998
7116   2.767728 5.9031750000000001 46.731105999999997
7117   2.387121 6.1081130000000003 46.758549000000002
7118   1.90072 6.8105099999999998 46.858601
7119   9.2203499999999998 7.1491160000000002 46.246474999999997
7120   2.346508 7.5620010000000004 46.221699000000001
7121   8.5883339999999997 7.7710129999999999 46.203223999999999
7122   2.950199 8.1661359999999998 46.633544999999998
7123   5.2260850000000003 9.0073840000000001 45.787833999999997
7124   4.9701459999999997 -4.026078 45.779518000000003
7125   5.1094900000000001 -3.8030750000000002 46.898743000000003
7126   4.0840550000000002 -3.7582559999999998 46.324966000000003
7127   4.0441419999999999 -3.79894 46.780101999999999
7128   3.9695490000000002 -3.6936149999999999 46.487892000000002
7129   4.0457770000000002 -3.658893 46.310585000000003
7130   4.2137500000000001 -3.852582 46.420048000000001
7131   4.2914649999999996 -3.8853930000000001 46.720993
7132   4.4858650000000004 -3.923549 46.369591
7133   3.895216 -3.5717759999999998 46.580494000000002
7134   8.4250139999999991 -2.983673 46.404792999999998
7135   8.8829519999999995 -2.6192890000000002 46.682011000000003
7136   9.3226119999999995 -2.4042829999999999 46.612633000000002
7137   9.7343089999999997 -2.1367150000000001 46.449962999999997
7138   10.115646999999999 -1.816422 46.332332999999998
7139   10.607305 -0.84776600000000002 46.893462999999997
7140   11.272733000000001 2.5073259999999999 46.648375999999999
7141   2.0105599999999999 6.1840729999999997 46.612904
7142   1.9095899999999999 6.3623500000000002 46.210200999999998
7143   1.8542000000000001 6.5526299999999997 46.608699999999999
7144   8.7391249999999996 7.6699020000000004 47.014515000000003
7145   2.6253950000000001 7.8879070000000002 46.452095
7146   8.2168799999999997 8.0462550000000004 46.864037000000003
7147   7.3618600000000001 8.4693799999999992 47.284697999999999
7148   4.2395990000000001 8.7954109999999996 46.958897
7149   5.3753970000000004 9.0618999999999996 46.379395000000002
7150   5.6995769999999997 9.0460519999999995 46.291840000000001
7151   3.8982459999999999 -3.6859160000000002 46.698523999999999
7152   4.5923080000000001 -3.8643730000000001 47.201912
7153   3.724758 -3.6711040000000001 47.015555999999997
7154   8.4660659999999996 -2.683799 47.022930000000002
7155   9.1037510000000008 -2.2894209999999999 47.190468000000003
7156   9.6422170000000005 -1.9580040000000001 47.078133000000001
7157   9.9731679999999994 -1.7344470000000001 46.819721000000001
7158   9.9423630000000003 -1.5523070000000001 47.240577999999999
7159   10.205244 -1.354287 46.990513
7160   10.352385 -0.81175200000000003 47.685904999999998
7161   10.804949000000001 -0.10241400000000001 47.443966000000003
7162   11.092927 0.14777299999999999 46.865257
7163   11.031509 0.88402099999999995 47.919719999999998
7164   11.261044999999999 1.6564589999999999 46.979968999999997
7165   10.728778999999999 4.5329350000000002 47.540657000000003
7166   2.9387110000000001 5.8451190000000004 47.443432000000001
7167   1.8533999999999999 6.2596699999999998 47.284801000000002
7168   1.7888900000000001 6.3942399999999999 47.178398000000001
7169   1.79687 6.5897899999999998 47.349499000000002
7170   9.1200010000000002 7.1443570000000003 47.841571999999999
7171   4.6270559999999996 8.9019630000000003 46.869343000000001
7172   5.2810589999999999 8.9897659999999995 47.115012999999998
7173   5.7445209999999998 8.9764540000000004 47.165492999999998
7174   6.0589380000000004 8.9550140000000003 46.558601000000003
7175   5.9899630000000004 -3.6508799999999999 46.777554000000002
7176   4.2046729999999997 -3.8018719999999999 47.557048999999999
7177   3.369005 -3.5352049999999999 47.218525
7178   3.5456110000000001 -3.6687669999999999 47.547829
7179   3.161419 -3.4938539999999998 47.392040000000001
7180   3.874946 -3.7125650000000001 47.441113000000001
7181   3.0545979999999999 -3.330692 47.431541000000003
7182   2.9399549999999999 -3.3871180000000001 47.512737000000001
7183   2.90082 -3.273542 47.524174000000002
7184   3.2464230000000001 -3.316792 47.305576000000002
7185   9.061674 -2.1271309999999999 47.720886
7186   8.7261959999999998 -2.4076110000000002 47.563892000000003
7187   9.4254119999999997 -1.9117200000000001 47.606194000000002
7188   9.7434650000000005 -1.6240699999999999 47.549563999999997
7189   9.9774360000000009 -1.2127889999999999 47.777068999999997
7190   11.10075 3.0940460000000001 47.686351999999999
7191   10.909262999999999 3.754114 47.856968000000002
7192   3.2779639999999999 5.3276519999999996 47.470585
7193   3.2722009999999999 5.3310469999999999 47.905842
7194   3.2389610000000002 5.4258069999999998 47.138728999999998
7195   2.671217 6.0640169999999998 47.874656999999999
7196   2.4668610000000002 6.147805 48.233970999999997
7197   1.8348359999999999 6.7682279999999997 48.178082000000003
7198   2.0642900000000002 7.2012200000000002 47.669102000000002
7199   8.3184979999999999 7.835032 48.025063000000003
7200   2.4687480000000002 7.768281 47.755595999999997
7201   3.1109689999999999 8.1913809999999998 48.614265000000003
7202   3.9040210000000002 8.6833399999999994 47.985515999999997
7203   4.9330660000000002 8.9318390000000001 47.44088
7204   5.4092419999999999 8.925751 48.171387000000003
7205   6.4040299999999997 8.8566839999999996 47.308205000000001
7206   4.6766899999999998 -3.7714530000000002 47.597667999999999
7207   4.5100759999999998 -3.7052969999999998 47.873759999999997
7208   5.7355809999999998 -3.5257779999999999 47.634132000000001
7209   2.176933 -3.303191 47.935901999999999
7210   2.2212130000000001 -3.2759809999999998 47.873367000000002
7211   2.2181799999999998 -3.3557549999999998 47.937430999999997
7212   2.3723770000000002 -3.4730479999999999 47.948193000000003
7213   2.2900170000000002 -3.3540890000000001 47.848483999999999
7214   2.4007939999999999 -3.3811230000000001 47.776093000000003
7215   2.5823860000000001 -3.4658549999999999 47.724227999999997
7216   2.9004129999999999 -3.5068540000000001 47.687904000000003
7217   3.1021909999999999 -3.588829 47.980541000000002
7218   3.5150359999999998 -3.6657320000000002 47.936920000000001
7219   3.8364929999999999 -3.7013600000000002 47.864651000000002
7220   6.4170290000000003 -3.3744209999999999 47.656483000000001
7221   2.146515 -3.250286 47.960915
7222   2.354104 -3.2476509999999998 47.768616000000002
7223   2.5409999999999999 -3.2941220000000002 47.672168999999997
7224   2.7491810000000001 -3.3495029999999999 47.599232000000001
7225   2.0674769999999998 -3.1584020000000002 48.112746999999999
7226   2.2360530000000001 -3.1454740000000001 47.893878999999998
7227   8.1377539999999993 -2.75176 47.663848999999999
7228   9.5693450000000002 -1.5157780000000001 48.028087999999997
7229   10.123191 -0.85599199999999998 48.167309000000003
7230   10.279467 -0.489867 48.422939
7231   10.548099000000001 -0.40489700000000001 47.875320000000002
7232   11.136452 1.7211320000000001 48.092072000000002
7233   11.20744 2.3579340000000002 47.813338999999999
7234   3.212145 5.7022180000000002 48.308799999999998
7235   1.822894 6.3354559999999998 47.932419000000003
7236   2.0243289999999998 6.2067610000000002 48.259006999999997
7237   1.779191 6.4745929999999996 48.291663999999997
7238   2.4924580000000001 7.8241680000000002 48.847672000000003
7239   7.0297080000000003 8.5184540000000002 48.547710000000002
7240   6.7042590000000004 8.7117240000000002 48.055660000000003
7241   4.4706200000000003 8.8747290000000003 47.782176999999997
7242   6.1037220000000003 8.8614909999999991 48.100951999999999
7243   4.2677199999999997 -3.6003440000000002 48.219710999999997
7244   5.0666010000000004 -3.5715919999999999 47.998379
7245   2.161095 -3.3193380000000001 47.98912
7246   2.1949489999999998 -3.3785539999999998 48.056880999999997
7247   2.2910970000000002 -3.4580449999999998 48.186439999999997
7248   2.9225880000000002 -3.4946799999999998 48.474238999999997
7249   3.593426 -3.597118 48.276885999999998
7250   6.1161029999999998 -3.11965 48.685223000000001
7251   2.1263879999999999 -3.292567 48.067290999999997
7252   2.1309360000000002 -3.339038 48.233234000000003
7253   2.3966759999999998 -3.3014939999999999 48.720824999999998
7254   4.9272400000000003 -3.3326500000000001 48.786597999999998
7255   3.978364 -3.2989869999999999 49.078361999999998
7256   7.1301649999999999 -3.1966329999999998 47.586655
7257   6.8431480000000002 -3.118614 48.141598000000002
7258   7.2135559999999996 -3.0179999999999998 48.098239999999997
7259   1.9653609999999999 -3.0822579999999999 48.485874000000003
7260   1.95505 -2.9756680000000002 48.419434000000003
7261   2.0180280000000002 -3.022618 48.268627000000002
7262   2.07965 -3.223293 48.504168999999997
7263   7.2742579999999997 -2.776103 48.685242000000002
7264   7.5757979999999998 -2.9098449999999998 47.991055000000003
7265   7.6573070000000003 -3.0263559999999998 47.459243999999998
7266   2.0282460000000002 -2.9148070000000001 48.340896999999998
7267   1.9593149999999999 -2.9054950000000002 48.458454000000003
7268   2.1423749999999999 -2.9468749999999999 48.178547000000002
7269   1.997879 -2.814254 48.486679000000002
7270   2.1010589999999998 -2.7594289999999999 48.421821999999999
7271   2.106735 -2.832452 48.335845999999997
7272   8.0405750000000005 -2.5048910000000002 48.458728999999998
7273   8.7589699999999997 -2.144091 48.220547000000003
7274   9.2750789999999999 -1.61686 48.426532999999999
7275   9.2264049999999997 -1.859618 48.005034999999999
7276   9.758877 -0.95282999999999995 48.811931999999999
7277   10.581595999999999 0.114013 48.571041000000001
7278   11.060263000000001 1.7375430000000001 48.579731000000002
7279   11.036852 2.275147 48.894191999999997
7280   11.092676000000001 2.9029210000000001 48.465153000000001
7281   10.960331 3.5572620000000001 48.640320000000003
7282   2.7541370000000001 6.0673339999999998 49.105175000000003
7283   1.8306229999999999 6.3079869999999998 48.691547
7284   1.806691 6.9381709999999996 49.504902000000001
7285   2.1071900000000001 7.4592000000000001 49.152400999999998
7286   8.7502340000000007 7.4102240000000004 48.760185
7287   4.8205730000000004 8.9307160000000003 48.337902
7288   3.0987110000000002 -3.206887 49.230365999999997
7289   1.883043 -2.9260480000000002 48.635460000000002
7290   2.0181819999999999 -3.0517989999999999 49.001465000000003
7291   1.855801 -2.7232910000000001 48.703944999999997
7292   1.771854 -2.8667739999999999 48.998809999999999
7293   1.739171 -2.6623869999999998 48.946872999999997
7294   2.0297010000000002 -2.670201 48.562820000000002
7295   1.8387720000000001 -2.6080950000000001 48.806125999999999
7296   1.8255189999999999 -2.515501 48.925274000000002
7297   2.019835 -2.5100090000000002 48.731392
7298   2.0440450000000001 -2.3223500000000001 48.914959000000003
7299   7.9586259999999998 -2.2137250000000002 49.300300999999997
7300   8.4703719999999993 -2.092438 48.871223000000001
7301   10.166759000000001 -0.083685999999999997 49.278056999999997
7302   10.529733 0.89833799999999997 49.561622999999997
7303   10.945499 1.512561 48.917271
7304   5.0086959999999996 1.708029 48.585453000000001
7305   4.9433420000000003 1.4326479999999999 48.706409000000001
7306   4.9302270000000004 1.796878 48.897464999999997
7307   5.0545679999999997 1.9893730000000001 48.392578
7308   5.0151320000000004 2.2440989999999998 48.778275000000001
7309   4.9375850000000003 2.0588289999999998 49.197254000000001
7310   4.9841179999999996 2.528314 48.327221000000002
7311   10.766347 4.1508799999999999 48.631152999999998
7312   10.501979 4.8398890000000003 48.827534
7313   1.9878169999999999 6.186547 49.204391000000001
7314   2.4585710000000001 7.701657 49.910336000000001
7315   7.5886180000000003 8.1523800000000008 48.851215000000003
7316   5.8975200000000001 8.8323800000000006 48.815899000000002
7317   6.4468079999999999 8.6796039999999994 48.812804999999997
7318   4.3165760000000004 8.8158189999999994 49.084086999999997
7319   4.7753800000000002 -3.0846100000000001 49.414101000000002
7320   2.3461959999999999 -3.0395629999999998 49.400416999999997
7321   5.4173710000000002 -2.9570110000000001 49.400711000000001
7322   2.0532940000000002 -3.0028049999999999 49.316879
7323   1.5433030000000001 -2.5405980000000001 49.627955999999998
7324   1.599655 -2.5772179999999998 49.387023999999997
7325   1.619821 -2.6672729999999998 49.486145
7326   1.727584 -2.792011 49.359341000000001
7327   1.671502 -2.698623 49.211967000000001
7328   1.830762 -2.8969309999999999 49.269615000000002
7329   1.548929 -2.415276 49.486342999999998
7330   1.6668529999999999 -2.5340500000000001 49.163246000000001
7331   7.0012230000000004 -2.305698 49.938991999999999
7332   1.6550389999999999 -2.362797 49.272823000000002
7333   1.820092 -2.3630499999999999 49.065327000000003
7334   1.7077070000000001 -2.1077210000000002 49.633617000000001
7335   1.8647069999999999 -2.1443340000000002 49.255451000000001
7336   2.2952379999999999 -1.971697 49.065109
7337   2.1893509999999998 -1.727055 49.527714000000003
7338   8.5165679999999995 -1.834994 49.310462999999999
7339   2.2684099999999998 -1.810829 49.271628999999997
7340   8.9968529999999998 -1.614706 48.990192
7341   2.8526090000000002 -1.4076820000000001 49.266013999999998
7342   2.634614 -1.8013440000000001 49.004798999999998
7343   2.6451600000000002 -1.280014 49.780665999999997
7344   3.5497809999999999 -1.0839970000000001 49.048386000000001
7345   3.26972 -1.4441520000000001 48.952235999999999
7346   3.8019259999999999 -1.1229739999999999 48.853493
7347   3.8894479999999998 -0.88204300000000002 48.944035
7348   3.517836 -0.52918600000000005 49.700690999999999
7349   3.5961189999999998 -0.75731999999999999 49.318114999999999
7350   3.8653949999999999 -0.72421899999999995 49.100715999999998
7351   9.881748 -0.45480799999999999 49.401359999999997
7352   3.921916 -0.027262999999999999 49.696151999999998
7353   3.9293200000000001 -0.41929 49.296120000000002
7354   4.1228490000000004 -0.56474400000000002 48.953445000000002
7355   4.3545449999999999 0.023344 49.073512999999998
7356   4.3647489999999998 0.65990400000000005 49.515586999999996
7357   4.5772269999999997 0.480661 49.015152
7358   4.566357 1.229868 49.518101000000001
7359   4.6274579999999998 1.0465949999999999 49.258904000000001
7360   4.7827000000000002 0.90792300000000004 48.861075999999997
7361   4.7705799999999998 1.3568 49.128386999999996
7362   4.7267570000000001 1.6402639999999999 49.511253000000004
7363   4.8473560000000004 2.0049030000000001 49.555962000000001
7364   10.945278 3.21265 49.270206000000002
7365   10.806609 2.858984 49.857773000000002
7366   10.558674999999999 4.1975559999999996 49.794925999999997
7367   3.2331840000000001 5.7623090000000001 49.766399
7368   1.862846 6.2018279999999999 49.378093999999997
7369   1.739276 6.3272370000000002 49.352440000000001
7370   2.4898570000000002 6.1557829999999996 49.694958
7371   1.7112769999999999 6.5941010000000002 49.438164
7372   9.0424729999999993 6.7350849999999998 49.585163000000001
7373   8.2928169999999994 7.5771920000000001 49.529071999999999
7374   7.5548549999999999 7.9918570000000004 50.092747000000003
7375   6.867 8.3991100000000003 49.584099000000002
7376   3.7151770000000002 8.5240950000000009 49.080314999999999
7377   3.435657 8.3315490000000008 49.582732999999998
7378   5.9932299999999996 8.6857399999999991 49.659301999999997
7379   5.0070360000000003 8.8621259999999999 49.121513
7380   5.51492 8.8576999999999995 49.154499000000001
7381   3.8740929999999998 -2.837977 50.188460999999997
7382   4.4889999999999999 -2.9557099999999998 49.839100000000002
7383   1.8657600000000001 -2.8585389999999999 49.563290000000002
7384   2.9360309999999998 -2.7618860000000001 50.114581999999999
7385   5.0618600000000002 -2.841745 49.930672000000001
7386   1.5910409999999999 -2.6078769999999998 49.735481
7387   1.6679889999999999 -2.7152259999999999 49.637279999999997
7388   2.2427039999999998 -2.6660170000000001 50.150233999999998
7389   5.5879440000000002 -2.7065709999999998 49.939487
7390   6.0357250000000002 -2.7176480000000001 49.659694999999999
7391   1.7054469999999999 -2.5137420000000001 50.084361999999999
7392   1.53098 -2.5181629999999999 49.874232999999997
7393   1.4725630000000001 -2.3937439999999999 49.854683000000001
7394   1.516926 -2.2877580000000002 49.733418
7395   1.456413 -2.1969750000000001 50.047756
7396   7.9115419999999999 -1.9656769999999999 49.917118000000002
7397   8.3485490000000002 -1.7553829999999999 49.727229999999999
7398   2.1691799999999999 -1.5137769999999999 50.20908
7399   8.2157999999999998 -1.688563 50.061886000000001
7400   8.7916519999999991 -1.4456070000000001 49.614876000000002
7401   9.2686530000000005 -1.0967499999999999 49.521011000000001
7402   8.9849209999999999 -1.0993889999999999 49.955939999999998
7403   9.2915519999999994 -0.80005800000000005 49.959206000000002
7404   9.6346349999999994 -0.63471 49.629581000000002
7405   3.5685739999999999 -0.239508 50.088673
7406   9.8424130000000005 -0.16514100000000001 49.821697
7407   10.017533999999999 0.38479400000000002 50.156719000000002
7408   9.7070139999999991 0.029510000000000002 50.337246
7409   4.3093199999999996 1.290443 50.127243
7410   10.661682000000001 1.962917 50.013451000000003
7411   4.6945100000000002 1.962872 50.019008999999997
7412   10.643556999999999 3.4793790000000002 50.405987000000003
7413   10.795541 3.4444859999999999 49.850178
7414   3.480696 5.5067659999999998 49.172848000000002
7415   3.5271400000000002 5.3406019999999996 49.760829999999999
7416   2.7730030000000001 6.0292659999999998 49.953403000000002
7417   1.6852739999999999 6.1651590000000001 50.056393
7418   1.6233839999999999 6.3113780000000004 50.178649999999998
7419   1.824319 6.105162 49.944091999999998
7420   1.993933 6.111307 49.796841000000001
7421   2.2172860000000001 6.094773 49.905017999999998
7422   1.9973799999999999 7.1591899999999997 50.444901000000002
7423   8.4778900000000004 7.0990760000000002 50.487372999999998
7424   2.940896 7.9878109999999998 50.255184
7425   3.18289 8.2132550000000002 49.715434999999999
7426   6.9959110000000004 8.2378859999999996 50.394492999999997
7427   3.3848669999999998 8.1787609999999997 50.381701999999997
7428   3.8756249999999999 8.4521309999999996 50.101685000000003
7429   4.455387 8.3177420000000009 51.007893000000003
7430   4.3166950000000002 8.6427829999999997 50.051566999999999
7431   6.3133109999999997 8.3923210000000008 50.716388999999999
7432   4.7195859999999996 8.7391649999999998 50.013064999999997
7433   5.3018910000000004 8.7894120000000004 49.900761000000003
7434   4.7170889999999996 -2.6780080000000002 50.524661999999999
7435   1.487104 -2.4394689999999999 50.081440000000001
7436   6.0439699999999998 -2.492785 50.313904000000001
7437   1.3891500000000001 -2.3091910000000002 50.190159000000001
7438   2.6909329999999998 -2.3706339999999999 50.926453000000002
7439   1.30663 -2.203255 50.500908000000003
7440   1.3455220000000001 -2.208402 50.284855
7441   1.374031 -2.0994329999999999 50.434486
7442   1.658946 -1.9089400000000001 50.342728000000001
7443   7.9516270000000002 -1.693538 50.442959000000002
7444   8.5530930000000005 -1.362015 50.134754000000001
7445   2.6308220000000002 -0.95407600000000004 50.628185000000002
7446   8.4108440000000009 -1.288073 50.511059000000003
7447   8.9243410000000001 -0.82401199999999997 50.480784999999997
7448   9.5418149999999997 -0.376189 50.138046000000003
7449   9.4410699999999999 -0.17328099999999999 50.576172
7450   3.6703459999999999 0.264214 50.537525000000002
7451   10.406378 1.4166099999999999 50.344932999999997
7452   4.3138480000000001 1.927057 50.680790000000002
7453   10.577674 2.8069039999999998 50.654235999999997
7454   10.155386999999999 5.2682019999999996 49.543433999999998
7455   10.034463000000001 5.226712 50.512076999999998
7456   3.553423 5.2972080000000004 50.280548000000003
7457   3.4038010000000001 5.4620660000000001 50.680205999999998
7458   3.1229170000000002 5.7729790000000003 50.345871000000002
7459   1.691479 5.970148 50.498325000000001
7460   1.5989930000000001 6.0978349999999999 50.448624000000002
7461   1.841129 5.946542 50.433945000000001
7462   2.1125639999999999 6.0538930000000004 50.099128999999998
7463   2.0143 5.9924989999999996 50.28754
7464   2.508518 6.029128 50.235686999999999
7465   2.7886359999999999 5.865265 50.652107000000001
7466   1.542991 6.1468489999999996 50.748669
7467   1.69082 6.6937100000000003 50.166302000000002
7468   7.9732450000000004 7.4904570000000001 50.761955
7469   7.2247139999999996 7.8517340000000004 51.429684000000002
7470   2.62174 7.673667 50.850360999999999
7471   5.0889939999999996 8.5318290000000001 50.873924000000002
7472   5.6290120000000003 8.5916379999999997 50.552593000000002
7473   4.2186919999999999 -2.6281279999999998 50.737262999999999
7474   3.8127719999999998 -2.4619330000000001 51.011302999999998
7475   5.4047590000000003 -2.628228 50.396262999999998
7476   1.4373050000000001 -2.331963 50.382271000000003
7477   1.9958290000000001 -2.3302670000000001 50.688583000000001
7478   3.2227009999999998 -2.4336880000000001 50.879227
7479   1.2473209999999999 -2.068368 50.942059
7480   1.238051 -2.076371 50.870728
7481   1.2721709999999999 -2.1171540000000002 50.861015000000002
7482   1.3110139999999999 -2.2033670000000001 50.703772999999998
7483   1.248737 -2.1312440000000001 50.748936
7484   1.529147 -2.2539470000000001 50.666279000000003
7485   6.4608540000000003 -2.2600069999999999 50.647514000000001
7486   1.2622119999999999 -2.0109949999999999 50.882381000000002
7487   1.2397039999999999 -2.0780020000000001 50.805289999999999
7488   1.260162 -2.08331 50.700985000000003
7489   1.348382 -1.937711 50.770802000000003
7490   1.5906439999999999 -1.7307129999999999 50.799205999999998
7491   2.0276489999999998 -1.3519350000000001 50.759143999999999
7492   7.8452599999999997 -1.5198640000000001 50.903449999999999
7493   8.2896850000000004 -1.1839139999999999 50.877158999999999
7494   3.2584240000000002 -0.32499099999999997 50.610664
7495   9.0515589999999992 -0.40364699999999998 50.902003999999998
7496   9.4589809999999996 0.22012200000000001 51.020130000000002
7497   3.848786 1.325914 51.016697000000001
7498   10.046556000000001 1.0810740000000001 50.896053000000002
7499   10.333361999999999 1.719058 50.823005999999999
7500   3.9690590000000001 2.02006 51.209319999999998
7501   10.409418000000001 2.2541169999999999 50.948825999999997
7502   10.442024999999999 4.0437890000000003 50.877251000000001
7503   3.7201599999999999 5.1840020000000004 50.791446999999998
7504   3.164094 5.6492449999999996 50.832031000000001
7505   1.668917 5.8318719999999997 50.861694
7506   1.5901099999999999 5.8402880000000001 51.048523000000003
7507   1.7718149999999999 5.8275740000000003 50.769362999999998
7508   1.952224 5.8319539999999996 50.708370000000002
7509   2.155688 5.8691769999999996 50.654899999999998
7510   2.239862 5.9895829999999997 50.352684000000004
7511   2.4046780000000001 5.8045580000000001 50.796405999999998
7512   1.5894010000000001 6.2155230000000001 51.182963999999998
7513   1.62903 6.53139 50.439999
7514   1.733371 6.6195630000000003 51.043326999999998
7515   8.7582609999999992 6.6190379999999998 51.184356999999999
7516   9.2981169999999995 6.2474449999999999 50.698669000000002
7517   2.308516 7.2679410000000004 51.407845000000002
7518   3.220599 7.9383809999999997 51.138451000000003
7519   5.2764369999999996 -2.5002309999999999 50.798938999999997
7520   4.4473479999999999 -2.4394010000000002 51.145592000000001
7521   4.9798359999999997 -2.456785 51.030456999999998
7522   5.7504410000000004 -2.4209329999999998 50.757648000000003
7523   6.1004230000000002 -2.35893 50.702454000000003
7524   1.375356 -2.1305730000000001 50.901198999999998
7525   1.2899210000000001 -2.076317 50.969009
7526   1.6060730000000001 -2.0838359999999998 51.075397000000002
7527   6.8842639999999999 -2.060162 50.772213000000001
7528   1.2421180000000001 -2.0335070000000002 50.953406999999999
7529   1.2682370000000001 -2.019755 51.028587000000002
7530   2.270664 -2.1059399999999999 51.208748
7531   3.0570979999999999 -2.1199059999999998 51.383560000000003
7532   7.4001450000000002 -1.8051950000000001 50.821640000000002
7533   1.2634449999999999 -1.9744349999999999 51.018355999999997
7534   1.3278000000000001 -1.874857 51.024039999999999
7535   1.433791 -1.736326 51.026108000000001
7536   1.4511000000000001 -1.667462 51.222996000000002
7537   1.7310410000000001 -1.4002220000000001 51.166381999999999
7538   1.6163860000000001 -1.4773210000000001 51.344517000000003
7539   1.7703580000000001 -1.306686 51.510734999999997
7540   1.960404 -1.0339739999999999 51.447296000000001
7541   2.208075 -0.89533700000000005 51.211196999999999
7542   8.6887760000000007 -0.78425500000000004 50.925255
7543   2.4372199999999999 -0.59127099999999999 51.485981000000002
7544   2.9509829999999999 -0.27577499999999999 51.196869
7545   2.910711 -0.10359699999999999 51.539211000000002
7546   3.2614100000000001 0.043064999999999999 51.141350000000003
7547   3.0534249999999998 0.11841599999999999 51.607726999999997
7548   3.3546490000000002 0.55525500000000005 51.482802999999997
7549   3.5953369999999998 1.6125579999999999 51.738639999999997
7550   3.7538580000000001 2.3328060000000002 51.607658000000001
7551   10.252043 2.7771659999999998 51.351421000000002
7552   10.372268 3.5402779999999998 51.240783999999998
7553   10.196972000000001 4.6864660000000002 51.081485999999998
7554   9.7543530000000001 5.3604139999999996 51.612358
7555   3.631532 4.8704970000000003 51.357815000000002
7556   3.3092820000000001 5.3020350000000001 51.331966000000001
7557   9.6275680000000001 5.784586 50.925159000000001
7558   1.71536 5.5469410000000003 51.247387000000003
7559   1.758761 5.3892740000000003 51.401474
7560   1.607807 5.3816940000000004 51.501339000000002
7561   1.5906149999999999 5.5891359999999999 51.395473000000003
7562   1.8721540000000001 5.5150589999999999 51.237423
7563   2.0777230000000002 5.6499360000000003 51.036574999999999
7564   1.966917 5.2753670000000001 51.548977000000001
7565   3.0078140000000002 5.2631839999999999 51.660308999999998
7566   1.686388 5.7160469999999997 51.061508000000003
7567   1.843062 5.683751 51.009082999999997
7568   2.2825510000000002 5.4897939999999998 51.297812999999998
7569   2.583377 5.4517189999999998 51.391598000000002
7570   1.9407000000000001 6.8312099999999996 51.685001
7571   8.3006189999999993 7.0970409999999999 51.301025000000003
7572   7.8990669999999996 7.3567159999999996 51.723376999999999
7573   2.8946960000000002 7.7592730000000003 51.136353
7574   3.7839619999999998 8.0094600000000007 51.450062000000003
7575   5.5612630000000003 8.3216809999999999 51.607787999999999
7576   4.9382469999999996 -2.322584 51.376731999999997
7577   5.5347150000000003 -2.276818 51.246929000000002
7578   6.1418850000000003 -2.2111239999999999 51.023155000000003
7579   3.9443079999999999 -2.104965 51.573180999999998
7580   4.5925960000000003 -2.1997059999999999 51.588000999999998
7581   5.2134749999999999 -2.0652849999999998 51.754162000000001
7582   6.0970339999999998 -2.0614650000000001 51.404327000000002
7583   1.35433 -2.029061 51.086727000000003
7584   6.4528299999999996 -1.9899420000000001 51.311771
7585   6.5821440000000004 -2.0689540000000002 51.023895000000003
7586   1.350034 -1.8878950000000001 51.165489000000001
7587   1.487636 -1.8939980000000001 51.305061000000002
7588   1.888317 -1.841461 51.431862000000002
7589   5.8661289999999999 -2.011072 51.639792999999997
7590   6.9486400000000001 -1.778626 51.278880999999998
7591   1.6543079999999999 -1.7523040000000001 51.468353
7592   2.4923989999999998 -1.7922640000000001 51.624237000000001
7593   4.563237 -1.897081 52.005161000000001
7594   5.0284639999999996 -1.870293 52.062908
7595   5.4067949999999998 -1.8033520000000001 52.103484999999999
7596   5.9305110000000001 -1.8072809999999999 51.945304999999998
7597   6.4458460000000004 -1.78346 51.715046000000001
7598   1.570049 -1.626406 51.441642999999999
7599   1.8112680000000001 -1.6155060000000001 51.602908999999997
7600   2.0992959999999998 -1.6063229999999999 51.666038999999998
7601   2.6911320000000001 -1.1661250000000001 52.109710999999997
7602   3.3733680000000001 -1.656318 51.880093000000002
7603   4.0278200000000002 -1.7794700000000001 51.980300999999997
7604   7.7358029999999998 -1.279258 51.358550999999999
7605   1.7955410000000001 -1.408955 51.675986999999999
7606   2.0466950000000002 -1.358074 51.793629000000003
7607   2.3632 -1.3340540000000001 51.875168000000002
7608   7.0879279999999998 -1.3992739999999999 51.826855000000002
7609   1.8958600000000001 -1.237069 51.712032000000001
7610   2.0581839999999998 -1.0218769999999999 51.696078999999997
7611   7.5834599999999996 -1.011682 51.905346000000002
7612   8.5630360000000003 -0.64769299999999996 51.275112
7613   8.0966360000000002 -0.65637800000000002 51.762374999999999
7614   2.3277040000000002 -0.683083 51.696902999999999
7615   2.4200889999999999 -0.581816 51.940337999999997
7616   8.7026970000000006 -0.092459 51.690403000000003
7617   2.7452359999999998 -0.12889400000000001 51.982360999999997
7618   9.3055260000000004 0.73268200000000006 51.797710000000002
7619   8.6468589999999992 0.22525800000000001 52.143509000000002
7620   8.9904899999999994 0.67264199999999996 52.180186999999997
7621   9.4102510000000006 1.3201270000000001 52.153694000000002
7622   9.7769480000000009 1.3567709999999999 51.625937999999998
7623   10.09304 1.615483 51.313377000000003
7624   9.9288670000000003 1.8784749999999999 51.747852000000002
7625   10.217439000000001 1.960969 51.280799999999999
7626   10.198840000000001 2.2826399999999998 51.481048999999999
7627   9.9404769999999996 2.4859740000000001 51.979472999999999
7628   9.930472 3.2085590000000002 51.870697
7629   9.9915559999999992 3.8900380000000001 51.945473
7630   10.254331000000001 4.2829819999999996 51.579143999999999
7631   9.9643619999999995 4.8611849999999999 51.891193000000001
7632   1.5122800000000001 5.390663 51.855288999999999
7633   1.5183120000000001 5.2290039999999998 51.756664000000001
7634   1.4296310000000001 5.0911400000000002 52.120255
7635   1.663484 5.2053409999999998 51.639149000000003
7636   1.5213179999999999 5.0803219999999998 51.884632000000003
7637   3.2731680000000001 4.9783059999999999 51.756512000000001
7638   1.5917589999999999 4.9081549999999998 52.004832999999998
7639   1.5534539999999999 5.7471420000000002 51.636555000000001
7640   9.2456270000000007 6.036702 51.744872999999998
7641   1.6863440000000001 6.1432529999999996 52.056080000000001
7642   8.309958 6.8709939999999996 52.262028000000001
7643   2.0921419999999999 6.9361930000000003 52.058070999999998
7644   2.2924199999999999 6.9915459999999996 52.427689000000001
7645   2.7167629999999998 7.515225 51.54298
7646   3.2010000000000001 7.5469989999999996 51.827438000000001
7647   7.5913120000000003 7.5203179999999996 52.097560999999999
7648   3.4498950000000002 7.8054309999999996 51.644736999999999
7649   6.2110799999999999 8.1134599999999999 51.975898999999998
7650   4.972512 8.1885689999999993 52.092480000000002
7651   5.3426229999999997 8.1393199999999997 52.306789000000002
7652   4.5160340000000003 -1.4193789999999999 52.579514000000003
7653   5.8285289999999996 -1.672901 52.165770999999999
7654   6.4158470000000003 -1.4269019999999999 52.237461000000003
7655   3.9265050000000001 -1.0358780000000001 52.806567999999999
7656   3.31535 -1.2032149999999999 52.332771000000001
7657   2.0462609999999999 -1.1663779999999999 51.799098999999998
7658   2.164231 -1.1472389999999999 51.852500999999997
7659   2.2801459999999998 -1.146371 51.899158
7660   6.7397580000000001 -0.99873699999999999 52.578758000000001
7661   7.1594870000000004 -1.0294989999999999 52.243385000000004
7662   2.166099 -1.0464580000000001 51.839111000000003
7663   2.2887930000000001 -1.01566 51.920623999999997
7664   2.5169039999999998 -0.89073199999999997 52.101345000000002
7665   2.826066 -0.92323999999999995 52.376713000000002
7666   7.7378790000000004 -0.57801899999999995 52.251010999999998
7667   2.3262019999999999 -0.85238100000000006 51.890591000000001
7668   2.4720219999999999 -0.68825599999999998 52.069049999999997
7669   2.7553670000000001 -0.81470900000000002 52.397835000000001
7670   8.2595170000000007 -0.24007300000000001 52.059288000000002
7671   2.5535260000000002 -0.35165600000000002 52.090125999999998
7672   2.5198800000000001 -0.52629300000000001 52.148105999999999
7673   2.640552 -0.22986300000000001 52.397056999999997
7674   8.1334549999999997 -0.033112999999999997 52.459876999999999
7675   2.9223870000000001 0.23144799999999999 52.305396999999999
7676   8.5736500000000007 0.65036300000000002 52.691223000000001
7677   9.6510590000000001 1.9590590000000001 52.250022999999999
7678   3.4616470000000001 1.908671 52.319386000000002
7679   3.6180659999999998 2.149699 52.031883000000001
7680   3.6094919999999999 2.732138 52.073791999999997
7681   9.7697109999999991 2.872325 52.469634999999997
7682   9.570919 2.3527459999999998 52.650143
7683   9.7529419999999991 3.4560230000000001 52.579067000000002
7684   3.6160640000000002 3.5194540000000001 52.002701000000002
7685   3.6924130000000002 3.3908520000000002 51.681624999999997
7686   3.6514959999999999 4.0628080000000004 51.798209999999997
7687   3.4878610000000001 3.5619700000000001 52.330520999999997
7688   9.9454609999999999 4.4013540000000004 52.126804
7689   9.691001 4.1165719999999997 52.573124
7690   3.4104749999999999 4.2847010000000001 52.111389000000003
7691   1.162269 4.6816279999999999 52.658977999999998
7692   1.2020740000000001 4.6717199999999997 52.390495000000001
7693   1.130147 4.5204820000000003 52.548991999999998
7694   1.500712 4.5242139999999997 52.377563000000002
7695   1.4092260000000001 4.688091 52.216431
7696   3.1989000000000001 4.5857679999999998 52.118740000000003
7697   3.447038 4.6075429999999997 51.863232000000004
7698   1.227249 4.7773909999999997 52.386184999999998
7699   1.3266370000000001 4.7786020000000002 52.222842999999997
7700   2.0922939999999999 4.8077059999999996 52.114840999999998
7701   9.668431 4.6927620000000001 52.551250000000003
7702   1.2366790000000001 4.8333810000000001 52.506087999999998
7703   2.894911 4.8127519999999997 52.089393999999999
7704   9.6801680000000001 5.1649450000000003 52.280293
7705   1.34067 4.9604980000000003 52.800457000000002
7706   1.4570890000000001 5.2396060000000002 52.377181999999998
7707   2.3206690000000001 5.2104109999999997 51.694023000000001
7708   2.576816 5.0425199999999997 51.903191
7709   1.570076 5.4924759999999999 52.492232999999999
7710   1.615753 5.827858 52.176205000000003
7711   9.3423010000000009 5.5499219999999996 52.658816999999999
7712   8.7999019999999994 6.4209839999999998 52.181640999999999
7713   1.81318 6.3346 52.505501000000002
7714   2.6901000000000002 7.2869859999999997 52.465716999999998
7715   7.8253310000000003 7.285514 52.424683000000002
7716   3.5750130000000002 7.6886859999999997 52.118313000000001
7717   3.8244899999999999 7.7852050000000004 52.729354999999998
7718   7.2774099999999997 7.50291 52.750999
7719   6.6962000000000002 7.8038800000000004 52.502800000000001
7720   4.3490589999999996 8.0144850000000005 52.470112
7721   5.6228499999999997 8.0170220000000008 52.637199000000003
7722   5.0745199999999997 -1.58046 52.443297999999999
7723   5.693784 -1.5060640000000001 52.446331000000001
7724   6.1554000000000002 -1.1372100000000001 52.766899000000002
7725   3.3475969999999999 -0.80489599999999994 52.847949999999997
7726   7.2202159999999997 -0.66711799999999999 52.619228
7727   2.5612710000000001 -0.59689999999999999 52.270096000000002
7728   2.7453379999999998 -0.49154199999999998 52.570414999999997
7729   2.9982820000000001 -0.62560000000000004 52.753120000000003
7730   2.5926450000000001 -0.41809600000000002 52.367702000000001
7731   2.6629170000000002 -0.350547 52.530636000000001
7732   2.715484 -0.25703500000000001 52.681435
7733   2.8280820000000002 0.157753 52.770687000000002
7734   2.7476069999999999 -0.063677999999999998 52.804226
7735   3.0004029999999999 0.63790999999999998 52.819496000000001
7736   9.2308970000000006 1.667767 52.719420999999997
7737   3.2203819999999999 2.1126839999999998 52.922820999999999
7738   3.4987560000000002 2.2728470000000001 52.344250000000002
7739   3.4769950000000001 2.6384569999999998 52.443443000000002
7740   3.3469790000000001 2.8098290000000001 52.691383000000002
7741   3.2158329999999999 3.01918 52.873711
7742   3.2732570000000001 3.370539 52.657940000000004
7743   3.1738019999999998 3.2393550000000002 52.852069999999998
7744   3.0899160000000001 3.4502100000000002 52.822845000000001
7745   3.1473279999999999 3.7091980000000002 52.595984999999999
7746   2.901761 3.7159550000000001 52.817298999999998
7747   1.6646529999999999 4.1562989999999997 52.841244000000003
7748   1.8805339999999999 4.1050009999999997 52.878937000000001
7749   1.52498 3.9870559999999999 53.177872000000001
7750   1.8746350000000001 3.8914610000000001 53.247889999999998
7751   2.9352819999999999 3.955816 52.605690000000003
7752   2.6625220000000001 3.9336869999999999 52.781726999999997
7753   3.187478 4.1268909999999996 52.357143000000001
7754   1.4410000000000001 4.2120860000000002 52.778804999999998
7755   1.281293 4.0654719999999998 53.072037000000002
7756   1.160868 4.1790250000000002 52.904719999999998
7757   1.8644989999999999 4.3456380000000001 52.584063999999998
7758   1.9909140000000001 4.2214039999999997 52.697437000000001
7759   2.1776520000000001 4.0007089999999996 52.935454999999997
7760   2.1102630000000002 4.1591170000000002 52.745418999999998
7761   2.3912659999999999 4.1936609999999996 52.650925000000001
7762   2.4188679999999998 3.9982389999999999 52.837017000000003
7763   2.7293620000000001 4.1955689999999999 52.546740999999997
7764   2.939835 4.3807349999999996 52.359684000000001
7765   1.246319 4.3210309999999996 52.630839999999999
7766   1.082738 4.3330299999999999 52.742167999999999
7767   2.12323 4.2807940000000002 52.614139999999999
7768   1.210807 4.443111 52.493847000000002
7769   1.0476369999999999 4.4230640000000001 52.952877000000001
7770   2.267604 4.4764910000000002 52.426124999999999
7771   2.623049 4.4751979999999998 52.379223000000003
7772   2.4959310000000001 4.7282320000000002 52.19603
7773   9.4967299999999994 5.0767119999999997 52.669159000000001
7774   1.4952190000000001 5.2642300000000004 52.750923
7775   1.80379 5.7123299999999997 53.268501000000001
7776   8.9226170000000007 6.0484419999999997 52.741982
7777   8.5858969999999992 6.4237099999999998 52.780040999999997
7778   2.0762100000000001 6.6354819999999997 52.795124000000001
7779   3.284653 7.4976799999999999 52.900703
7780   6.6030800000000003 7.5915499999999998 53.320999
7781   6.0815900000000003 7.8305400000000001 53.0989
7782   5.5515100000000004 -1.1947700000000001 52.897098999999997
7783   4.5485920000000002 -0.85317100000000001 53.110911999999999
7784   5.0270739999999998 -1.0997399999999999 52.979464999999998
7785   5.4777480000000001 -0.81558200000000003 53.266342000000002
7786   5.9885200000000003 -0.77773800000000004 53.267299999999999
7787   3.6708379999999998 -0.75596799999999997 53.125877000000003
7788   4.232405 -0.65088400000000002 53.274189
7789   5.1257289999999998 -0.51128099999999999 53.492226000000002
7790   6.7128230000000002 -0.66464800000000002 52.993752000000001
7791   3.2353179999999999 -0.46731600000000001 53.230674999999998
7792   3.4959060000000002 -0.57837899999999998 53.378407000000003
7793   3.7069700000000001 -0.62268900000000005 53.389664000000003
7794   3.9193210000000001 -0.66744800000000004 53.299294000000003
7795   6.4912000000000001 -0.33960899999999999 53.450561999999998
7796   3.0245320000000002 -0.30555599999999999 53.092647999999997
7797   7.2783379999999998 -0.37529499999999999 52.919155000000003
7798   2.858193 -0.176733 52.939765999999999
7799   3.144987 -0.19626399999999999 53.713881999999998
7800   2.8532419999999998 0.064579999999999999 53.119689999999999
7801   2.978297 -0.034078999999999998 53.391010000000001
7802   8.1375320000000002 0.50317500000000004 53.091011000000002
7803   7.9419899999999997 0.15002799999999999 52.919105999999999
7804   2.9093969999999998 0.48853099999999999 53.351730000000003
7805   2.9673419999999999 0.95068399999999997 53.438147999999998
7806   8.2418949999999995 0.92375499999999999 53.383785000000003
7807   8.7178609999999992 1.527131 53.341473000000001
7808   9.1533700000000007 2.2145090000000001 53.230240000000002
7809   3.1528480000000001 2.7093859999999999 53.047981
7810   2.989414 2.4869439999999998 53.383923000000003
7811   9.4509889999999999 2.8890850000000001 53.181674999999998
7812   3.109893 3.057293 53.076777999999997
7813   3.0321560000000001 3.2694220000000001 53.116295000000001
7814   2.8996170000000001 3.5388000000000002 53.038265000000003
7815   2.7251120000000002 3.4749639999999999 53.617046000000002
7816   2.647062 3.6290589999999998 53.362178999999998
7817   9.4647790000000001 3.70838 53.189799999999998
7818   2.3728590000000001 3.7177709999999999 53.411673999999998
7819   2.6605099999999999 3.7382339999999998 53.059570000000001
7820   1.2477560000000001 3.9557150000000001 53.333759000000001
7821   1.2876920000000001 3.8186429999999998 53.692616000000001
7822   1.620765 3.7650039999999998 53.683582000000001
7823   1.9312180000000001 3.719913 53.626773999999997
7824   2.1421450000000002 3.7199080000000002 53.538769000000002
7825   2.1510129999999998 3.8146110000000002 53.277023
7826   2.4129139999999998 3.8648959999999999 53.033081000000003
7827   1.1024940000000001 4.0400700000000001 53.221927999999998
7828   1.004435 4.1962190000000001 53.119033999999999
7829   9.4831660000000007 4.3143649999999996 53.070118000000001
7830   1.1923820000000001 4.5289140000000003 53.416984999999997
7831   9.3016810000000003 4.8015239999999997 53.207462
7832   1.6615230000000001 5.342047 53.48151
7833   1.490947 4.7850229999999998 54.129607999999998
7834   8.9082550000000005 5.6573089999999997 53.455975000000002
7835   8.5379120000000004 6.1787669999999997 53.487026
7836   8.2495080000000005 6.6517730000000004 53.140774
7837   7.8238719999999997 7.0607059999999997 53.158946999999998
7838   2.9761700000000002 7.0195410000000003 53.555531000000002
7839   4.2857799999999999 7.6334770000000001 53.673293999999999
7840   4.8327879999999999 7.897856 53.300353999999999
7841   5.3485269999999998 7.6805180000000002 53.928477999999998
7842   5.2184429999999997 8.0189079999999997 52.889595
7843   3.6462620000000001 -0.54091 53.618153
7844   3.862444 -0.47220400000000001 53.661487999999999
7845   4.6377430000000004 -0.31177500000000002 53.607982999999997
7846   5.7330310000000004 -0.38761800000000002 53.611122000000002
7847   3.5172979999999998 -0.47480099999999997 53.876755000000003
7848   3.3588339999999999 -0.38573600000000002 53.741329
7849   3.6944539999999999 -0.47456799999999999 53.909801000000002
7850   3.8507739999999999 -0.36954199999999998 54.043830999999997
7851   4.1909559999999999 -0.36607600000000001 53.605868999999998
7852   6.1227400000000003 -0.33630900000000002 53.599303999999997
7853   4.1281059999999998 -0.16289000000000001 54.030375999999997
7854   5.078881 -0.069878999999999997 53.922168999999997
7855   5.5449929999999998 0.014848999999999999 53.981017999999999
7856   3.0456539999999999 0.087014999999999995 54.017077999999998
7857   2.9294099999999998 0.27747899999999998 53.610413000000001
7858   2.9293309999999999 0.51872300000000005 53.746215999999997
7859   2.9091369999999999 0.71828999999999998 53.805388999999998
7860   2.8437899999999998 2.1131139999999999 53.688625000000002
7861   2.7725580000000001 1.5735220000000001 53.897598000000002
7862   8.8172169999999994 2.133324 53.706012999999999
7863   2.7780800000000001 2.5429279999999999 53.785567999999998
7864   9.0479409999999998 2.7091509999999999 53.758862000000001
7865   2.9064390000000002 2.66825 53.531146999999997
7866   2.9417200000000001 2.8931960000000001 53.435253000000003
7867   2.8080780000000001 3.2301419999999998 53.615726000000002
7868   9.2178970000000007 3.3261050000000001 53.744370000000004
7869   1.405159 3.634255 54.163882999999998
7870   1.724898 3.5657730000000001 54.227058
7871   2.4582419999999998 3.595672 53.810969999999998
7872   9.2527880000000007 4.078964 53.695605999999998
7873   1.101618 3.9088129999999999 53.549007000000003
7874   2.1125289999999999 3.6188120000000001 53.909706
7875   1.0271399999999999 4.0540500000000002 53.480755000000002
7876   1.022332 3.9132090000000002 53.774284000000002
7877   1.047177 4.0575599999999996 53.786186000000001
7878   1.0677669999999999 4.2431299999999998 53.453465000000001
7879   9.0600629999999995 5.1929439999999998 53.538857
7880   2.0006499999999998 6.1146700000000003 53.696700999999997
7881   2.199538 6.4681550000000003 53.645156999999998
7882   2.4580839999999999 6.7974579999999998 53.385756999999998
7883   7.903969 6.6635099999999996 53.820701999999997
7884   6.9220600000000001 7.2372199999999998 53.847400999999998
7885   3.4402460000000001 7.1796899999999999 53.919894999999997
7886   3.732313 7.5360050000000003 53.569771000000003
7887   6.1429499999999999 7.3846600000000002 54.234200000000001
7888   3.602671 -0.43397200000000002 54.242767000000001
7889   3.7457400000000001 -0.414072 54.271160000000002
7890   3.4092259999999999 -0.25877099999999997 54.541069
7891   3.9744009999999999 -0.193441 54.56588
7892   6.2109189999999996 0.10541 53.936813000000001
7893   3.2205400000000002 -0.10631599999999999 54.347301000000002
7894   4.5254899999999996 -0.016385 54.022826999999999
7895   4.4216170000000004 0.060784999999999999 54.312679000000003
7896   2.9764930000000001 0.388322 54.086272999999998
7897   2.90882 0.64942500000000003 54.186191999999998
7898   6.036988 0.513262 54.332763999999997
7899   2.8236479999999999 0.89192800000000005 54.160671000000001
7900   2.7476349999999998 1.123318 54.230221
7901   2.684949 1.899003 54.005851999999997
7902   2.548098 1.8318129999999999 54.264705999999997
7903   2.60928 2.153956 54.125613999999999
7904   2.5071599999999998 2.5001039999999999 54.336227000000001
7905   8.6159660000000002 2.4289139999999998 54.200023999999999
7906   2.6768489999999998 2.8687619999999998 53.982810999999998
7907   8.8258720000000004 3.3452869999999999 54.320515
7908   2.611583 3.106744 54.129165999999998
7909   2.6256219999999999 3.3366750000000001 54.017753999999996
7910   2.4634930000000002 3.1445630000000002 54.464455000000001
7911   1.216348 3.6158890000000001 54.352012999999999
7912   1.2206840000000001 3.7090700000000001 54.059856000000003
7913   2.4914390000000002 3.493763 54.107684999999996
7914   2.6007060000000002 3.4919519999999999 53.877102000000001
7915   2.3813 3.5630259999999998 54.133243999999998
7916   2.2238739999999999 3.5371290000000002 54.243316999999998
7917   1.0699419999999999 3.8818519999999999 54.234665
7918   1.138738 4.1987610000000002 53.972152999999999
7919   8.8631519999999995 4.6460790000000003 54.196750999999999
7920   1.296602 4.3906200000000002 54.210728000000003
7921   8.7813689999999998 5.2812479999999997 53.944611000000002
7922   1.832975 5.3360120000000002 54.286850000000001
7923   8.5193779999999997 5.6816709999999997 53.990639000000002
7924   8.1171100000000003 6.0687949999999997 54.139071999999999
7925   7.7190320000000003 6.3555609999999998 54.361809000000001
7926   2.4124629999999998 6.4418189999999997 54.408011999999999
7927   7.3238070000000004 6.741803 54.380420999999998
7928   2.7286239999999999 6.810676 54.217812000000002
7929   3.0762330000000002 6.9465399999999997 54.562064999999997
7930   4.7455790000000002 7.5995379999999999 54.061625999999997
7931   3.634363 -0.337005 54.573715
7932   3.8075079999999999 -0.32867499999999999 54.495311999999998
7933   4.2334880000000004 -0.006045 54.509594
7934   3.33901 0.042119999999999998 54.862597999999998
7935   4.4678339999999999 0.177315 54.648536999999997
7936   3.0026969999999999 0.58311500000000005 54.687297999999998
7937   6.7175209999999996 0.67334899999999998 54.257587000000001
7938   2.7793209999999999 0.93281999999999998 54.687389000000003
7939   6.5353190000000003 1.0109349999999999 54.599541000000002
7940   5.9443799999999998 0.86130399999999996 54.678268000000003
7941   6.3621819999999998 1.343858 54.932461000000004
7942   2.430714 1.4376549999999999 54.810760000000002
7943   2.4474179999999999 1.6770149999999999 54.521270999999999
7944   7.0391959999999996 1.5918870000000001 54.859783
7945   2.3158620000000001 1.8355410000000001 54.867198999999999
7946   2.4016769999999998 2.0806049999999998 54.608207999999998
7947   2.3098700000000001 2.4548839999999998 54.877200999999999
7948   2.4329860000000001 2.846892 54.567847999999998
7949   8.274051 3.4318170000000001 54.886757000000003
7950   8.2765989999999992 2.7660420000000001 54.749034999999999
7951   2.4343699999999999 3.3352909999999998 54.403537999999998
7952   2.2899630000000002 3.158277 54.845078000000001
7953   2.311064 3.3135690000000002 54.629683999999997
7954   1.3174079999999999 3.5221800000000001 54.581733999999997
7955   1.4876210000000001 3.4922040000000001 54.580036
7956   2.0981010000000002 3.3436050000000002 54.770347999999998
7957   2.3148369999999998 3.4418440000000001 54.426582000000003
7958   2.1869000000000001 3.2533609999999999 54.888095999999997
7959   8.2809530000000002 4.2486389999999998 54.932521999999999
7960   1.209876 3.6657470000000001 54.908538999999998
7961   1.2893300000000001 4.0827629999999999 54.709029999999998
7962   1.927281 3.411089 54.664786999999997
7963   1.4733540000000001 4.3488720000000001 54.894939000000001
7964   8.5024169999999994 5.2392469999999998 54.411320000000003
7965   8.4247589999999999 4.879893 54.775230000000001
7966   8.2181639999999998 5.6410799999999997 54.447516999999998
7967   7.7870410000000003 5.8992719999999998 54.713711000000004
7968   2.0914600000000001 5.8824160000000001 54.421000999999997
7969   7.377758 6.3694660000000001 54.730373
7970   6.690105 6.7107780000000004 55.036133
7971   3.8976829999999998 7.3031879999999996 54.269188
7972   4.3729979999999999 7.3857340000000002 54.531837000000003
7973   4.8140419999999997 7.4502050000000004 54.622002000000002
7974   5.5171010000000003 7.2294739999999997 54.941200000000002
7975   3.569061 -0.23827599999999999 54.779682000000001
7976   3.7309399999999999 -0.21404999999999999 54.821606000000003
7977   3.5440580000000002 -0.094403000000000001 54.975979000000002
7978   3.8013859999999999 -0.023525000000000001 55.174641000000001
7979   4.2516309999999997 0.17255599999999999 55.006683000000002
7980   3.4453499999999999 0.084820999999999994 55.119098999999999
7981   3.6053000000000002 -0.013188999999999999 55.210999000000001
7982   3.1317699999999999 0.65097099999999997 55.174900000000001
7983   2.8366359999999999 0.98342200000000002 55.129100999999999
7984   2.5159899999999999 1.3010900000000001 55.065243000000002
7985   2.2811750000000002 1.7647090000000001 55.162410999999999
7986   6.5970329999999997 1.844034 55.231273999999999
7987   6.2011940000000001 1.6192200000000001 55.225552
7988   2.2483270000000002 2.0323730000000002 55.186188000000001
7989   7.4950109999999999 2.0709490000000002 54.990479000000001
7990   7.0669230000000001 2.144066 55.224049000000001
7991   2.2910789999999999 2.0309629999999999 54.904758000000001
7992   2.2752150000000002 2.176847 54.956623
7993   2.2289910000000002 2.2787250000000001 55.212353
7994   2.2268819999999998 2.494545 55.270214000000003
7995   7.8354889999999999 2.376884 54.966385000000002
7996   7.9024089999999996 2.71699 55.074061999999998
7997   7.4960110000000002 2.5704910000000001 55.246077999999997
7998   2.251986 2.7820800000000001 55.168979999999998
7999   2.3205089999999999 2.9901749999999998 54.866031999999997
8000   2.2176130000000001 2.9844089999999999 55.198853
8001   1.4674389999999999 3.3490859999999998 55.216095000000003
8002   1.4006050000000001 3.4224839999999999 54.944144999999999
8003   1.6202510000000001 3.3650229999999999 55.001347000000003
8004   2.104298 3.0122620000000002 55.490882999999997
8005   7.836722 3.1407790000000002 55.227890000000002
8006   1.328446 3.4580359999999999 55.182327000000001
8007   1.268561 3.5028619999999999 54.847630000000002
8008   1.9434670000000001 3.2326649999999999 55.176124999999999
8009   2.0293359999999998 3.1518630000000001 55.295952
8010   7.9142080000000004 3.8198349999999999 55.261547
8011   7.8845470000000004 4.7228310000000002 55.337649999999996
8012   7.9410670000000003 4.2338950000000004 55.318626000000002
8013   8.174474 4.911931 55.081245000000003
8014   8.1124720000000003 5.2954239999999997 54.919829999999997
8015   7.6457230000000003 5.4672799999999997 55.277327999999997
8016   1.8235859999999999 4.9060199999999998 55.032344999999999
8017   2.2194340000000001 5.4643870000000003 55.192898
8018   2.0602399999999998 5.0275809999999996 55.655613000000002
8019   7.304716 6.07559 55.128703999999999
8020   3.4660319999999998 7.0158659999999999 54.870002999999997
8021   3.9579140000000002 7.0420220000000002 55.146984000000003
8022   5.9570699999999999 6.9514699999999996 55.118599000000003
8023   5.0565230000000003 7.3399479999999997 54.928356000000001
8024   3.5671089999999999 0.30234100000000003 55.456932000000002
8025   3.762667 0.29125800000000002 55.537768999999997
8026   4.1184890000000003 0.54123600000000005 55.694065000000002
8027   3.3795500000000001 0.46464800000000001 55.399501999999998
8028   3.5853609999999998 0.48035699999999998 55.7318
8029   3.8038409999999998 0.489427 55.812344000000003
8030   4.5984540000000003 0.61157300000000003 55.335884
8031   3.37399 0.66725199999999996 55.746799000000003
8032   3.083364 0.97684499999999996 55.683509999999998
8033   4.6204700000000001 0.93048799999999998 55.758834999999998
8034   2.8125010000000001 1.340068 55.675659000000003
8035   2.481706 1.575447 55.421978000000003
8036   2.643192 1.6792419999999999 55.800640000000001
8037   2.3037459999999998 1.885581 55.425167000000002
8038   6.1614839999999997 2.1213340000000001 55.609710999999997
8039   2.2618330000000002 2.0949239999999998 55.557029999999997
8040   2.2078150000000001 2.180399 55.404037000000002
8041   6.6484430000000003 2.2827549999999999 55.484520000000003
8042   2.2332540000000001 2.3256000000000001 55.599823000000001
8043   7.0317910000000001 2.5415890000000001 55.466213000000003
8044   2.2208019999999999 2.6405919999999998 55.634219999999999
8045   6.7983650000000004 2.6654279999999999 55.655768999999999
8046   2.1751870000000002 2.8556149999999998 55.589877999999999
8047   7.1363159999999999 3.0314269999999999 55.634284999999998
8048   6.49627 2.9958499999999999 56.054600000000001
8049   1.5422359999999999 3.2963439999999999 55.436005000000002
8050   1.660364 3.241663 55.551600999999998
8051   1.8027059999999999 3.2349770000000002 55.359881999999999
8052   1.926275 3.0878450000000002 55.695380999999998
8053   7.3612479999999998 3.6782080000000001 55.637115000000001
8054   7.5614059999999998 4.2940820000000004 55.578983000000001
8055   1.6902109999999999 4.2268189999999999 55.873634000000003
8056   1.663829 4.5161559999999996 55.262996999999999
8057   7.2017540000000002 4.7653840000000001 55.878318999999998
8058   7.5952549999999999 4.8819660000000002 55.584586999999999
8059   1.8771709999999999 4.6539580000000003 55.847588000000002
8060   7.3255119999999998 5.3122600000000002 55.653370000000002
8061   7.2846330000000004 5.7624700000000004 55.456206999999999
8062   7.0640749999999999 5.6598499999999996 55.707211000000001
8063   6.9377199999999997 6.0953090000000003 55.514541999999999
8064   6.4322999999999997 6.2673810000000003 55.708851000000003
8065   5.9679500000000001 6.5374299999999996 55.650902000000002
8066   5.4650819999999998 6.7768860000000002 55.570675000000001
8067   4.9997600000000002 6.9767910000000004 55.476481999999997
8068   4.5460349999999998 7.1412659999999999 55.288071000000002
8069   3.66248 0.689411 56.137436000000001
8070   3.4341900000000001 0.79590799999999995 56.179797999999998
8071   3.8622510000000001 0.68145999999999995 56.112845999999998
8072   3.2702399999999998 0.94897299999999996 56.188499
8073   4.0190029999999997 0.87417100000000003 56.288955999999999
8074   4.381354 1.080697 56.233482000000002
8075   3.0175999999999998 1.43143 56.141499000000003
8076   2.8311709999999999 1.5718529999999999 55.95467
8077   2.49756 1.794751 55.728088
8078   2.3927139999999998 1.9313849999999999 55.667461000000003
8079   2.526138 2.0149870000000001 55.951037999999997
8080   2.7283249999999999 1.8476870000000001 56.047027999999997
8081   2.899403 1.8127040000000001 56.217388
8082   2.3413569999999999 2.213133 55.839748
8083   2.7305990000000002 2.172409 56.347220999999998
8084   2.4328259999999999 2.3765010000000002 56.197636000000003
8085   5.9303220000000003 2.687379 56.205661999999997
8086   5.7173930000000004 2.091799 55.843788000000004
8087   2.2682470000000001 2.4917440000000002 55.964843999999999
8088   2.1752449999999999 2.7238009999999999 55.98827
8089   2.044543 2.9197069999999998 55.950943000000002
8090   1.9486190000000001 3.0183170000000001 56.240313999999998
8091   1.5989409999999999 3.2938930000000002 55.833176000000002
8092   1.789604 3.1589200000000002 55.943199
8093   6.766845 3.5837759999999999 56.100731000000003
8094   1.6042080000000001 3.5821740000000002 56.197108999999998
8095   1.438714 3.5742020000000001 55.713718
8096   1.6065739999999999 3.4220969999999999 56.072197000000003
8097   1.566892 3.8108939999999998 56.033222000000002
8098   6.9483569999999997 4.250076 56.081119999999999
8099   6.8289790000000004 4.6985520000000003 56.205123999999998
8100   2.083256 4.8731869999999997 56.186591999999997
8101   2.3540079999999999 5.3144330000000002 55.927731000000001
8102   6.9206200000000004 5.2173540000000003 56.031933000000002
8103   6.5060640000000003 4.8548859999999996 56.437164000000003
8104   6.29305 5.2834180000000002 56.430095999999999
8105   6.7466929999999996 5.6317370000000002 55.973765999999998
8106   5.9882200000000001 6.0580600000000002 56.132300999999998
8107   6.2373529999999997 5.6978850000000003 56.238799999999998
8108   5.3585450000000003 6.2982170000000002 56.196097999999999
8109   4.6971970000000001 6.3267939999999996 56.510993999999997
8110   4.9866760000000001 6.6098129999999999 55.961261999999998
8111   4.4877719999999997 6.6523779999999997 55.934254000000003
8112   3.70668 1.05216 56.618000000000002
8113   3.5307029999999999 0.99475999999999998 56.491146000000001
8114   3.9090349999999998 1.04895 56.618858000000003
8115   4.123227 1.1037589999999999 56.574108000000003
8116   3.2083550000000001 1.33721 56.502735000000001
8117   3.520384 1.238977 56.822563000000002
8118   3.0876749999999999 2.0701360000000002 56.715831999999999
8119   3.2176290000000001 1.596462 56.716644000000002
8120   2.8327840000000002 2.343782 56.645690999999999
8121   2.5157769999999999 2.634452 56.676968000000002
8122   2.7988770000000001 2.5037919999999998 56.855201999999998
8123   2.247925 2.6799970000000002 56.313617999999998
8124   2.1513770000000001 2.8550300000000002 56.577274000000003
8125   5.9349100000000004 3.1862400000000002 56.574902000000002
8126   1.8089029999999999 3.2585449999999998 56.347228999999999
8127   1.9856020000000001 3.0889009999999999 56.566681000000003
8128   1.86222 3.4632900000000002 56.604197999999997
8129   6.1737299999999999 3.5363549999999999 56.595089000000002
8130   1.865146 3.9900030000000002 56.633929999999999
8131   6.4242780000000002 4.0277450000000004 56.567355999999997
8132   2.1692719999999999 4.6028010000000004 56.670765000000003
8133   6.4899100000000001 4.4670059999999996 56.519320999999998
8134   2.5009030000000001 5.2276490000000004 56.637478000000002
8135   5.5175299999999998 5.2959800000000001 56.886398
8136   6.0735320000000002 4.9691929999999997 56.743507000000001
8137   5.8431769999999998 5.6583870000000003 56.545197000000002
8138   5.4834810000000003 5.8726260000000003 56.591414999999998
8139   3.3728590000000001 1.4070849999999999 56.908057999999997
8140   3.47993 1.4539869999999999 57.094746000000001
8141   3.6926709999999998 1.341612 57.019095999999998
8142   3.948461 1.263798 56.888179999999998
8143   4.3328850000000001 1.5325850000000001 56.856113000000001
8144   4.6897679999999999 1.4570129999999999 56.388621999999998
8145   3.3560449999999999 1.570875 57.035885
8146   4.9225329999999996 1.8688610000000001 56.552115999999998
8147   3.2892570000000001 1.793814 57.036712999999999
8148   4.657762 1.9833419999999999 56.989998
8149   3.2190620000000001 1.991598 57.069611000000002
8150   3.157565 2.1769189999999998 57.266655
8151   2.7104539999999999 2.7271830000000001 57.191932999999999
8152   2.5819169999999998 2.799226 57.013244999999998
8153   2.4216829999999998 2.9627509999999999 56.970032000000003
8154   2.527625 3.030961 57.282249
8155   2.0516749999999999 3.204628 56.729702000000003
8156   2.3667400000000001 3.2690899999999998 57.128399000000002
8157   2.3930690000000001 3.4566210000000002 57.240684999999999
8158   5.5696490000000001 3.3931089999999999 57.019782999999997
8159   2.2766000000000002 3.786851 57.155518000000001
8160   5.6962400000000004 3.9304299999999999 57.159199000000001
8161   2.345761 4.1729979999999998 57.089153000000003
8162   6.0690429999999997 4.3887530000000003 56.861007999999998
8163   5.8536900000000003 4.7671299999999999 56.942000999999998
8164   5.4199149999999996 4.187748 57.327885000000002
8165   5.49383 4.7888400000000004 57.118599000000003
8166   6.1992409999999998 4.6816310000000003 56.737144000000001
8167   4.6688510000000001 5.4874520000000002 57.175013999999997
8168   4.9521699999999997 5.8460320000000001 56.893180999999998
8169   4.3207209999999998 5.9347219999999998 56.959865999999998
8170   4.2303290000000002 6.290235 56.458672
8171   3.8336030000000001 6.063809 56.689072000000003
8172   3.6546259999999999 1.6080460000000001 57.241886000000001
8173   3.9147430000000001 1.4875419999999999 57.140202000000002
8174   3.4543379999999999 1.6435759999999999 57.178550999999999
8175   3.8448570000000002 1.650814 57.276688
8176   4.056667 1.7303569999999999 57.247486000000002
8177   3.4356789999999999 1.8467150000000001 57.280979000000002
8178   3.8246280000000001 1.8881399999999999 57.377850000000002
8179   4.3711739999999999 1.984361 57.215794000000002
8180   3.3006319999999998 2.0181249999999999 57.302410000000002
8181   3.4587599999999998 2.0208200000000001 57.437302000000003
8182   3.5913040000000001 2.0144229999999999 57.455074000000003
8183   4.083405 2.0482119999999999 57.386963000000002
8184   3.2316099999999999 2.2656800000000001 57.644798000000002
8185   3.3765900000000002 2.1890499999999999 57.620601999999998
8186   3.8300299999999998 2.2034099999999999 57.533298000000002
8187   4.3798389999999996 2.3785530000000001 57.436332999999998
8188   2.985115 2.4721730000000002 57.371417999999998
8189   4.3251499999999998 2.8048600000000001 57.681801
8190   3.4641999999999999 2.3261099999999999 57.731898999999999
8191   4.6974770000000001 2.6999569999999999 57.363166999999997
8192   2.8423569999999998 2.8057289999999999 57.600845
8193   2.7657729999999998 2.9143840000000001 57.555878
8194   2.807655 2.7572000000000001 57.456367
8195   2.9110580000000001 2.679414 57.577205999999997
8196   2.704304 2.9942340000000001 57.527614999999997
8197   2.681292 2.9159519999999999 57.420532000000001
8198   4.9855140000000002 3.2024270000000001 57.280056000000002
8199   4.8321059999999996 3.699621 57.502071000000001
8200   2.64473 3.0465610000000001 57.479953999999999
8201   2.6177920000000001 3.2005490000000001 57.498103999999998
8202   2.4870899999999998 3.2631199999999998 57.3279
8203   2.5559500000000002 3.4684400000000002 57.447102000000001
8204   2.618833 3.3878469999999998 57.528694000000002
8205   2.4999199999999999 3.7325469999999998 57.364154999999997
8206   2.6824460000000001 3.7161580000000001 57.505791000000002
8207   2.7635700000000001 3.4199000000000002 57.653098999999997
8208   3.0668799999999998 3.9344600000000001 57.611198000000002
8209   2.8220960000000002 4.1929119999999998 57.425682000000002
8210   5.0062119999999997 4.3275360000000003 57.431376999999998
8211   4.5835229999999996 4.1048669999999996 57.607979
8212   2.5991080000000002 4.2116410000000002 57.287475999999998
8213   2.6681360000000001 4.5900049999999997 57.222900000000003
8214   3.1806100000000002 4.38741 57.506900999999999
8215   3.3736600000000001 3.91153 57.696399999999997
8216   3.52006 4.2843799999999996 57.608199999999997
8217   4.6087300000000004 4.5728499999999999 57.485401000000003
8218   4.3296099999999997 4.34781 57.6175
8219   3.053156 4.6253440000000001 57.383904000000001
8220   3.4587500000000002 4.7690200000000003 57.427199999999999
8221   3.6976 3.8803000000000001 57.750701999999997
8222   3.97451 4.3269200000000003 57.644798000000002
8223   3.8237000000000001 4.6428000000000003 57.539101000000002
8224   4.2056800000000001 4.6923599999999999 57.538601
8225   5.0211399999999999 4.8813899999999997 57.275398000000003
8226   3.0811109999999999 5.1056210000000002 57.220753000000002
8227   3.9253100000000001 5.0174000000000003 57.415298
8228   4.4287999999999998 5.0653800000000002 57.390999000000001
8229   3.6232410000000002 5.3192190000000004 57.289036000000003
8230   4.0930109999999997 5.4812839999999996 57.268047000000003
8231   3.8423029999999998 5.725587 57.108341000000003
8232   3.3638279999999998 5.6907569999999996 56.949272000000001
8233   3.2921200000000002 2.41798 57.779598
8234   3.0737199999999998 2.5768300000000002 57.701000000000001
8235   3.4796999999999998 2.5199799999999999 57.820301000000001
8236   2.9446300000000001 2.7736900000000002 57.720599999999997
8237   3.2884199999999999 2.7281900000000001 57.866698999999997
8238   2.8327779999999998 2.9136980000000001 57.676811000000001
8239   2.772176 3.1088230000000001 57.636088999999998
8240   3.0339900000000002 3.03484 57.786900000000003
8241   4.0141600000000004 2.9612799999999999 57.827499000000003
8242   3.12832 3.4809000000000001 57.764598999999997
8243   3.5382099999999999 3.3671000000000002 57.848399999999998
8244   3.9353500000000001 3.2967499999999998 57.816398999999997
8245   4.3486900000000004 3.3086000000000002 57.756599000000001
8246   3.9462299999999999 3.6519699999999999 57.781101
8247   4.3414200000000003 3.6855500000000001 57.7318
8248   4.1639600000000003 4.0036500000000004 57.709301000000004
8249   8.3379910000000006 -4.3029909999999996 36.855063999999999
8250   8.4303500000000007 1.797472 53.950657
8251   8.0651779999999995 1.247015 53.892814999999999
8252   7.8814089999999997 1.7515940000000001 54.551495000000003
8253   7.6871460000000003 0.34987200000000002 53.359020000000001
8254   7.6840210000000004 0.82006400000000002 53.842872999999997
8255   7.6523849999999998 -0.27552900000000002 52.702137
8256   7.5812749999999998 -0.068912000000000001 53.029919
8257   7.1543229999999998 -0.14990700000000001 53.244171000000001
8258   7.4349049999999997 0.986174 54.213703000000002
8259   7.141718 1.1426879999999999 54.499389999999998
8260   6.9982410000000002 0.34444999999999998 53.819847000000003
8261   5.5887190000000002 2.7682099999999998 56.511696000000001
8262   5.8293280000000003 1.196545 55.024569999999997
8263   5.8182130000000001 1.5423720000000001 55.328555999999999
8264   5.428655 2.9445540000000001 56.802970999999999
8265   5.1062269999999996 2.8687999999999998 57.065815000000001
8266   5.3736519999999999 2.316748 56.406131999999999
8267   5.2945019999999996 2.6528499999999999 56.738514000000002
8268   5.3429219999999997 1.9174519999999999 56.073962999999999
8269   5.0162519999999997 1.5535559999999999 56.091759000000003
8270   5.3211690000000003 1.5118750000000001 55.667965000000002
8271   4.9393510000000003 1.2244729999999999 55.792259000000001
8272   5.5747479999999996 0.75649999999999995 54.741233999999999
8273   5.3672719999999998 0.86876600000000004 55.002097999999997
8274   5.3333760000000003 1.127162 55.275497000000001
8275   5.328271 0.36498999999999998 54.416091999999999
8276   5.2269399999999999 0.619089 54.795299999999997
8277   5.0352649999999999 0.43079099999999998 54.645575999999998
8278   5.0618699999999999 0.65643799999999997 54.957999999999998
8279   4.7316599999999998 0.43349100000000002 54.892333999999998
8280   4.9971829999999997 0.76613100000000001 55.155293
8281   4.9395769999999999 0.97245199999999998 55.473827
8282   4.7731579999999996 0.212899 54.425446000000001
8283   4.8959929999999998 0.057175999999999998 54.101672999999998
8284   5.0103390000000001 2.3322440000000002 56.839970000000001
8285   4.7133180000000001 2.3567610000000001 57.171993000000001
8286   4.7433490000000003 1.2475890000000001 56.057293000000001
8287   9.4860559999999996 6.8162989999999999 47.073906000000001
8288   9.7586030000000008 6.5220750000000001 46.497169
8289   10.398754 5.446631 47.176257999999997
8290   10.34581 5.6340570000000003 46.297435999999998
8291   10.018058 6.0594089999999996 46.956566000000002
8292   9.6182499999999997 6.7406139999999999 43.815319000000002
8293   9.7954880000000006 6.4927419999999998 44.516533000000003
8294   9.9381760000000003 6.2761490000000002 43.607998000000002
8295   9.8491239999999998 6.4061380000000003 45.437930999999999
8296   10.093162 6.0510260000000002 44.557034000000002
8297   10.113151 6.0544960000000003 46.067805999999997
8298   9.5655889999999992 6.6620520000000001 47.622925000000002
8299   9.9842759999999995 5.9278680000000001 42.695557000000001
8300   10.233796 5.7649879999999998 43.822975
8301   10.211822 5.4644159999999999 48.855846
8302   9.7292690000000004 6.4987339999999998 47.157550999999998
8303   9.8008170000000003 6.3261969999999996 47.605460999999998
8304   10.076745000000001 5.9504000000000001 47.826942000000003
8305   9.6815130000000007 6.4185610000000004 48.436405000000001
8306   9.6656659999999999 5.9176140000000004 49.965355000000002
8307   9.6007990000000003 6.2993110000000003 49.304366999999999
8308   10.075221000000001 5.8479150000000004 48.491833
8309   9.9248480000000008 5.9180359999999999 49.133156
8310   10.379555999999999 5.3742760000000001 48.147503
8311   9.13293 6.8154599999999999 38.686199000000002
8312   9.4146169999999998 6.4978040000000004 39.163307000000003
8313   9.8394739999999992 5.9737749999999998 39.127597999999999
8314   9.5821509999999996 6.2891969999999997 39.816547
8315   9.4983880000000003 6.4328110000000001 40.575038999999997
8316   10.382944999999999 5.0977290000000002 39.393929
8317   9.7878089999999993 6.0369089999999996 40.899410000000003
8318   9.9931739999999998 5.7139620000000004 40.310665
8319   11.069812000000001 1.4396100000000001 48.385131999999999
8320   8.5214599999999994 7.2964099999999998 39.445701999999997
8321   8.4643309999999996 7.3306990000000001 40.098995000000002
8322   8.7045440000000003 7.1713170000000002 38.069862000000001
8323   8.8896499999999996 6.9814100000000003 37.846801999999997
8324   8.6836640000000003 7.1542589999999997 37.791035000000001
8325   8.7925900000000006 7.1486799999999997 38.578701000000002
8326   8.9978200000000008 6.9638 38.251099000000004
8327   8.3459160000000008 7.3958810000000001 38.238953000000002
8328   8.1898239999999998 7.5152559999999999 39.004340999999997
8329   8.1297479999999993 7.5823919999999996 40.410133000000002
8330   8.1786530000000006 7.5262099999999998 39.758785000000003
8331   8.3156160000000003 7.3776659999999996 37.290900999999998
8332   8.3045270000000002 7.393478 37.446480000000001
8333   8.453595 7.2902040000000001 37.487842999999998
8334   8.9898600000000002 6.9416700000000002 38.011699999999998
8335   8.4641210000000004 7.3064429999999998 37.775066000000002
8336   8.2036250000000006 7.460229 37.743403999999998
8337   8.7926269999999995 7.0360680000000002 37.724933999999998
8338   8.6971070000000008 7.117712 37.637965999999999
8339   8.58779 7.2107089999999996 37.627322999999997
8340   8.38462 7.3033939999999999 37.263866
8341   10.860220999999999 4.0342760000000002 39.424067999999998
8342   11.15183 3.285641 39.445048999999997
8343   7.2775150000000002 -3.4874209999999999 45.926093999999999
8344   7.4692360000000004 -3.2110690000000002 46.700066
8345   5.854425 -4.0763600000000002 45.366664999999998
8346   6.1883939999999997 -3.9820720000000001 45.458888999999999
8347   6.2127629999999998 -3.7802440000000002 45.941127999999999
8348   6.7097550000000004 -3.4304009999999998 47.062145000000001
8349   6.5781479999999997 -3.5649639999999998 46.561427999999999
8350   10.621846 4.4842279999999999 40.564315999999998
8351   11.063545 3.5610780000000002 40.678497
8352   11.0975 3.4324499999999998 40.049999
8353   10.11637 5.4357639999999998 41.518391000000001
8354   9.6856299999999997 6.0883399999999996 41.811152999999997
8355   10.293217 5.23339 40.161850000000001
8356   10.380001999999999 5.0952409999999997 41.738303999999999
8357   10.302489 5.1602899999999998 40.831508999999997
8358   9.7656670000000005 6.1942789999999999 42.725937000000002
8359   9.4021070000000009 6.7168640000000002 43.037613
8360   9.6387009999999993 6.4657159999999996 43.100116999999997
8361   1.5466169999999999 4.556235 54.776339999999998
8362   1.622746 4.6673929999999997 54.811951000000001
8363   4.9403969999999999 -3.8980350000000001 44.922545999999997
8364   4.8167590000000002 -3.9049900000000002 45.091934000000002
8365   1.4272210000000001 3.9239320000000002 55.387439999999998
8366   3.8301090000000002 6.3772500000000001 56.021197999999998
8367   4.1226070000000004 6.788602 55.618915999999999
8368   3.799083 6.6761210000000002 55.56794
8369   2.4360309999999998 6.0028670000000002 54.899132000000002
8370   2.7883849999999999 6.350797 55.033442999999998
8371   2.6557930000000001 5.8840339999999998 55.440520999999997
8372   3.17136 6.2642749999999996 55.593711999999996
8373   2.7887620000000002 6.6843649999999997 54.716037999999998
8374   3.5097800000000001 6.0594859999999997 56.416508
8375   3.1696930000000001 5.9154770000000001 56.354317000000002
8376   2.8912450000000001 5.5985990000000001 56.783833000000001
8377   2.9232170000000002 5.8059399999999997 56.118839000000001
8378   2.8261259999999999 5.2862229999999997 56.996326000000003
8379   2.6401590000000001 4.9871429999999997 57.011349000000003
8380   3.1857709999999999 6.6203409999999998 55.194721000000001
8381   3.5007280000000001 6.3136469999999996 55.850135999999999
8382   3.041099 5.429697 57.038876000000002
8383   2.636393 5.6379809999999999 55.882205999999996
8384   2.599615 5.4906969999999999 56.255512000000003
8385   2.4642040000000001 5.5737639999999997 55.614539999999998
8386   2.6884229999999998 5.538373 56.53228
8387   5.1243650000000001 -3.7815110000000001 44.935509000000003
8388   5.009468 -4.0697720000000004 44.772010999999999
8389   4.1888249999999996 -3.7267299999999999 46.087021
8390   4.2295499999999997 -3.831807 46.174087999999998
8391   4.3385389999999999 -3.863715 45.986477000000001
8392   4.3350970000000002 -3.788335 45.814362000000003
8393   4.4824039999999998 -3.917815 45.745311999999998
8394   4.4920450000000001 -3.837466 45.590328
8395   4.5873340000000002 -3.950269 45.494414999999996
8396   4.6231809999999998 -3.8934310000000001 45.378132000000001
8397   4.7542330000000002 -4.004086 45.311858999999998
8398   4.7555310000000004 -3.9448829999999999 45.175400000000003
8399   4.8385939999999996 -4.0352519999999998 45.081947
8400   4.8708400000000003 -3.992378 44.949570000000001
8401   4.9565070000000002 -4.0830140000000004 44.944884999999999
8402   4.6907399999999999 -3.9864130000000002 45.935580999999999
8403   4.9912369999999999 -4.0691540000000002 45.276206999999999
8404   4.8600880000000002 -4.0491330000000003 45.433064000000002
8405   4.7385250000000001 -4.030106 45.528613999999997
8406   4.6151609999999996 -3.9854430000000001 45.638221999999999
8407   4.4879300000000004 -3.9393669999999998 45.966723999999999
8408   4.9667519999999996 -3.9863919999999999 44.766449000000001
8409   3.5271859999999999 -3.4781059999999999 47.019886
8410   3.7155659999999999 -3.4146830000000001 46.847594999999998
8411   1.3130219999999999 4.8970120000000001 52.334933999999997
8412   1.413076 4.9329190000000001 52.121841000000003
8413   1.475223 4.9975480000000001 52.017657999999997
8414   3.1552099999999998 1.497887 53.013126
8415   3.322435 1.7672669999999999 52.643990000000002
8416   3.3833660000000001 1.627154 52.419670000000004
8417   3.2523650000000002 1.024659 52.351688000000003
8418   3.2775699999999999 1.341064 52.581187999999997
8419   1.1957660000000001 3.5588890000000002 54.631950000000003
8420   1.1079369999999999 3.6355599999999999 54.484820999999997
8421   1.0582959999999999 3.845688 53.721207
8422   1.1139129999999999 3.804786 53.906944000000003
8423   1.276176 4.595294 52.343345999999997
8424   1.1229480000000001 3.8310960000000001 53.707188000000002
8425   1.4379690000000001 3.3659159999999999 55.451576000000003
8426   1.3909229999999999 3.3773110000000002 55.204704
8427   1.1252009999999999 3.7129560000000001 54.204163000000001
8428   3.7310569999999998 2.843502 51.609825000000001
8429   3.2958910000000001 5.2762190000000002 46.209175000000002
8430   3.4200170000000001 5.4014720000000001 48.563899999999997
8431   4.0184610000000003 3.8685510000000001 44.556106999999997
8432   3.6901350000000002 4.1498100000000004 44.625670999999997
8433   3.5786790000000002 4.4641469999999996 44.783442999999998
8434   3.878339 4.1674629999999997 44.962296000000002
8435   4.0611459999999999 3.777704 44.159100000000002
8436   4.4320930000000001 3.6065700000000001 45.825747999999997
8437   4.4574179999999997 3.5863040000000002 45.342498999999997
8438   4.6747439999999996 3.37303 45.562263000000002
8439   3.2826010000000001 5.0423359999999997 47.967674000000002
8440   3.3860160000000001 5.1514090000000001 48.398285000000001
8441   3.4038300000000001 4.668291 48.376517999999997
8442   4.9880639999999996 2.2646359999999999 49.421214999999997
8443   5.0464250000000002 2.3542100000000001 49.100731000000003
8444   3.3920119999999998 5.1518030000000001 46.646523000000002
8445   3.40462 5.0546579999999999 47.152392999999996
8446   3.5246970000000002 4.7033680000000002 45.083652000000001
8447   3.6078860000000001 4.697889 45.486297999999998
8448   3.7342080000000002 4.441783 45.214474000000003
8449   4.3105070000000003 3.7279939999999998 45.457892999999999
8450   4.2669280000000001 3.774896 45.233994000000003
8451   4.0414130000000004 4.0937859999999997 45.487247000000004
8452   4.3481189999999996 3.6802169999999998 44.918194
8453   3.3073169999999998 5.2624880000000003 47.323231
8454   4.475854 3.6501199999999998 46.590674999999997
8455   4.6922319999999997 3.3080059999999998 46.176594000000001
8456   4.8325800000000001 3.1636359999999999 46.708674999999999
8457   4.8501880000000002 3.183109 45.846207
8458   4.6612210000000003 3.3359869999999998 45.859093000000001
8459   4.9888490000000001 2.6480350000000001 47.815036999999997
8460   4.8485500000000004 2.9348139999999998 48.062061
8461   4.861205 2.9838469999999999 47.632469
8462   3.8777430000000002 3.1580029999999999 51.385719000000002
8463   3.9148070000000001 2.7073589999999998 51.307544999999998
8464   3.772376 4.4917340000000001 47.025326
8465   3.816754 4.4963119999999996 46.420490000000001
8466   4.1434620000000004 4.1508950000000002 46.828570999999997
8467   4.1330499999999999 4.0628039999999999 46.176720000000003
8468   4.128946 3.894828 45.015887999999997
8469   3.6385649999999998 4.7158249999999997 45.92709
8470   3.531609 4.9054779999999996 46.383651999999998
8471   3.3620999999999999 4.8124370000000001 47.639831999999998
8472   3.5868159999999998 4.2772769999999998 47.653534000000001
8473   4.9386580000000002 2.9013260000000001 48.500320000000002
8474   4.745622 3.437541 48.307526000000003
8475   3.598001 5.0147060000000003 48.776114999999997
8476   3.9425059999999998 5.1139739999999998 50.481032999999996
8477   4.0425440000000004 4.9225380000000003 50.952765999999997
8478   4.4415839999999998 5.13117 50.183441000000002
8479   3.9037829999999998 3.6080730000000001 51.416091999999999
8480   4.9435960000000003 2.2333980000000002 49.691916999999997
8481   3.960521 5.2296440000000004 49.688721000000001
8482   3.9070299999999998 5.1622620000000001 50.082751999999999
8483   5.0819359999999998 2.6432549999999999 48.811455000000002
8484   3.3130700000000002 5.166042 47.563209999999998
8485   3.4898989999999999 4.9036619999999997 45.684157999999996
8486   3.7875679999999998 4.4406369999999997 45.46096
8487   3.7866170000000001 4.4727399999999999 45.656548000000001
8488   3.4288430000000001 5.0333490000000003 45.967587000000002
8489   4.9074200000000001 3.0951849999999999 46.213093000000001
8490   4.4776639999999999 3.3649490000000002 51.061748999999999
8491   5.2450890000000001 3.626611 50.787315
8492   4.9490759999999998 2.9948139999999999 50.846268000000002
8493   4.7476000000000003 3.2041019999999998 47.878242
8494   4.0736249999999998 3.3503099999999999 51.23856
8495   4.0755739999999996 3.0764399999999998 51.202488000000002
8496   3.8805200000000002 4.371632 45.931193999999998
8497   4.6409219999999998 3.4410959999999999 46.977364000000001
8498   4.0132110000000001 4.2349810000000003 47.301940999999999
8499   4.1792040000000004 3.9832350000000001 47.703868999999997
8500   4.6083420000000004 3.7040359999999999 47.874302
8501   4.5378150000000002 3.953427 48.163345
8502   4.1144309999999997 4.0659700000000001 48.356327
8503   3.8031100000000002 4.0055059999999996 48.019359999999999
8504   3.628412 4.1860470000000003 48.311217999999997
8505   3.391178 5.1411379999999998 46.281058999999999
8506   3.6376620000000002 4.7343900000000003 46.718131999999997
8507   3.913904 4.379785 48.842914999999998
8508   3.7298640000000001 4.7480289999999998 48.863563999999997
8509   4.6365210000000001 4.3935959999999996 48.943793999999997
8510   4.2777409999999998 4.5798560000000004 48.929523000000003
8511   4.051507 4.9463059999999999 49.031939999999999
8512   3.752675 5.2480330000000004 49.151859000000002
8513   3.61713 5.2466790000000003 48.911696999999997
8514   3.5176569999999998 4.6778019999999998 47.269081
8515   3.568781 4.7855889999999999 46.980930000000001
8516   3.5029159999999999 5.2350649999999996 48.671683999999999
8517   3.6036739999999998 5.3380280000000004 49.503577999999997
8518   3.7255020000000001 5.2988939999999998 49.358322000000001
8519   4.0585870000000002 5.2093949999999998 49.364922
8520   4.2793919999999996 5.2428239999999997 49.651111999999998
8521   4.5250789999999999 3.629543 47.015476
8522   4.3708850000000004 3.8578269999999999 47.121184999999997
8523   4.5674799999999998 3.5573510000000002 47.405799999999999
8524   4.6563549999999996 3.420169 47.812911999999997
8525   4.2062140000000001 4.0928319999999996 47.245002999999997
8526   4.2201259999999996 4.4284869999999996 51.195061000000003
8527   3.9048639999999999 4.6515610000000001 51.282100999999997
8528   4.4544360000000003 4.8218529999999999 50.905307999999998
8529   3.8580000000000001 4.3223729999999998 51.424430999999998
8530   3.5015619999999998 4.9433090000000002 46.770240999999999
8531   3.7802449999999999 3.7857509999999999 51.617134
8532   3.8492570000000002 3.9623949999999999 51.538905999999997
8533   4.0727929999999999 3.9431759999999998 51.322429999999997
8534   4.2359749999999998 3.7154029999999998 51.199486
8535   4.1304129999999999 3.5961590000000001 51.234195999999997
8536   4.3653789999999999 3.943524 51.172454999999999
8537   4.8773970000000002 4.3759639999999997 50.749310000000001
8538   4.126112 2.431136 51.130360000000003
8539   3.9353989999999999 2.357192 51.309505000000001
8540   4.1595870000000001 2.847944 51.131100000000004
8541   4.7680049999999996 2.5076580000000002 50.596801999999997
8542   4.5716299999999999 2.7602739999999999 50.933642999999996
8543   4.5294280000000002 2.2350569999999998 50.641871999999999
8544   4.4030319999999996 2.3764690000000002 50.872982
8545   4.3242409999999998 2.7266530000000002 51.047989000000001
8546   4.6442990000000002 2.1538270000000002 50.410690000000002
8547   4.6005700000000003 4.0276050000000003 48.631912
8548   4.2868240000000002 4.1985720000000004 48.695067999999999
8549   4.193022 2.162785 50.978703000000003
8550   4.7392120000000002 4.8804379999999998 49.273434000000002
8551   4.441414 5.1527510000000003 49.500957
8552   4.7327170000000001 3.2622969999999998 47.56456
8553   5.3433010000000003 4.1826970000000001 49.727195999999999
8554   5.3085440000000004 3.9239989999999998 49.405273000000001
8555   5.4590519999999998 3.6817769999999999 49.95673
8556   5.2035999999999998 3.6247790000000002 49.137604000000003
8557   5.4384480000000002 3.433821 49.580272999999998
8558   4.9637539999999998 4.0625450000000001 49.011318000000003
8559   5.1001440000000002 4.2742300000000002 49.264668
8560   5.2956580000000004 4.3916219999999999 50.167206
8561   5.3340920000000001 4.0193110000000001 50.295177000000002
8562   4.7364350000000002 5.1026049999999996 49.722427000000003
8563   5.1281109999999996 4.5534230000000004 49.490448000000001
8564   4.9386549999999998 4.7894360000000002 49.922482000000002
8565   4.8742619999999999 3.8649800000000001 48.874237000000001
8566   5.1646970000000003 2.694877 49.620029000000002
8567   5.2642680000000004 3.1469179999999999 49.329903000000002
8568   5.1522209999999999 2.7949389999999998 49.178153999999999
8569   4.7883880000000003 3.3430759999999999 48.671081999999998
8570   4.9907909999999998 3.261209 48.875442999999997
8571   5.1558479999999998 3.121318 49.056865999999999
8572   5.2984499999999999 3.0306600000000001 49.644928
8573   5.1275690000000003 2.7953250000000001 50.185104000000003
8574   5.010249 2.47112 49.968432999999997
8575   5.3057369999999997 3.1780970000000002 50.046123999999999
8576   5.268472 3.234283 50.381207000000003
8577   4.8972239999999996 2.423089 50.256583999999997
8578   4.8413199999999996 2.2463109999999999 50.071136000000003
8579   5.1454700000000004 2.408372 47.512988999999997
8580   5.0982820000000002 2.2576499999999999 47.959896000000001
8581   5.012861 2.7525390000000001 47.421055000000003
8582   5.129632 1.8101290000000001 48.202972000000003
8583   5.0965199999999999 1.5872889999999999 48.331634999999999
8584   5.1645000000000003 1.937057 48.024120000000003
8585   5.0496020000000001 1.2002999999999999 48.411777000000001
8586   9.9885300000000008 -0.90885800000000005 39.615184999999997
8587   9.7803590000000007 -2.4481169999999999 39.835155
8588   9.8518860000000004 -2.2195999999999998 39.735233000000001
8589   9.8663270000000001 -2.0444879999999999 39.798805000000002
8590   9.9197469999999992 -1.7527200000000001 39.671951
8591   9.9605920000000001 -1.4481409999999999 39.623252999999998
8592   9.9441559999999996 -0.47081200000000001 39.896422999999999
8593   9.9507490000000001 -0.67676899999999995 39.866492999999998
8594   9.9004890000000003 -0.25559500000000002 39.988422
8595   9.8351199999999999 0.044720999999999997 40.033909000000001
8596   9.6889179999999993 0.37151000000000001 40.318722000000001
8597   9.8199950000000005 -2.23488 39.937271000000003
8598   9.9545139999999996 -1.2211970000000001 39.752682
8599   9.5575080000000003 0.81021600000000005 40.267333999999998
8600   9.3820530000000009 1.1212899999999999 40.420132000000002
8601   8.7139579999999999 2.0590709999999999 40.467784999999999
8602   8.2831729999999997 2.3988079999999998 40.361027
8603   8.1187109999999993 2.4919440000000002 40.274788000000001
8604   7.988518 2.5702690000000001 40.142181000000001
8605   6.0028220000000001 3.3085619999999998 39.877910999999997
8606   5.7844930000000003 3.314737 39.838486000000003
8607   6.504715 3.2072980000000002 39.871243
8608   6.1811369999999997 3.2845019999999998 39.878940999999998
8609   6.7802110000000004 3.0928599999999999 39.876990999999997
8610   6.9299109999999997 3.0038130000000001 39.894531000000001
8611   7.1644990000000002 2.8997739999999999 39.896881
8612   9.6180179999999993 -2.918736 40.393397999999998
8613   9.2136309999999995 1.385751 40.525475
8614   8.9438770000000005 1.777919 40.540610999999998
8615   8.8579659999999993 1.8705240000000001 40.564098000000001
8616   8.5168700000000008 2.1757059999999999 40.565620000000003
8617   8.7832810000000006 1.9434560000000001 40.568595999999999
8618   3.653896 2.8815379999999999 40.443939
8619   9.1248430000000003 -2.9723199999999999 41.500214
8620   9.5873229999999996 -2.8819710000000001 40.573951999999998
8621   9.5696340000000006 -2.7848160000000002 40.644978000000002
8622   9.5009119999999996 -2.7763629999999999 40.816325999999997
8623   3.6995010000000002 3.0411410000000001 40.654254999999999
8624   3.6923319999999999 3.1935370000000001 40.874836000000002
8625   8.9587249999999994 -2.9857049999999998 41.752014000000003
8626   8.7912169999999996 -3.1023010000000002 41.931384999999999
8627   8.6334730000000004 -3.0691079999999999 42.132140999999997
8628   4.3272909999999998 3.685521 44.520420000000001
8629   4.1867479999999997 3.7567710000000001 44.355128999999998
8630   8.1873690000000003 -3.1957390000000001 42.550713000000002
8631   7.9934479999999999 -3.2135379999999998 42.728408999999999
8632   8.3841549999999998 -3.1583839999999999 42.370154999999997
8633   5.0336189999999998 3.0005310000000001 45.941341000000001
8634   4.9159730000000001 2.9366970000000001 47.404057000000002
8635   4.7527119999999998 3.2663340000000001 47.198467000000001
8636   4.8462569999999996 3.08419 47.354351000000001
8637   4.5361050000000001 3.5503200000000001 44.689647999999998
8638   3.8804240000000001 3.7916850000000002 43.862011000000003
8639   4.7007389999999996 3.4078840000000001 45.035561000000001
8640   4.9484110000000001 3.1561089999999998 45.416164000000002
8641   5.0256020000000001 3.042681 45.702221000000002
8642   9.6547929999999997 -2.8168419999999998 40.250335999999997
8643   9.6290750000000003 -2.7752729999999999 40.450920000000004
8644   9.6876540000000002 -2.6470259999999999 40.216183000000001
8645   6.2536659999999999 3.1605970000000001 39.937885000000001
8646   6.6319340000000002 3.0365869999999999 39.950794000000002
8647   9.7554820000000007 -2.3468719999999998 40.139465000000001
8648   9.5885099999999994 -2.617575 40.626102000000003
8649   6.3019249999999998 3.0429620000000002 40.038891
8650   5.247922 1.8167469999999999 47.844433000000002
8651   5.2507400000000004 2.009436 47.665149999999997
8652   5.3146469999999999 1.7856939999999999 47.669727000000002
8653   7.1900230000000001 2.6711360000000002 40.77758
8654   7.3577539999999999 2.6154190000000002 40.284382000000001
8655   7.7182050000000002 2.5386600000000001 40.585804000000003
8656   7.8753880000000001 2.5479750000000001 40.289585000000002
8657   8.1256559999999993 2.413923 40.523609
8658   5.6188039999999999 3.0092810000000001 40.352832999999997
8659   5.942698 3.0283899999999999 40.143332999999998
8660   6.1706490000000001 2.9354990000000001 40.391838
8661   6.3803219999999996 2.9447350000000001 40.172511999999998
8662   6.7546390000000001 2.81277 40.245055999999998
8663   6.7012900000000002 2.8090649999999999 40.593304000000003
8664   5.9355019999999996 3.1714820000000001 39.959152000000003
8665   6.7125360000000001 2.9102209999999999 40.068657000000002
8666   9.5779820000000004 0.070785000000000001 40.789206999999998
8667   9.465522 0.43756800000000001 40.822628000000002
8668   9.4218320000000002 0.77705100000000005 40.642722999999997
8669   9.2984179999999999 0.68049599999999999 41.008319999999998
8670   9.1231010000000001 1.1594960000000001 40.909008
8671   9.0263310000000008 1.583318 40.669815
8672   8.9111200000000004 1.5168189999999999 40.916836000000004
8673   8.7586689999999994 1.817588 40.796787000000002
8674   8.6223829999999992 2.033792 40.663589000000002
8675   8.2899890000000003 2.1369850000000001 40.925358000000003
8676   8.3534070000000007 2.291039 40.554276000000002
8677   7.4791340000000002 2.5536029999999998 40.973498999999997
8678   7.8549850000000001 2.412979 40.886142999999997
8679   5.7612129999999997 3.001471 40.586661999999997
8680   6.142665 2.9582519999999999 40.741965999999998
8681   6.4869950000000003 2.8853870000000001 40.819961999999997
8682   6.7019289999999998 2.8256489999999999 40.966442000000001
8683   6.014589 3.0292599999999998 41.022902999999999
8684   6.3233949999999997 2.9406189999999999 40.988227999999999
8685   9.7697669999999999 -0.130494 40.388699000000003
8686   7.0484900000000001 2.7095180000000001 41.303019999999997
8687   5.4668169999999998 2.4224410000000001 46.150340999999997
8688   5.1093510000000002 2.8571439999999999 46.323157999999999
8689   5.266591 2.8344909999999999 45.579571000000001
8690   5.5044740000000001 2.033868 46.752181999999998
8691   5.4354940000000003 1.679357 47.342171
8692   5.3170190000000002 2.14242 47.227443999999998
8693   5.1853930000000004 2.5966990000000001 46.917743999999999
8694   7.1383859999999997 2.756602 40.075038999999997
8695   4.9956149999999999 2.9458160000000002 46.953854
8696   5.0374569999999999 2.8963079999999999 46.741028
8697   4.8842489999999996 3.0901049999999999 47.095123000000001
8698   4.9787720000000002 2.9121570000000001 47.206142
8699   5.3026859999999996 1.6210370000000001 47.787391999999997
8700   5.145429 1.353871 48.224894999999997
8701   5.2218150000000003 1.4521809999999999 48.041058
8702   5.2019659999999996 1.160315 48.096339999999998
8703   5.1962330000000003 1.7087669999999999 48.044623999999999
8704   7.4994360000000002 2.6806939999999999 40.059894999999997
8705   7.7095929999999999 2.6130239999999998 40.135657999999999
8706   6.0727419999999999 3.2321789999999999 39.915725999999999
8707   6.9911450000000004 2.8888729999999998 39.967967999999999
8708   4.7729189999999999 3.4034239999999998 44.545760999999999
8709   4.5351080000000001 3.5616050000000001 44.412640000000003
8710   4.6754819999999997 3.5144090000000001 44.141719999999999
8711   4.337561 3.6673499999999999 44.192504999999997
8712   7.3315289999999997 2.775728 39.970408999999997
8713   8.8809799999999992 -2.818711 41.945194000000001
8714   9.855378 -1.8292409999999999 39.965224999999997
8715   9.8779459999999997 -1.4900690000000001 39.991089000000002
8716   8.5660629999999998 -2.8681610000000002 42.331051000000002
8717   9.812932 -2.075647 40.097541999999997
8718   9.8410379999999993 -0.556558 40.256869999999999
8719   5.1182319999999999 3.121794 44.804614999999998
8720   9.8787540000000007 -1.018953 40.095219
8721   3.7719200000000002 3.799544 43.517333999999998
8722   3.4496669999999998 1.757101 38.727989000000001
8723   3.385319 1.8078959999999999 38.641609000000003
8724   3.3246760000000002 1.8779760000000001 38.584805000000003
8725   3.3471449999999998 2.516499 38.572108999999998
8726   3.324551 2.2986930000000001 38.569557000000003
8727   3.3674810000000002 2.828748 38.551414000000001
8728   3.4373279999999999 3.270918 38.461807
8729   3.5988950000000002 3.636253 38.435859999999998
8730   3.8196479999999999 3.8410150000000001 38.492972999999999
8731   4.0576600000000003 4.0175669999999997 38.587780000000002
8732   4.1502220000000003 3.884639 38.751949000000003
8733   3.5541860000000001 1.743968 38.911869000000003
8734   3.8248890000000002 2.26356 39.085590000000003
8735   3.95044 2.3467560000000001 39.176540000000003
8736   4.1083360000000004 2.564505 39.33569
8737   4.0539269999999998 2.5485720000000001 39.229916000000003
8738   4.2816970000000003 2.8232870000000001 39.320881
8739   4.3642640000000004 3.880023 38.884422000000001
8740   4.5509690000000003 3.1089229999999999 39.358390999999997
8741   3.3964479999999999 1.9730369999999999 38.643977999999997
8742   3.5303909999999998 2.426679 38.807811999999998
8743   3.559466 1.9408840000000001 38.834290000000003
8744   3.4562490000000001 2.816611 38.646988
8745   3.5879599999999998 2.8141189999999998 38.790154000000001
8746   3.8093360000000001 2.798737 38.999389999999998
8747   3.903759 2.514424 39.091312000000002
8748   4.0905129999999996 2.8356539999999999 39.193272
8749   3.5409730000000001 3.0634220000000001 38.655147999999997
8750   3.5117919999999998 3.2540300000000002 38.546852000000001
8751   3.608314 3.3571360000000001 38.630108
8752   3.7186889999999999 3.1492010000000001 38.814346
8753   3.5707879999999999 3.429306 38.521366
8754   3.7031290000000001 3.6146319999999998 38.566634999999998
8755   3.7464089999999999 3.5794950000000001 38.710388000000002
8756   4.0372919999999999 3.1480640000000002 39.091206
8757   4.1795679999999997 3.597782 39.060993000000003
8758   3.9574189999999998 3.711919 38.851039999999998
8759   3.4559069999999998 3.0626500000000001 38.549812000000003
8760   4.3091819999999998 3.108374 39.228073000000002
8761   4.2803120000000003 3.3422040000000002 39.153519000000003
8762   3.9088599999999998 3.80165 38.642646999999997
8763   4.2028540000000003 3.799839 38.866840000000003
8764   2.2587320000000002 -2.274276 48.804630000000003
8765   2.4392429999999998 -2.0325839999999999 48.906055000000002
8766   2.912846 -1.69756 48.938102999999998
8767   3.0784479999999999 -1.58975 48.951393000000003
8768   9.6952250000000006 -2.43946 40.368789999999997
8769   9.7773459999999996 -2.2273839999999998 40.292797
8770   9.8244170000000004 -2.0360200000000002 40.274749999999997
8771   3.5693779999999999 -1.358481 48.839046000000003
8772   4.4072849999999999 -0.38796900000000001 48.780127999999998
8773   4.2758000000000003 -0.64346700000000001 48.776198999999998
8774   4.5774679999999996 -0.11000799999999999 48.732185000000001
8775   5.3388249999999999 3.043771 40.217308000000003
8776   5.5939319999999997 3.0515880000000002 40.159678999999997
8777   5.685111 3.1063049999999999 40.034976999999998
8778   5.7007839999999996 3.2024889999999999 39.921042999999997
8779   9.8205749999999998 -1.773514 40.252918000000001
8780   9.8131939999999993 -1.30331 40.377636000000003
8781   9.8048009999999994 -0.91774 40.433906999999998
8782   5.2894810000000003 3.0324979999999999 40.468001999999998
8783   5.344214 3.0159570000000002 40.335071999999997
8784   5.4749540000000003 3.0298569999999998 40.558430000000001
8785   5.5245240000000004 3.0416310000000002 40.679412999999997
8786   5.703786 3.054068 40.823535999999997
8787   9.7437590000000007 -0.68504799999999999 40.653247999999998
8788   9.6863250000000001 -0.343279 40.710037
8789   8.8160129999999999 1.444223 41.236156000000001
8790   8.9812349999999999 1.100698 41.328766000000002
8791   8.5159749999999992 1.802905 41.213256999999999
8792   7.5575720000000004 2.4751340000000002 41.232948
8793   7.8574450000000002 2.3081119999999999 41.283423999999997
8794   6.4260590000000004 2.9423879999999998 41.256965999999998
8795   5.7465770000000003 3.103189 41.028968999999996
8796   9.5294740000000004 -0.133988 41.125832000000003
8797   9.3591770000000007 0.28004600000000002 41.218361000000002
8798   9.173705 0.69835899999999995 41.358508999999998
8799   8.2705490000000008 1.9614370000000001 41.374465999999998
8800   8.0778339999999993 2.1451750000000001 41.329738999999996
8801   4.4331959999999997 3.6404740000000002 43.987343000000003
8802   4.966278 3.317412 44.288193
8803   5.2406389999999998 3.0962200000000002 44.540947000000003
8804   5.5882149999999999 2.6899959999999998 45.132648000000003
8805   5.5558269999999998 2.6088490000000002 45.411617
8806   5.4073149999999996 2.8893930000000001 44.861336000000001
8807   5.6361489999999996 2.3309440000000001 45.901211000000004
8808   5.6075549999999996 2.2601140000000002 46.115585000000003
8809   5.5556489999999998 2.505979 45.681708999999998
8810   5.5818490000000001 1.6638919999999999 47.015697000000003
8811   5.5041310000000001 1.486737 47.340378000000001
8812   5.6123909999999997 2.1259320000000002 46.341976000000003
8813   5.3705480000000003 1.37148 47.686836
8814   5.300001 1.1691199999999999 47.934849
8815   9.2394189999999998 -2.744297 41.418582999999998
8816   9.0812570000000008 -2.7876729999999998 41.657803000000001
8817   8.2211269999999992 -2.9955400000000001 42.659210000000002
8818   7.9936040000000004 -3.0402999999999998 42.877583000000001
8819   4.1624239999999997 3.7690610000000002 43.814284999999998
8820   3.7891810000000001 2.9110019999999999 40.483051000000003
8821   3.8878010000000001 3.0506449999999998 40.673183000000002
8822   5.1133100000000002 0.88582099999999997 48.279761999999998
8823   9.4614899999999995 -2.6824340000000002 40.954940999999998
8824   9.3520389999999995 -2.6560540000000001 41.217258000000001
8825   3.8408319999999998 3.1611570000000002 40.835968000000001
8826   3.7868240000000002 3.3116859999999999 41.087898000000003
8827   5.53165 3.2767200000000001 39.824539000000001
8828   7.7491450000000004 -3.1559620000000002 43.032322000000001
8829   3.9072100000000001 3.80721 43.650337
8830   4.4543850000000003 2.976607 39.423774999999999
8831   4.2189500000000004 2.702248 39.395477
8832   4.3325379999999996 2.8301539999999998 39.424232000000003
8833   4.5820619999999996 3.1118329999999998 39.448462999999997
8834   4.7226970000000001 3.1774049999999998 39.466662999999997
8835   4.8713660000000001 3.2846929999999999 39.561798000000003
8836   3.590665 2.1913309999999999 39.640555999999997
8837   3.583869 2.2845499999999999 39.755791000000002
8838   3.6831200000000002 2.169009 39.504962999999996
8839   3.8145630000000001 2.2487840000000001 39.409809000000003
8840   3.9347479999999999 2.3758370000000002 39.400241999999999
8841   4.0254120000000002 2.4639880000000001 39.377288999999998
8842   4.1192310000000001 2.5961110000000001 39.409495999999997
8843   5.251614 3.3240159999999999 39.696162999999999
8844   5.1084820000000004 3.31894 39.608657999999998
8845   3.6427160000000001 2.3988320000000001 39.857368000000001
8846   3.7851219999999999 3.5868099999999998 41.628352999999997
8847   3.6140620000000001 3.7860969999999998 43.119038000000003
8848   5.7274310000000002 -3.986119 44.013725000000001
8849   4.8769410000000004 -3.5981489999999998 45.502288999999998
8850   5.131157 -3.6287530000000001 45.197304000000003
8851   6.6457980000000001 -3.6711659999999999 43.554592
8852   5.5202879999999999 -3.973668 44.255234000000002
8853   5.0455329999999998 -3.9005000000000001 44.707909000000001
8854   3.6053609999999998 -3.3227129999999998 47.037196999999999
8855   3.7778100000000001 -3.3250679999999999 46.887946999999997
8856   3.4551970000000001 -3.2723650000000002 47.205261
8857   5.4306720000000004 -3.6026050000000001 44.918380999999997
8858   4.5267600000000003 -3.5436749999999999 45.891308000000002
8859   4.3193049999999999 -3.449192 46.223968999999997
8860   4.0448589999999998 -3.4385970000000001 46.493561
8861   3.8765869999999998 -3.4097249999999999 46.698925000000003
8862   3.0768810000000002 -3.2242069999999998 47.469917000000002
8863   2.433443 -3.1705969999999999 47.762188000000002
8864   2.5756839999999999 -3.2203550000000001 47.641917999999997
8865   2.7408260000000002 -3.221562 47.601315
8866   2.1892480000000001 -3.041903 48.025055000000002
8867   4.1075910000000002 -0.91869699999999999 48.767654
8868   4.9307290000000004 0.69345699999999999 48.520164000000001
8869   4.7951759999999997 0.43079699999999999 48.654854
8870   2.2568039999999998 -2.7417820000000002 48.325302000000001
8871   5.3695399999999998 3.3106740000000001 39.750247999999999
8872   3.689289 2.722899 40.241325000000003
8873   3.7012610000000001 2.8006609999999998 40.344357000000002
8874   2.298448 -2.5073970000000001 48.558715999999997
8875   4.6444799999999997 0.21661 48.755135000000003
8876   3.7305600000000001 3.4631539999999998 41.347481000000002
8877   3.7677740000000002 3.6715 41.968043999999999
8878   3.6228150000000001 3.712151 42.211883999999998
8879   3.6679599999999999 3.752148 42.602347999999999
8880   7.4557000000000002 -3.3313600000000001 43.145180000000003
8881   7.072184 -3.4854240000000001 43.337688
8882   4.7618580000000001 3.2751320000000002 39.714714000000001
8883   5.0425089999999999 3.2988770000000001 39.686272000000002
8884   5.1624509999999999 3.2685529999999998 39.857894999999999
8885   4.8652189999999997 3.3036720000000002 39.630057999999998
8886   4.2030149999999997 2.7313939999999999 39.472121999999999
8887   4.3568689999999997 2.9554969999999998 39.492736999999998
8888   4.2388589999999997 2.8874209999999998 39.542121999999999
8889   3.1531419999999999 -2.2970570000000001 48.346007999999998
8890   2.7559260000000001 -2.5880130000000001 48.294463999999998
8891   2.4846370000000002 -2.341777 48.641154999999998
8892   2.9263309999999998 -3.1363729999999999 47.61974
8893   2.6266020000000001 -3.1317750000000002 47.737487999999999
8894   2.9156819999999999 -2.877624 47.917521999999998
8895   2.3740860000000001 -2.9480279999999999 48.033371000000002
8896   5.2557369999999999 3.3087960000000001 39.760212000000003
8897   5.3905979999999998 3.2796370000000001 39.823349
8898   4.1296210000000002 2.7555290000000001 39.574997000000003
8899   4.0989680000000002 2.6579869999999999 39.499336
8900   3.8275130000000002 2.5603560000000001 39.930732999999996
8901   3.8492510000000002 2.534294 39.773369000000002
8902   4.000667 2.6958169999999999 39.912205
8903   3.9382619999999999 2.6272630000000001 39.763874000000001
8904   3.9327730000000001 2.5931999999999999 39.656433
8905   3.8487279999999999 2.450609 39.579070999999999
8906   3.9400170000000001 2.5300669999999998 39.537326999999998
8907   3.6705410000000001 2.3319589999999999 39.752693000000001
8908   3.7461989999999998 2.382622 39.716915
8909   3.7306029999999999 2.286095 39.6008
8910   3.6767430000000001 2.251525 39.636420999999999
8911   3.8870300000000002 2.3922690000000002 39.481544
8912   4.0291050000000004 2.5401370000000001 39.459572000000001
8913   4.0361820000000002 2.623151 39.525126999999998
8914   4.0084369999999998 2.6553930000000001 39.605476000000003
8915   4.111078 2.7911000000000001 39.789611999999998
8916   3.3301270000000001 -1.78166 48.657772000000001
8917   3.3337599999999998 -3.034545 47.580264999999997
8918   3.79006 2.3133819999999998 39.534041999999999
8919   3.8575550000000001 2.5212050000000001 39.680976999999999
8920   3.7905709999999999 2.4043839999999999 39.642482999999999
8921   2.7465519999999999 -1.8769070000000001 48.870162999999998
8922   3.5746980000000002 -2.910174 47.560471
8923   3.7796189999999998 -3.1830340000000001 47.110061999999999
8924   4.3111639999999998 -3.2023890000000002 46.653820000000003
8925   4.3034509999999999 -3.344951 46.401195999999999
8926   4.0203759999999997 -3.318387 46.713531000000003
8927   4.1159420000000004 -3.181346 46.842773000000001
8928   5.5069290000000004 3.212288 39.928272
8929   3.2972980000000001 -2.642115 47.964320999999998
8930   3.4013249999999999 -2.391988 48.147841999999997
8931   4.9005599999999996 -0.54644400000000004 48.367122999999999
8932   4.8431940000000004 0.0067270000000000003 48.518954999999998
8933   5.27874 -0.091929999999999998 48.136935999999999
8934   5.1451849999999997 0.28140500000000002 48.279446
8935   5.0670130000000002 0.48850199999999999 48.38073
8936   5.3508199999999997 0.39772999999999997 48.083893000000003
8937   4.0250870000000001 -1.655589 48.430594999999997
8938   3.6815060000000002 -1.7959020000000001 48.492961999999999
8939   3.8886080000000001 -1.3953800000000001 48.661330999999997
8940   4.2370780000000003 -1.3500049999999999 48.503773000000002
8941   4.5012610000000004 -1.5711299999999999 48.274791999999998
8942   4.6273239999999998 -1.0566500000000001 48.404147999999999
8943   4.4948079999999999 -0.737626 48.590350999999998
8944   4.6518430000000004 -0.39898499999999998 48.574604000000001
8945   4.277577 -1.1080650000000001 48.596550000000001
8946   5.2347340000000004 0.64318299999999995 48.174697999999999
8947   3.4729179999999999 -2.0872980000000001 48.373344000000003
8948   4.2844530000000001 3.0082770000000001 39.573830000000001
8949   4.0787690000000003 2.7720950000000002 40.066077999999997
8950   3.9423599999999999 2.7580619999999998 40.163615999999998
8951   4.2597259999999997 2.9551440000000002 39.666992
8952   4.3411860000000004 2.9865240000000002 39.830883
8953   4.3485899999999997 2.9241079999999999 40.093811000000002
8954   4.3508880000000003 2.9649399999999999 39.982444999999998
8955   4.8695440000000003 3.0577480000000001 40.130549999999999
8956   4.7131210000000001 3.1346370000000001 39.933514000000002
8957   5.0449789999999997 3.0464829999999998 40.319552999999999
8958   5.3267160000000002 3.1298849999999998 40.042853999999998
8959   4.4521699999999997 2.9592689999999999 40.339458
8960   4.9770880000000002 3.0648590000000002 40.503582000000002
8961   4.6446550000000002 3.1357979999999999 40.644505000000002
8962   4.006132 2.937748 40.488190000000003
8963   5.2603739999999997 3.1024850000000002 40.716824000000003
8964   4.9035219999999997 3.3231039999999998 41.030135999999999
8965   9.7992190000000008 -2.0423789999999999 40.456572999999999
8966   9.7133520000000004 -2.1558609999999998 40.772247
8967   9.8256379999999996 -1.6563380000000001 40.605145
8968   9.6015379999999997 -1.9174249999999999 41.303108000000002
8969   4.1421580000000002 3.245787 40.900215000000003
8970   5.4900880000000001 3.1550120000000001 40.978203000000001
8971   9.5093040000000002 -2.4806029999999999 41.012466000000003
8972   9.2931349999999995 -2.3694600000000001 41.662502000000003
8973   9.6413810000000009 -1.3246549999999999 41.322406999999998
8974   9.7817570000000007 -1.0591520000000001 40.736687000000003
8975   9.6794770000000003 -0.96725499999999998 41.234962000000003
8976   9.6871799999999997 -0.59950800000000004 41.037936999999999
8977   9.5835450000000009 -0.82233599999999996 41.709377000000003
8978   9.5504460000000009 -0.34336299999999997 41.523150999999999
8979   4.8956289999999996 3.5297459999999998 41.527873999999997
8980   5.7841089999999999 3.1903600000000001 41.282249
8981   6.3305759999999998 3.1299959999999998 41.679886000000003
8982   5.716926 3.4213740000000001 41.832892999999999
8983   4.1284999999999998 3.5234380000000001 41.368304999999999
8984   4.2223379999999997 3.6627830000000001 41.851027999999999
8985   5.1391349999999996 3.5992259999999998 41.865704000000001
8986   4.7249249999999998 3.6749160000000001 41.920765000000003
8987   9.3679020000000008 -1.4433879999999999 42.242538000000003
8988   8.8532050000000009 -2.3455550000000001 42.401797999999999
8989   9.4060089999999992 -0.70574199999999998 42.258395999999998
8990   9.4041759999999996 -0.30707699999999999 42.020080999999998
8991   9.3503620000000005 0.109898 41.597633000000002
8992   9.1461849999999991 0.18599299999999999 42.271541999999997
8993   6.7380050000000002 2.918596 41.604084
8994   7.0488540000000004 2.829275 41.963104000000001
8995   6.6135419999999998 3.0852309999999998 41.983234000000003
8996   7.5051100000000002 2.5103 41.570633000000001
8997   7.4972690000000002 2.5484830000000001 42.254958999999999
8998   6.046081 3.3634710000000001 42.204783999999997
8999   5.0126249999999999 3.7091180000000001 42.268737999999999
9000   5.3841770000000002 3.600997 42.347450000000002
9001   4.4520749999999998 3.7613660000000002 42.392730999999998
9002   3.8708999999999998 3.7516379999999998 42.357529
9003   8.413653 -2.6859109999999999 42.675933999999998
9004   8.4073379999999993 -2.2608470000000001 43.136966999999999
9005   9.1616320000000009 -0.68843600000000005 42.687077000000002
9006   9.1758290000000002 -0.25720799999999999 42.522433999999997
9007   8.9856250000000006 0.080477999999999994 42.655909999999999
9008   9.2087260000000004 0.53676199999999996 41.916930999999998
9009   8.7977410000000003 0.52000900000000005 42.691982000000003
9010   9.0143540000000009 0.71913800000000005 42.277172
9011   8.9955630000000006 1.0177849999999999 41.745978999999998
9012   8.7254439999999995 1.137357 42.358981999999997
9013   8.4957910000000005 1.6707639999999999 41.715747999999998
9014   8.4048029999999994 1.586346 42.486904000000003
9015   8.0369659999999996 2.0913879999999998 42.384349999999998
9016   7.9441879999999996 2.1989019999999999 41.729163999999997
9017   6.4534549999999999 3.1930109999999998 42.50967
9018   6.8776979999999996 2.8712200000000001 42.833080000000002
9019   5.6897060000000002 3.473509 42.705513000000003
9020   4.0671809999999997 3.817523 42.904468999999999
9021   4.4132680000000004 3.8304499999999999 42.890633000000001
9022   4.9374279999999997 3.700377 42.980930000000001
9023   8.0054839999999992 -2.7846419999999998 43.127845999999998
9024   8.7335790000000006 -1.6560999999999999 43.138905000000001
9025   8.8677220000000005 -0.96364399999999995 43.135426000000002
9026   8.8052390000000003 -0.111314 43.047283
9027   8.5053579999999993 0.53281699999999999 43.190071000000003
9028   8.387613 1.1274310000000001 42.956203000000002
9029   7.9249499999999999 1.4841359999999999 43.365333999999997
9030   8.0164810000000006 1.7729200000000001 42.901401999999997
9031   7.4303229999999996 2.0668980000000001 43.414088999999997
9032   7.5080710000000002 2.3420019999999999 42.830677000000001
9033   7.0199819999999997 2.5192909999999999 43.318024000000001
9034   6.5674970000000004 2.6748460000000001 43.717818999999999
9035   5.6611339999999997 3.3316279999999998 43.341740000000001
9036   3.7942290000000001 3.7862450000000001 42.924720999999998
9037   7.4142049999999999 -2.9862579999999999 43.613185999999999
9038   7.8611230000000001 -2.4705490000000001 43.692570000000003
9039   8.0677839999999996 -1.8609910000000001 43.939712999999998
9040   8.4570439999999998 -1.210288 43.755180000000003
9041   8.4391099999999994 -0.39104899999999998 43.798634
9042   8.1621290000000002 0.27344800000000002 44.062159999999999
9043   8.4147390000000009 0.248888 43.561340000000001
9044   8.0755560000000006 0.90572200000000003 43.741427999999999
9045   7.5698930000000004 1.572994 43.956760000000003
9046   6.7801850000000004 2.3163689999999999 44.119929999999997
9047   6.1046959999999997 2.9337369999999998 43.754738000000003
9048   5.036289 3.609213 43.500098999999999
9049   3.9226800000000002 3.8189769999999998 43.363342000000003
9050   3.7654480000000001 3.797984 43.234591999999999
9051   4.5841710000000004 3.6440000000000001 43.82452
9052   4.2710910000000002 3.8056030000000001 43.382224999999998
9053   6.0644349999999996 -3.605159 44.253017
9054   6.8249969999999998 -3.0000499999999999 44.366081000000001
9055   6.7786600000000004 -3.4255870000000002 43.728518999999999
9056   7.402552 -2.660571 44.099789000000001
9057   7.6032970000000004 -2.322845 44.191780000000001
9058   8.004645 -1.249541 44.268051
9059   8.1023809999999994 -0.76285599999999998 44.248688000000001
9060   7.7476219999999998 0.62448499999999996 44.600085999999997
9061   7.5733860000000002 1.193872 44.423222000000003
9062   7.186769 1.9741470000000001 44.066733999999997
9063   6.0426260000000003 2.6260379999999999 44.551369000000001
9064   5.4014300000000004 3.1006130000000001 44.294688999999998
9065   5.0784630000000002 3.4452539999999998 43.864879999999999
9066   7.1837809999999998 -2.541471 44.516911
9067   7.3641399999999999 -2.1027580000000001 44.64011
9068   7.5148250000000001 -1.490183 44.802821999999999
9069   7.7087729999999999 -0.83426599999999995 44.738365000000002
9070   7.9018550000000003 -0.15823000000000001 44.552647
9071   7.4752599999999996 -0.36496000000000001 45.205466999999999
9072   7.5713480000000004 0.21598100000000001 45.088698999999998
9073   7.3928370000000001 0.62188699999999997 45.296393999999999
9074   7.3018169999999998 1.0761529999999999 45.105300999999997
9075   7.0325170000000004 1.6633929999999999 44.782882999999998
9076   6.066192 -3.0593919999999999 45.075775
9077   5.6458199999999996 -3.4469569999999998 44.908774999999999
9078   6.7778790000000004 -2.5127609999999998 45.057819000000002
9079   7.0451750000000004 -1.9378960000000001 45.204563
9080   7.3401360000000002 -0.95572400000000002 45.286147999999997
9081   7.0993519999999997 0.19912099999999999 45.838825
9082   6.8300559999999999 1.289415 45.658009
9083   6.3006159999999998 2.0302229999999999 45.337710999999999
9084   5.7896530000000004 2.4309799999999999 45.394848000000003
9085   5.4042899999999996 -3.2458589999999998 45.526820999999998
9086   5.7996369999999997 -2.8127119999999999 45.749119
9087   6.278454 -2.490437 45.653182999999999
9088   6.6526350000000001 -2.0655060000000001 45.643265
9089   6.8746020000000003 -1.4338960000000001 45.755755999999998
9090   7.0610499999999998 -0.60721999999999998 45.782302999999999
9091   6.9768319999999999 0.79839499999999997 45.886681000000003
9092   6.6310289999999998 1.6263069999999999 45.510792000000002
9093   5.7666180000000002 2.1560999999999999 46.014266999999997
9094   4.8027860000000002 -3.0509019999999998 46.442946999999997
9095   5.3331229999999996 -2.92909 46.087780000000002
9096   4.9556040000000001 -3.3187579999999999 45.933388000000001
9097   5.6730460000000003 -2.68228 46.090302000000001
9098   5.9433680000000004 -2.4194110000000002 46.135852999999997
9099   6.352868 -1.890522 46.176864999999999
9100   6.5456519999999996 -1.366905 46.261875000000003
9101   6.6939840000000004 -0.86061299999999996 46.255913
9102   6.7961220000000004 -0.168101 46.284770999999999
9103   6.7494360000000002 0.46834199999999998 46.339523
9104   6.5946259999999999 1.015873 46.269874999999999
9105   6.4208879999999997 1.493314 45.998711
9106   6.0889920000000002 1.754499 46.120113000000003
9107   5.7733100000000004 1.7887230000000001 46.552193000000003
9108   5.1502169999999996 -2.7159309999999999 46.562140999999997
9109   5.5441010000000004 -2.5248339999999998 46.429630000000003
9110   5.8322929999999999 -2.0057309999999999 46.690578000000002
9111   6.1852309999999999 -1.1899310000000001 46.815586000000003
9112   6.4788680000000003 -0.45947300000000002 46.685535000000002
9113   6.4745429999999997 0.19227 46.772658999999997
9114   6.4138149999999996 0.74968000000000001 46.668357999999998
9115   6.1467200000000002 1.2831159999999999 46.583083999999999
9116   4.3422489999999998 -2.9952570000000001 46.912731000000001
9117   4.8037910000000004 -2.7112859999999999 46.866672999999999
9118   5.2113329999999998 -2.3034300000000001 47.006034999999997
9119   4.4733590000000003 -2.4522110000000001 47.416885000000001
9120   3.9424389999999998 -2.8792010000000001 47.339892999999996
9121   4.9713130000000003 -1.983438 47.565105000000003
9122   5.521827 -1.5872189999999999 47.421047000000002
9123   5.7620389999999997 -0.89683299999999999 47.454388000000002
9124   5.645797 -0.38159700000000002 47.716667000000001
9125   6.0933440000000001 -0.25403999999999999 47.223731999999998
9126   5.7241710000000001 0.27638099999999999 47.722957999999998
9127   6.0118390000000002 0.71089400000000003 47.185870999999999
9128   5.7093439999999998 0.73841199999999996 47.640411
9129   5.574783 1.130436 47.592098
9130   5.6781499999999996 1.4386760000000001 47.089413
9131   3.7475679999999998 -2.5712259999999998 47.779502999999998
9132   4.1542120000000002 -2.1845750000000002 47.917355000000001
9133   3.7424050000000002 -2.10439 48.227924000000002
9134   4.5642769999999997 -1.940474 47.912993999999998
9135   4.2003919999999999 -1.8539319999999999 48.206032
9136   4.9567500000000004 -1.535058 47.978630000000003
9137   5.2299749999999996 -0.85412999999999994 47.982833999999997
9138   5.419492 0.77896699999999996 47.937159999999999
9139   4.4489280000000004 3.1099610000000002 39.748997000000003
9140   3.8006099999999998 2.7811560000000002 40.295368000000003
9141   9.6913719999999994 -2.3411620000000002 40.569488999999997
9142   5.0633650000000001 -3.494049 45.520885
9143   4.6589210000000003 -3.419235 45.993586999999998
9144   4.5061010000000001 3.1960660000000001 39.592922000000002
9145   4.5996439999999996 3.2093940000000001 39.547901000000003
9146   4.5970899999999997 3.2314880000000001 39.639214000000003
9147   4.5089740000000003 3.118322 39.487220999999998
9148   4.6857499999999996 3.1937519999999999 39.516682000000003
9149   4.4164859999999999 3.1151849999999999 39.578529000000003
9150   4.6883179999999998 3.2532380000000001 39.588023999999997
9151   4.7750089999999998 3.2776909999999999 39.587569999999999
9152   3.8167089999999999 2.629426 40.054504000000001
9153   2.6784379999999999 4.4250939999999996 37.770572999999999
9154   2.7507860000000002 5.079142 37.495930000000001
9155   2.7412730000000001 5.2816070000000002 37.362670999999999
9156   9.5712340000000005 5.9187349999999999 37.891075000000001
9157   9.1152130000000007 6.4368600000000002 37.781115999999997
9158   9.3587570000000007 6.1386900000000004 37.842174999999997
9159   8.6501000000000001 6.8992589999999998 37.579746
9160   4.5445890000000002 7.4685969999999999 36.475895000000001
9161   4.3783399999999997 7.3844349999999999 36.48254
9162   4.2489100000000004 7.3663980000000002 36.507725000000001
9163   4.130585 7.2444839999999999 36.552920999999998
9164   2.9189699999999998 4.3365919999999996 37.969051
9165   3.4421750000000002 4.6347860000000001 38.026558000000001
9166   3.8568159999999998 5.2327089999999998 37.999198999999997
9167   10.001590999999999 5.1702000000000004 38.051288999999997
9168   10.000334000000001 4.9217409999999999 38.134262
9169   4.3656569999999997 5.5047949999999997 38.056496000000003
9170   4.7974909999999999 5.6220150000000002 38.203442000000003
9171   9.2973890000000008 4.6877509999999996 38.670662
9172   9.5511250000000008 4.6159330000000001 38.544936999999997
9173   8.9556760000000004 4.8593039999999998 38.778824
9174   9.7975279999999998 4.7101240000000004 38.348655999999998
9175   8.5508360000000003 5.1876160000000002 38.788257999999999
9176   4.9845790000000001 5.1360849999999996 38.548293999999999
9177   5.28247 5.1041509999999999 38.777050000000003
9178   6.052155 5.3071320000000002 38.904167000000001
9179   5.6259519999999998 5.1568769999999997 38.922535000000003
9180   8.0634540000000001 5.3019720000000001 38.824798999999999
9181   7.6022489999999996 5.4484899999999996 38.820545000000003
9182   7.2119869999999997 5.4550190000000001 38.890785000000001
9183   6.4421249999999999 5.4223679999999996 38.901539
9184   6.7998289999999999 5.4668640000000002 38.901027999999997
9185   3.4831629999999998 6.817005 36.669113000000003
9186   3.669937 6.97797 36.625785999999998
9187   3.7805689999999998 7.0633140000000001 36.594569999999997
9188   3.9082710000000001 7.1006369999999999 36.574753000000001
9189   4.7858869999999998 7.5477959999999999 36.426659000000001
9190   5.027984 7.6691979999999997 36.480159999999998
9191   7.5377320000000001 7.6895220000000002 36.589759999999998
9192   7.3750039999999997 7.7382030000000004 36.535812
9193   7.9819310000000003 7.4959280000000001 37.022773999999998
9194   7.7989199999999999 7.5751949999999999 36.821793
9195   7.1101590000000003 7.7896710000000002 36.475364999999996
9196   6.7404950000000001 7.8693270000000002 36.373344000000003
9197   7.6382389999999996 7.645632 36.651794000000002
9198   6.058586 7.890784 36.375759000000002
9199   5.9473289999999999 7.8857980000000003 36.403151999999999
9200   6.3314180000000002 7.8881829999999997 36.368133999999998
9201   3.0314030000000001 6.1812699999999996 36.967551999999998
9202   2.7906029999999999 5.5004819999999999 37.286949
9203   2.9107750000000001 5.6301059999999996 37.282573999999997
9204   8.4388629999999996 7.2069619999999999 37.295589
9205   8.1878949999999993 7.374695 37.176918000000001
9206   3.1444369999999999 6.0564939999999998 37.202168
9207   3.1824029999999999 6.2469640000000002 36.971268000000002
9208   3.6012409999999999 6.4504539999999997 37.232506000000001
9209   3.3875999999999999 6.5498940000000001 36.813792999999997
9210   3.7998460000000001 6.8941410000000003 36.699612000000002
9211   2.8808009999999999 5.4239920000000001 37.491425
9212   3.0401250000000002 5.2915130000000001 37.693306
9213   2.8732839999999999 4.896515 37.789676999999998
9214   3.3214399999999999 6.0000090000000004 37.467281
9215   3.0712600000000001 5.7565030000000004 37.374180000000003
9216   2.9904730000000002 4.6136879999999998 37.947968000000003
9217   2.8170030000000001 4.5456159999999999 37.901997000000001
9218   3.4999929999999999 5.0390050000000004 37.976101
9219   3.1861609999999998 4.5965020000000001 37.973087
9220   3.346336 5.3981830000000004 37.809265000000003
9221   3.1919240000000002 5.6197189999999999 37.607170000000004
9222   4.0274200000000002 5.8049140000000001 37.951861999999998
9223   3.5876039999999998 5.9100390000000003 37.719985999999999
9224   5.2432319999999999 5.412814 38.539211000000002
9225   5.0730880000000003 5.6140429999999997 38.346504000000003
9226   5.302136 5.7420580000000001 38.432532999999999
9227   5.521763 5.630808 38.587780000000002
9228   5.5700519999999996 5.3862030000000001 38.816833000000003
9229   5.8723219999999996 5.5796720000000004 38.749229
9230   4.5311940000000002 7.3888879999999997 36.659385999999998
9231   4.197902 6.9253799999999996 37.336765
9232   4.6760900000000003 7.1837039999999996 37.363143999999998
9233   4.9906499999999996 7.5270190000000001 36.993648999999998
9234   6.7621960000000003 7.8137650000000001 36.618918999999998
9235   5.9158520000000001 7.8476739999999996 36.656852999999998
9236   6.0883060000000002 7.8529309999999999 36.407432999999997
9237   8.3243709999999993 6.9187079999999996 37.664321999999999
9238   8.1265579999999993 7.1295710000000003 37.533965999999999
9239   8.2930030000000006 7.1702640000000004 37.417461000000003
9240   5.0311409999999999 7.635084 36.615051000000001
9241   5.4679399999999996 7.7519840000000002 36.764397000000002
9242   7.9461089999999999 7.2711410000000001 37.398955999999998
9243   7.8950129999999996 7.5050559999999997 37.111561000000002
9244   7.4784030000000001 7.6378399999999997 36.990768000000003
9245   7.4727560000000004 7.6600089999999996 36.681201999999999
9246   4.0246110000000002 6.3168220000000002 37.724487000000003
9247   4.336233 6.237438 37.899459999999998
9248   4.6219039999999998 6.1964779999999999 37.997616000000001
9249   4.770492 5.9923060000000001 38.107779999999998
9250   7.3588820000000004 5.952699 38.580272999999998
9251   7.1853309999999997 5.7688990000000002 38.689819
9252   6.7755650000000003 6.0299310000000004 38.559544000000002
9253   4.0833969999999997 6.5957699999999999 37.532592999999999
9254   8.71983 5.2640310000000001 38.687046000000002
9255   8.9942849999999996 5.0260069999999999 38.681721000000003
9256   8.4849739999999994 5.3953259999999998 38.668655000000001
9257   7.9634299999999998 5.5708770000000003 38.701560999999998
9258   8.3310919999999999 5.575787 38.596179999999997
9259   7.8741000000000003 5.8126090000000001 38.567183999999997
9260   8.1230170000000008 5.6847380000000003 38.593136000000001
9261   5.1092180000000003 5.9323420000000002 38.234447000000003
9262   6.4210839999999996 6.0370520000000001 38.563918999999999
9263   6.3518800000000004 5.6461319999999997 38.783042999999999
9264   6.1092870000000001 5.9521230000000003 38.564095000000002
9265   5.4012370000000001 5.9577749999999998 38.356949
9266   5.6905349999999997 5.8445850000000004 38.554648999999998
9267   5.5191379999999999 5.8702059999999996 38.465961
9268   5.8490659999999997 5.9002109999999997 38.560428999999999
9269   5.1767190000000003 7.427759 37.330146999999997
9270   5.7966509999999998 7.5523470000000001 37.274512999999999
9271   5.5174320000000003 7.2263039999999998 37.660988000000003
9272   6.7305219999999997 7.4115149999999996 37.376308000000002
9273   6.8547700000000003 6.9618149999999996 37.789088999999997
9274   5.4172820000000002 7.6218170000000001 37.066668999999997
9275   7.1363779999999997 7.5992949999999997 37.098548999999998
9276   7.6089570000000002 7.4278409999999999 37.306423000000002
9277   5.8560980000000002 7.733015 36.954909999999998
9278   6.2853899999999996 7.6558159999999997 37.118656000000001
9279   6.6974429999999998 7.6639390000000001 37.068545999999998
9280   6.4102589999999999 7.7637510000000001 36.879753000000001
9281   6.9038709999999996 7.7254620000000003 36.900351999999998
9282   9.7575979999999998 5.1419480000000002 38.161301000000002
9283   9.3382039999999993 5.5081170000000004 38.160862000000002
9284   9.5906359999999999 5.541887 38.044215999999999
9285   9.4420450000000002 5.7070420000000004 38.024994
9286   8.7296849999999999 6.1006049999999998 38.074921000000003
9287   9.2501370000000005 5.9327959999999997 38.004742
9288   7.6496769999999996 6.4744450000000002 38.061802
9289   8.1408319999999996 5.9072250000000004 38.417285999999997
9290   5.8242349999999998 6.3386740000000001 38.174267
9291   6.3640629999999998 6.4548449999999997 38.147098999999997
9292   6.3198660000000002 6.2018319999999996 38.386935999999999
9293   6.8306339999999999 6.3976610000000003 38.201301999999998
9294   5.4005929999999998 6.1362560000000004 38.236815999999997
9295   5.2704440000000004 6.4941079999999998 37.985866999999999
9296   6.1013970000000004 6.6801700000000004 37.964039
9297   6.7950229999999996 6.6054830000000004 38.031796
9298   4.5092749999999997 6.698671 37.755955
9299   7.78024 7.0910859999999998 37.607036999999998
9300   9.4456919999999993 4.8088509999999998 38.512011999999999
9301   8.7575040000000008 5.4508679999999998 38.509369
9302   7.5730110000000002 6.0666089999999997 38.455249999999999
9303   5.7446580000000003 6.0636700000000001 38.403328000000002
9304   7.0126359999999996 6.1842610000000002 38.417811999999998
9305   9.4613589999999999 5.8667100000000003 37.950451000000001
9306   9.1536539999999995 6.2046780000000004 37.887905000000003
9307   8.9373360000000002 6.4060280000000001 37.854069000000003
9308   8.7784479999999991 6.5060770000000003 37.850979000000002
9309   8.5359370000000006 6.6761179999999998 37.815322999999999
9310   3.6463399999999999 6.16737 37.565967999999998
9311   5.7609570000000003 7.8621239999999997 36.442596000000002
9312   5.3827119999999997 7.7697620000000001 36.469600999999997
9313   5.4283659999999996 7.8754860000000004 36.509253999999999
9314   5.1033989999999996 7.8716879999999998 36.72831
9315   5.0740480000000003 7.7636909999999997 36.526211000000004
9316   10.492053 3.397249 38.392055999999997
9317   -5.6450040000000001 -5.5461179999999999 37.560004999999997
9318   -5.6727550000000004 -5.5775680000000003 37.860835999999999
9319   -5.9510709999999998 -5.4284720000000002 37.715527000000002
9320   -5.3388609999999996 -5.6269710000000002 37.448383
9321   -5.2006560000000004 -5.7313780000000003 37.662604999999999
9322   -4.9303470000000003 -5.712091 37.457901
9323   -4.5740730000000003 -5.8686939999999996 37.632899999999999
9324   -6.3558240000000001 -5.165978 37.742069000000001
9325   -6.3097789999999998 -5.2846739999999999 37.819378
9326   -6.5147240000000002 -5.1714500000000001 37.776279000000002
9327   -6.1176320000000004 -5.3084819999999997 37.644385999999997
9328   -5.88957 -5.3988269999999998 37.539585000000002
9329   -4.4991810000000001 -5.7014909999999999 37.573132000000001
9330   -4.2221900000000003 -5.8200149999999997 37.684719000000001
9331   -6.6394789999999997 -5.0696810000000001 37.809429000000002
9332   -6.7250550000000002 -5.1198069999999998 37.815331
9333   -6.8412670000000002 -5.0544669999999998 37.830604999999998
9334   -6.6284150000000004 -5.1362649999999999 37.790066000000003
9335   -6.8762699999999999 -4.9497260000000001 37.851315
9336   -3.477706 6.6574309999999999 37.692157999999999
9337   -3.2605309999999998 6.5914910000000004 37.713272000000003
9338   -3.1936990000000001 6.4579300000000002 37.772216999999998
9339   -3.355979 6.7256539999999996 37.650097000000002
9340   -3.275061 6.698639 37.698630999999999
9341   -3.1324299999999998 6.5389840000000001 37.782848000000001
9342   -3.2104309999999998 6.6591469999999999 37.812286
9343   -3.0625249999999999 6.5281529999999997 37.998409000000002
9344   -3.463876 6.8443100000000001 37.580016999999998
9345   -3.3927320000000001 6.8302420000000001 37.612614000000001
9346   -3.3195749999999999 6.80145 37.690063000000002
9347   -3.3194590000000002 6.8892930000000003 37.877113000000001
9348   -3.1446360000000002 6.6669179999999999 38.212890999999999
9349   -3.6102940000000001 6.9828510000000001 37.529079000000003
9350   -3.537121 6.9803850000000001 37.549194
9351   -3.4513289999999999 6.9606510000000004 37.624133999999998
9352   -3.8260559999999999 7.1509410000000004 37.523960000000002
9353   -3.715805 7.1484129999999997 37.514525999999996
9354   -3.6121819999999998 7.1116739999999998 37.557369000000001
9355   -3.578074 7.2196210000000001 37.721541999999999
9356   -4.0210970000000001 7.3502830000000001 37.52948
9357   -3.9061940000000002 7.3244499999999997 37.515872999999999
9358   -3.7966280000000001 7.3093820000000003 37.542301000000002
9359   -4.3326570000000002 7.551628 37.556910999999999
9360   -4.076435 7.4804779999999997 37.504078
9361   -3.9835799999999999 7.4574600000000002 37.527144999999997
9362   -4.0313540000000003 7.6448660000000004 37.648879999999998
9363   -4.8994869999999997 7.8441029999999996 37.667133
9364   -4.5919800000000004 7.7202849999999996 37.598202000000001
9365   -4.4414480000000003 7.6918470000000001 37.557105999999997
9366   -4.2807890000000004 7.6446209999999999 37.546227000000002
9367   -4.1123089999999998 7.5654440000000003 37.527672000000003
9368   -4.7751000000000001 7.8830739999999997 37.608482000000002
9369   -4.5126099999999996 7.8038619999999996 37.579639
9370   -5.2711040000000002 8.0581460000000007 37.643428999999998
9371   -5.0485730000000002 8.0297830000000001 37.654471999999998
9372   -4.8252980000000001 7.9753939999999997 37.635216
9373   -4.6888930000000002 7.980003 37.689109999999999
9374   -5.6622649999999997 8.1161449999999995 37.658234
9375   -5.503711 8.1881330000000005 37.618766999999998
9376   -5.3664909999999999 8.1932449999999992 37.663006000000003
9377   -5.1150270000000004 8.1239220000000003 37.770488999999998
9378   -7.480467 8.235868 38.095351999999998
9379   -7.1289610000000003 8.2781920000000007 37.941600999999999
9380   -7.294594 8.2348130000000008 37.918140000000001
9381   -7.5516990000000002 8.1648829999999997 37.968231000000003
9382   -7.2346279999999998 8.2047290000000004 37.864742
9383   -6.942088 8.2025509999999997 37.796619
9384   -7.0248600000000003 8.2574240000000003 37.825099999999999
9385   -6.687881 8.2364840000000008 37.717125000000003
9386   -6.7997129999999997 8.2641209999999994 37.757750999999999
9387   -6.4790140000000003 8.246264 37.687880999999997
9388   -6.6048030000000004 8.2760189999999998 37.728146000000002
9389   -6.1891809999999996 8.2279079999999993 37.644275999999998
9390   -6.3516719999999998 8.3015530000000002 37.690533000000002
9391   -5.9420909999999996 8.3314280000000007 37.631905000000003
9392   -5.591844 8.2641410000000004 37.636035999999997
9393   -6.6701350000000001 8.304691 37.852500999999997
9394   -6.2287540000000003 8.3590750000000007 37.702376999999998
9395   -5.9726710000000001 8.4109590000000001 37.741142000000004
9396   -5.5766580000000001 8.3321369999999995 37.724224
9397   -5.9852069999999999 -5.434666 38.053668999999999
9398   -5.2249499999999998 -5.6354699999999998 38.178615999999998
9399   -4.7732729999999997 -5.8040669999999999 38.009331000000003
9400   -6.8430939999999998 -5.1443940000000001 37.931308999999999
9401   -6.8855360000000001 -5.1878500000000001 38.156055000000002
9402   -7.0402149999999999 -5.1169859999999998 38.062103
9403   -6.6069040000000001 -5.1920279999999996 37.857726999999997
9404   -6.5799370000000001 -5.2655370000000001 38.077255000000001
9405   -7.0438679999999998 -5.016737 37.905414999999998
9406   -7.1860229999999996 -5.0479710000000004 38.061816999999998
9407   -7.6237649999999997 -4.80246 38.034877999999999
9408   -7.6103059999999996 -4.8669690000000001 38.182766000000001
9409   -7.7263029999999997 -4.7945650000000004 38.124724999999998
9410   -7.4388990000000002 -4.8400189999999998 37.982608999999997
9411   -7.498316 -4.9078809999999997 38.127192999999998
9412   -7.2425269999999999 -4.9072339999999999 37.937199
9413   -7.3351680000000004 -4.9832150000000004 38.125675000000001
9414   -7.0866020000000001 -4.8847100000000001 37.893810000000002
9415   -7.8037390000000002 -4.672663 38.048617999999998
9416   -7.8226959999999996 -4.7378720000000003 38.155579000000003
9417   -7.961843 -4.6417419999999998 38.109786999999997
9418   -7.5767499999999997 -4.6553300000000002 38.018284000000001
9419   -8.4045079999999999 -4.3787839999999996 38.111153000000002
9420   -8.3573520000000006 -4.460121 38.211491000000002
9421   -8.4847210000000004 -4.3916440000000003 38.176285
9422   -8.1963100000000004 -4.4874609999999997 38.094256999999999
9423   -8.2482509999999998 -4.5013030000000001 38.180968999999997
9424   -8.0787499999999994 -4.5960599999999996 38.204127999999997
9425   -8.0248279999999994 -4.5165540000000002 38.079658999999999
9426   -7.8737500000000002 -4.5052459999999996 38.073462999999997
9427   -7.7054919999999996 -4.4732209999999997 38.110390000000002
9428   -8.5930210000000002 -4.2812400000000004 38.130732999999999
9429   -8.5993359999999992 -4.3171210000000002 38.234558
9430   -8.7076930000000008 -4.2338659999999999 38.199879000000003
9431   -8.612857 -4.1572969999999998 38.127620999999998
9432   -8.3314760000000003 -4.3024779999999998 38.102283
9433   -7.9871530000000002 -4.3302509999999996 38.174819999999997
9434   -8.7594019999999997 -4.1338460000000001 38.138312999999997
9435   -8.8257300000000001 -4.1394919999999997 38.218604999999997
9436   -8.9426590000000008 -4.0087099999999998 38.166767
9437   -8.8746989999999997 -3.9593980000000002 38.153995999999999
9438   -9.0954519999999999 -3.9255879999999999 38.213107999999998
9439   -9.1183040000000002 -3.801075 38.177799
9440   -8.7694130000000001 -3.928404 38.178032000000002
9441   -9.2917500000000004 -3.6716540000000002 38.188599000000004
9442   -9.4647900000000007 -3.56359 38.208523
9443   -9.2932849999999991 -3.5976940000000002 38.193286999999998
9444   -9.0534250000000007 -3.7414399999999999 38.186604000000003
9445   -9.5551300000000001 -3.6166390000000002 38.279781
9446   -9.6467150000000004 -3.5120149999999999 38.247005000000001
9447   -9.4591429999999992 -3.681235 38.244419000000001
9448   -9.2685429999999993 -3.4927440000000001 38.239662000000003
9449   -9.5064170000000008 -3.3871090000000001 38.233623999999999
9450   -9.6581089999999996 -3.3836219999999999 38.224812
9451   -9.7466120000000007 -3.4181889999999999 38.294646999999998
9452   -9.7922799999999999 -3.2985329999999999 38.286633000000002
9453   -9.7149129999999992 -3.21089 38.289482
9454   -9.5200759999999995 -3.233104 38.312832
9455   -9.7020660000000003 -3.060203 38.391716000000002
9456   -0.19894300000000001 1.921084 38.271937999999999
9457   -0.272951 1.8624510000000001 38.253436999999998
9458   -0.45530599999999999 2.029938 38.376483999999998
9459   -0.30941099999999999 2.081788 38.386536
9460   -0.52728699999999995 2.2356569999999998 38.585777
9461   -0.222665 2.003927 38.351661999999997
9462   -0.098348000000000005 1.943325 38.365025000000003
9463   -2.8380700000000001 5.44123 38.319114999999996
9464   -2.68798 5.2655909999999997 38.520682999999998
9465   -2.8187359999999999 5.1588000000000003 38.383265999999999
9466   -2.8051550000000001 5.6941230000000003 38.374851
9467   -2.9399199999999999 5.6572659999999999 38.157265000000002
9468   -2.941157 5.4507810000000001 38.262408999999998
9469   -3.0378250000000002 5.8543919999999998 38.018528000000003
9470   -2.926488 5.8647359999999997 38.110508000000003
9471   -3.1798519999999999 6.0321910000000001 37.965294
9472   -3.0165009999999999 6.0448890000000004 37.974445000000003
9473   -2.8660199999999998 6.0114039999999997 38.355724000000002
9474   -2.9389460000000001 6.2177980000000002 38.130493000000001
9475   -3.2422219999999999 6.3154690000000002 37.840224999999997
9476   -3.069067 6.4095180000000003 37.853020000000001
9477   -2.9929559999999999 6.3533790000000003 38.156509
9478   -3.023571 6.4618120000000001 38.538254000000002
9479   -3.2399650000000002 6.8417620000000001 38.489798999999998
9480   -9.7481019999999994 7.09476 38.302489999999999
9481   -9.8659379999999999 6.9980560000000001 38.300815999999998
9482   -9.7546429999999997 7.1567230000000004 38.432316
9483   -9.5465669999999996 7.2434329999999996 38.312427999999997
9484   -3.4412729999999998 7.1286040000000002 38.385136000000003
9485   -3.6882809999999999 7.3457850000000002 38.180903999999998
9486   -9.3848400000000005 7.4244370000000002 38.452702000000002
9487   -3.9109940000000001 7.5304609999999998 38.087082000000002
9488   -9.2167169999999992 7.4775169999999997 38.321350000000002
9489   -8.9254110000000004 7.761552 38.414180999999999
9490   -9.0113690000000002 7.6028310000000001 38.297550000000001
9491   -4.1764849999999996 7.6965180000000002 38.583705999999999
9492   -4.8526259999999999 7.9773040000000002 38.259441000000002
9493   -7.0824829999999999 8.3046760000000006 38.194007999999997
9494   -6.0701020000000003 8.3203549999999993 38.184685000000002
9495   -7.0894009999999996 -5.0675049999999997 38.320568000000002
9496   -6.7145780000000004 -5.1706250000000002 38.504683999999997
9497   -6.3085740000000001 -5.2795990000000002 38.496651
9498   -5.631996 -5.4037740000000003 38.680855000000001
9499   -4.9013489999999997 -5.5581829999999997 38.628295999999999
9500   -7.7020520000000001 -4.8026340000000003 38.300564000000001
9501   -7.4264570000000001 -4.9014480000000002 38.420009999999998
9502   -7.0215649999999998 -4.9789950000000003 39.000351000000002
9503   -6.2241939999999998 -5.1590660000000002 39.300193999999998
9504   -7.8893459999999997 -4.6994720000000001 38.267924999999998
9505   -7.7782260000000001 -4.7127670000000004 38.507922999999998
9506   -7.6120479999999997 -4.7976929999999998 38.501919000000001
9507   -7.5635640000000004 -4.7758529999999997 38.811115000000001
9508   -8.4428879999999999 -3.9723600000000001 38.327002999999998
9509   -8.575882 -4.1109280000000004 38.136566000000002
9510   -8.9625520000000005 -3.6715629999999999 38.257187000000002
9511   -10.174142 -2.8576619999999999 38.773811000000002
9512   -10.036357000000001 -2.901154 38.518452000000003
9513   -10.037250999999999 -3.1069260000000001 38.620624999999997
9514   -0.053495000000000001 1.9495279999999999 38.657981999999997
9515   -0.10310999999999999 1.8115140000000001 38.714931
9516   -0.099871000000000001 1.840276 38.420361
9517   -0.318413 2.2104620000000001 38.569198999999998
9518   -0.126857 2.0657899999999998 38.535342999999997
9519   -0.92852699999999999 2.7740399999999998 39.186672000000002
9520   -1.149197 2.4507479999999999 38.850482999999997
9521   -1.417516 2.8160229999999999 39.082455000000003
9522   -0.79332000000000003 2.2927170000000001 38.710678000000001
9523   -11.458523 4.4417799999999996 38.518444000000002
9524   -11.516287999999999 4.3625230000000004 38.712048000000003
9525   -11.396737 4.6551020000000003 38.575493000000002
9526   -2.4906459999999999 4.6175350000000002 38.694468999999998
9527   -2.504038 5.0949710000000001 39.187874000000001
9528   -2.6757569999999999 5.7545820000000001 39.428406000000003
9529   -10.808816999999999 5.9110690000000004 38.498615000000001
9530   -10.743112999999999 5.8971450000000001 38.374847000000003
9531   -10.903772 5.6791989999999997 38.435848
9532   -2.912979 6.212758 38.655540000000002
9533   -10.123091000000001 6.8130490000000004 38.341213000000003
9534   -10.113147 6.7672949999999998 38.290008999999998
9535   -10.224259 6.6698729999999999 38.342167000000003
9536   -10.141484999999999 6.6113569999999999 38.315120999999998
9537   -10.090919 6.9045160000000001 38.500629000000004
9538   -10.001965 6.9146080000000003 38.335608999999998
9539   -3.096584 6.5931030000000002 38.704948000000002
9540   -9.814724 7.187049 38.642688999999997
9541   -9.4296880000000005 7.4485910000000004 38.931984
9542   -3.6326480000000001 7.4502240000000004 39.401169000000003
9543   -3.82464 7.4741350000000004 38.522658999999997
9544   -4.8990410000000004 8.0286740000000005 39.116695
9545   -4.4955059999999998 7.8652449999999998 38.948891000000003
9546   -7.6547070000000001 8.2044610000000002 38.725890999999997
9547   -7.0807909999999996 8.3146979999999999 39.073650000000001
9548   -6.460318 8.3283170000000002 38.998432000000001
9549   -5.6307260000000001 8.2148959999999995 38.859188000000003
9550   -5.2439980000000004 8.1273280000000003 39.026955000000001
9551   -6.041722 8.3037840000000003 38.851025
9552   -5.5659840000000003 8.2551500000000004 39.532119999999999
9553   -6.0070699999999997 8.3282430000000005 39.592559999999999
9554   -5.6234580000000003 -5.2440749999999996 39.346794000000003
9555   -5.0984610000000004 -5.3140879999999999 39.349643999999998
9556   -6.8324509999999998 -4.8419759999999998 40.203986999999998
9557   -7.3552049999999998 -4.7914459999999996 39.502251000000001
9558   -7.7459420000000003 -4.633445 39.381405000000001
9559   -7.9641359999999999 -4.5724549999999997 38.823245999999997
9560   -8.2308660000000007 -4.4105340000000002 38.991222
9561   -8.2461319999999994 -4.3553490000000004 39.666496000000002
9562   -8.5816400000000002 -4.2193899999999998 39.037205
9563   -10.005003 -3.0795050000000002 39.267398999999997
9564   -10.246454 -2.668946 39.573551000000002
9565   -9.8587279999999993 -3.292986 39.051806999999997
9566   -10.266043 -2.647097 38.801333999999997
9567   -10.420082000000001 -2.42727 38.842956999999998
9568   -10.605166000000001 -2.0894569999999999 39.404868999999998
9569   -10.537927 -2.1907100000000002 38.806328000000001
9570   -10.649468000000001 -2.0098229999999999 38.844048000000001
9571   -10.79457 -1.790645 38.924571999999998
9572   -10.944159000000001 -1.4969129999999999 39.435200000000002
9573   -10.940897 -1.5184219999999999 38.920665999999997
9574   -11.16334 -1.178801 38.927287999999997
9575   -11.288087000000001 -0.76756599999999997 39.175037000000003
9576   -11.363574 -0.54547900000000005 38.853000999999999
9577   -0.22231699999999999 1.777363 38.943134000000001
9578   -0.15753200000000001 1.8154440000000001 39.127605000000003
9579   -0.310305 1.7844949999999999 39.292251999999998
9580   -0.099690000000000001 1.9233260000000001 39.079040999999997
9581   -0.181843 2.1970619999999998 38.851379000000001
9582   -0.106797 2.068845 39.072204999999997
9583   -0.62309499999999995 2.6988780000000001 39.339775000000003
9584   -0.46464899999999998 2.4998710000000002 39.264481000000004
9585   -0.18198700000000001 2.2880379999999998 39.247020999999997
9586   -11.649341 3.7999429999999998 38.462111999999998
9587   -11.77698 3.686563 38.5578
9588   -11.628307 4.0094180000000001 38.618831999999998
9589   -11.616587000000001 3.9500389999999999 39.046463000000003
9590   -11.38944 4.4010559999999996 39.588188000000002
9591   -2.9867149999999998 6.4057930000000001 39.600406999999997
9592   -9.8780140000000003 7.1484509999999997 38.900036
9593   -10.224266999999999 6.7493410000000003 38.941639000000002
9594   -8.7442609999999998 7.8383580000000004 39.435940000000002
9595   -8.3020209999999999 8.0499100000000006 38.701507999999997
9596   -4.1348209999999996 7.7737730000000003 39.589030999999999
9597   -4.5555620000000001 7.9641549999999999 39.624817
9598   -5.2431669999999997 8.191732 39.720222
9599   -6.5369020000000004 8.3708150000000003 40.615768000000003
9600   -7.0284909999999998 8.3502369999999999 40.740833000000002
9601   -6.1710159999999998 -5.0240780000000003 40.085518
9602   -5.5390990000000002 -5.1340909999999997 40.066012999999998
9603   -7.620914 -4.589385 40.139018999999998
9604   -9.6426619999999996 -3.4232420000000001 39.674725000000002
9605   -9.9233349999999998 -3.0631189999999999 40.010792000000002
9606   -9.6748650000000005 -3.4735860000000001 39.080359999999999
9607   -0.14275299999999999 1.8911899999999999 39.430053999999998
9608   -0.130687 2.0230130000000002 39.526992999999997
9609   -0.15390499999999999 2.2861310000000001 39.778041999999999
9610   -0.29719699999999999 2.4242490000000001 39.665474000000003
9611   -10.350452000000001 6.2978490000000003 40.234744999999997
9612   -10.558087 6.2374090000000004 39.353225999999999
9613   -10.655564 6.0169050000000004 39.637977999999997
9614   -10.200203 6.6180029999999999 39.632106999999998
9615   -9.7355509999999992 7.0921269999999996 39.702376999999998
9616   -3.0796060000000001 6.8465639999999999 40.176830000000002
9617   -9.1379249999999992 7.5280880000000003 40.181213
9618   -3.3315929999999998 7.2886610000000003 40.462882999999998
9619   -8.0944260000000003 8.0728969999999993 40.196964000000001
9620   -7.4701180000000003 8.2411720000000006 40.287632000000002
9621   -5.4621120000000003 8.2985229999999994 40.093032999999998
9622   -6.0803710000000004 8.4119100000000007 40.630322
9623   -5.6999700000000004 8.3689529999999994 40.477626999999998
9624   -4.5884340000000003 -5.1582059999999998 40.070557000000001
9625   -8.1253039999999999 -4.308262 40.577357999999997
9626   -8.8403670000000005 -4.0258580000000004 39.670731000000004
9627   -9.2128350000000001 -3.7645529999999998 39.911293000000001
9628   -9.2949190000000002 -3.7827099999999998 38.964294000000002
9629   -0.82858299999999996 1.831618 39.764397000000002
9630   -0.453988 1.889384 39.823115999999999
9631   -0.85753100000000004 1.8432200000000001 40.22871
9632   -0.21376600000000001 1.9393670000000001 39.748787
9633   -0.40506399999999998 2.004524 40.328625000000002
9634   -0.17746300000000001 2.0805859999999998 40.154110000000003
9635   -0.148425 2.2131660000000002 40.082698999999998
9636   -0.44405800000000001 2.609559 39.982104999999997
9637   -0.29583100000000001 2.5372249999999998 40.274611999999998
9638   -0.56217099999999998 2.8873989999999998 40.562266999999999
9639   -1.0841510000000001 3.24255 40.145226000000001
9640   -10.626198 5.933389 40.090949999999999
9641   -9.9019390000000005 6.781193 40.559784000000001
9642   -9.4443009999999994 7.2033180000000003 40.967052000000002
9643   -8.6189909999999994 7.8416540000000001 40.699309999999997
9644   -3.7456689999999999 7.657267 40.664791000000001
9645   -4.4031690000000001 7.9794179999999999 40.612372999999998
9646   -4.8961759999999996 8.1346310000000006 40.308788
9647   -6.1067390000000001 -4.884919 40.756813000000001
9648   -5.5501860000000001 -5.0014839999999996 40.781582
9649   -4.9961339999999996 -5.0215630000000004 40.901676000000002
9650   -7.3089120000000003 -4.6363430000000001 40.660057000000002
9651   -8.7789640000000002 -3.953436 40.628501999999997
9652   -1.1336729999999999 -4.0462100000000003 40.769691000000002
9653   -1.379675 -4.1313269999999997 41.261597000000002
9654   -1.4221870000000001 -4.3096269999999999 40.485957999999997
9655   -1.3040229999999999 -4.1241209999999997 40.500560999999998
9656   -9.3647200000000002 -3.596813 40.436424000000002
9657   -9.6761020000000002 -3.2772320000000001 40.661774000000001
9658   -9.9767089999999996 -2.832662 40.871268999999998
9659   -10.726057000000001 -1.693624 40.541308999999998
9660   -0.66199399999999997 1.882471 40.758808000000002
9661   -0.25268099999999999 2.2000220000000001 40.642181000000001
9662   -0.220138 2.4049420000000001 40.497287999999998
9663   -11.145569 4.5614280000000003 41.072445000000002
9664   -11.145372 4.9519120000000001 39.801270000000002
9665   -10.844815000000001 5.2822870000000002 40.940520999999997
9666   -10.442826 5.9593389999999999 41.260283999999999
9667   -10.855821000000001 5.5558069999999997 39.889640999999997
9668   -9.7068200000000004 6.88002 41.515495000000001
9669   -5.2820689999999999 8.3035110000000003 40.710152000000001
9670   -7.0693070000000002 -4.5992610000000003 41.288421999999997
9671   -3.9912160000000001 -4.8397240000000004 41.344341
9672   -7.6788210000000001 -4.4411290000000001 41.021743999999998
9673   -8.22959 -4.142144 41.420848999999997
9674   -0.86082499999999995 -3.673908 41.145038999999997
9675   -0.94664300000000001 -3.810165 40.811416999999999
9676   -0.938639 -3.6581480000000002 40.825389999999999
9677   -0.99709800000000004 -3.4787620000000001 40.961685000000003
9678   -0.86892100000000005 -3.4291339999999999 41.542686000000003
9679   -10.352371 -2.233063 40.964694999999999
9680   -0.417381 2.0299399999999999 40.781685000000003
9681   -0.27648200000000001 2.458898 41.049380999999997
9682   -0.35585299999999997 2.644333 40.885216
9683   -0.45249600000000001 2.8350200000000001 41.311236999999998
9684   -0.58880900000000003 3.0337529999999999 41.707011999999999
9685   -0.83683700000000005 3.3521830000000001 41.451343999999999
9686   -10.798969 5.1112859999999998 42.006312999999999
9687   -10.603567999999999 5.5242620000000002 42.097060999999997
9688   -10.05125 6.5114970000000003 41.207943
9689   -2.3995060000000001 6.1806650000000003 41.605967999999997
9690   -8.9094890000000007 7.6297860000000002 41.633934000000004
9691   -3.3733050000000002 7.574579 41.737366000000002
9692   -6.208755 8.512734 41.392558999999999
9693   -5.9019079999999997 8.4827720000000006 41.247906
9694   -5.6055840000000003 -4.8549720000000001 41.411205000000002
9695   -6.3756029999999999 -4.6643860000000004 41.702328000000001
9696   -6.6147169999999997 -4.7552310000000002 41.026749000000002
9697   -4.8996690000000003 -4.8334630000000001 41.783005000000003
9698   -4.3590989999999996 -4.5855379999999997 42.859478000000003
9699   -0.76182899999999998 -3.7202109999999999 41.608704000000003
9700   -0.75227999999999995 -3.7960319999999999 41.990845
9701   -0.92433900000000002 -3.8652540000000002 41.479354999999998
9702   -0.68169800000000003 -3.7482380000000002 41.993889000000003
9703   -9.2468009999999996 -3.5463830000000001 41.244827000000001
9704   -1.417206 -3.9655390000000001 42.268185000000003
9705   -1.757582 -4.1491530000000001 41.928398000000001
9706   -1.157616 -3.9301210000000002 41.794792000000001
9707   -0.70325499999999996 -3.6606719999999999 41.872608
9708   -8.7526340000000005 -3.7855210000000001 41.841099
9709   -9.605423 -3.1257809999999999 41.667968999999999
9710   -11.323672999999999 2.4603489999999999 42.333542000000001
9711   -11.466374 2.1955119999999999 41.221584
9712   -11.310886 1.511385 41.909869999999998
9713   -0.51911700000000005 1.977384 41.087631000000002
9714   -0.36854399999999998 2.1082730000000001 41.032791000000003
9715   -0.44436100000000001 2.111157 41.361393
9716   -0.39321 2.288611 41.656334000000001
9717   -0.31299100000000002 2.2722099999999998 41.218806999999998
9718   -0.308562 2.4609329999999998 41.496098000000003
9719   -11.424823999999999 2.8042820000000002 41.408313999999997
9720   -0.35352299999999998 2.6767400000000001 41.527962000000002
9721   -11.295973 3.2847270000000002 41.976711000000002
9722   -11.192842000000001 3.951581 41.836407000000001
9723   -11.050506 4.2139680000000004 43.000805
9724   -10.844082999999999 4.8235679999999999 43.113461000000001
9725   -10.609658 5.3368029999999997 43.222808999999998
9726   -2.7193710000000002 6.8483340000000004 42.005951000000003
9727   -3.0181330000000002 7.324173 42.315295999999996
9728   -9.331035 7.2317840000000002 42.345547000000003
9729   -3.60093 7.7857459999999996 41.597214000000001
9730   -3.9905170000000001 8.0276890000000005 42.052371999999998
9731   -7.7341090000000001 8.2384170000000001 41.407947999999998
9732   -4.8077819999999996 8.2886629999999997 41.796149999999997
9733   -7.338781 8.3601120000000009 41.496662000000001
9734   -6.9998279999999999 8.5163049999999991 42.335895999999998
9735   -5.5020699999999998 8.4689209999999999 41.709122000000001
9736   -6.4234020000000003 8.6443930000000009 42.579987000000003
9737   -6.9248529999999997 -4.4632490000000002 42.306289999999997
9738   -5.6158390000000002 -4.6357160000000004 42.564464999999998
9739   -7.6357879999999998 -4.2841319999999996 42.065204999999999
9740   -3.4163359999999998 -4.5120659999999999 42.518062999999998
9741   -8.2514880000000002 -3.9708899999999998 42.327019
9742   -0.663184 -3.7735120000000002 42.336880000000001
9743   -0.86074899999999999 -3.821882 42.656154999999998
9744   -0.61003600000000002 -3.7110110000000001 42.254531999999998
9745   -0.64960899999999999 -3.6105689999999999 42.121197000000002
9746   -1.756316 -4.0783630000000004 42.409851000000003
9747   -2.1226980000000002 -4.2018060000000004 42.463146000000002
9748   -0.59310600000000002 -3.5214439999999998 42.494064000000002
9749   -9.1851240000000001 -3.4143059999999998 42.260010000000001
9750   -9.9409270000000003 -2.5786790000000002 42.225563000000001
9751   -10.353650999999999 -1.8791249999999999 42.483631000000003
9752   -10.556182 -1.7485409999999999 41.501033999999997
9753   -10.720136 -1.4116470000000001 41.394871000000002
9754   -10.614742 -1.480729 42.094875000000002
9755   -10.794472000000001 -1.0562039999999999 42.042233000000003
9756   -11.013344 -0.44747500000000001 41.860931000000001
9757   -10.858955 -0.56713400000000003 43.201157000000002
9758   -11.077214 0.13486999999999999 42.959156
9759   -11.244578000000001 0.46451300000000001 41.637763999999997
9760   -0.35596 2.5263390000000001 41.908507999999998
9761   -0.47162900000000002 2.8616079999999999 41.810253000000003
9762   -0.70494900000000005 3.2111209999999999 41.972304999999999
9763   -10.294192000000001 5.9285040000000002 43.419303999999997
9764   -9.8587430000000005 6.625731 42.497554999999998
9765   -3.5570390000000001 7.8242159999999998 42.301986999999997
9766   -8.2455929999999995 8.0583729999999996 42.096687000000003
9767   -7.5946309999999997 8.4040750000000006 42.600738999999997
9768   -5.9246930000000004 8.5806059999999995 42.142178000000001
9769   -6.3721709999999998 -4.527927 42.577193999999999
9770   -0.510687 -3.6679729999999999 42.544220000000003
9771   -0.51034400000000002 -3.7564649999999999 42.699233999999997
9772   -0.343136 -3.71746 42.954636000000001
9773   -1.742534 -4.0210189999999999 43.003860000000003
9774   -1.305269 -3.8682970000000001 43.209705
9775   -0.416045 -3.6253570000000002 42.834789000000001
9776   -0.39441700000000002 -3.5540759999999998 43.019257000000003
9777   -9.4882469999999994 -3.0348199999999999 42.695686000000002
9778   -10.606695 -1.248254 43.045775999999996
9779   -11.194673999999999 1.046054 43.482765000000001
9780   -11.253652000000001 1.956472 43.453468000000001
9781   -0.47044799999999998 2.3164579999999999 42.156489999999998
9782   -0.40441700000000003 2.597207 42.281204000000002
9783   -0.41342699999999999 2.7712189999999999 42.130710999999998
9784   -0.55492300000000006 2.949058 42.266112999999997
9785   -0.47744199999999998 2.8607740000000002 42.407336999999998
9786   -11.230204000000001 3.0283799999999998 43.275562000000001
9787   -0.69895799999999997 3.147932 42.322868
9788   -0.80416699999999997 3.335213 42.229275000000001
9789   -11.170423 3.6508080000000001 42.912308000000003
9790   -1.0017609999999999 3.570951 42.158932
9791   -1.168984 3.7650229999999998 42.188381
9792   -1.3360479999999999 4.0026089999999996 42.202415000000002
9793   -1.1686019999999999 3.6827139999999998 42.819575999999998
9794   -2.3475830000000002 6.4659120000000003 43.528179000000002
9795   -8.7094290000000001 7.7829269999999999 43.609276000000001
9796   -3.3095750000000002 7.6811610000000003 42.940941000000002
9797   -4.4300620000000004 8.3032190000000003 43.242443000000002
9798   -5.1736630000000003 8.5081950000000006 42.851638999999999
9799   -5.6142620000000001 8.5864170000000009 42.563381
9800   -6.1575090000000001 -4.4919359999999999 43.013458
9801   -6.6774979999999999 -4.3448830000000003 43.283999999999999
9802   -5.9214539999999998 -4.4039450000000002 43.657283999999997
9803   -7.296284 -4.260599 42.887839999999997
9804   -5.0134169999999996 -4.4433959999999999 43.852122999999999
9805   -4.3896490000000004 -4.4347430000000001 43.848090999999997
9806   -7.8702100000000002 -3.9901719999999998 43.182312000000003
9807   -3.6648139999999998 -4.4317840000000004 43.272281999999997
9808   -0.36880099999999999 -3.798594 43.211593999999998
9809   -0.49027500000000002 -3.8196490000000001 43.873404999999998
9810   -0.35425099999999998 -3.769914 43.001308000000002
9811   -0.180002 -3.7195140000000002 43.291809000000001
9812   -0.22850300000000001 -3.774111 43.223930000000003
9813   -0.065992999999999996 -3.757927 43.498916999999999
9814   -2.2830279999999998 -4.1289150000000001 43.569813000000003
9815   -2.7309559999999999 -4.3394880000000002 42.707317000000003
9816   -0.98250400000000004 -3.8203610000000001 43.962605000000003
9817   -0.261438 -3.637324 43.198582000000002
9818   -0.022575000000000001 -3.6456750000000002 43.686501
9819   -0.24356800000000001 -3.505719 43.476685000000003
9820   -9.1666019999999993 -3.285752 42.945141
9821   -10.968170000000001 -0.073321999999999998 43.856673999999998
9822   -11.063463 0.43188599999999999 44.106892000000002
9823   -0.65292600000000001 2.1526589999999999 42.383369000000002
9824   -0.59891300000000003 2.3527670000000001 42.706023999999999
9825   -0.78566100000000005 2.1239690000000002 42.748226000000003
9826   -11.258509 2.4860739999999999 43.385178000000003
9827   -0.47520499999999999 2.537928 42.516078999999998
9828   -0.55249400000000004 2.6536200000000001 42.788673000000003
9829   -0.46690599999999999 2.7552129999999999 42.524695999999999
9830   -0.584646 2.8739849999999998 42.788921000000002
9831   -0.69074000000000002 3.0538419999999999 42.716208999999999
9832   -0.54606299999999997 2.9089529999999999 42.575378000000001
9833   -0.76441000000000003 3.1965520000000001 42.634197
9834   -0.81769400000000003 3.2791960000000002 42.537666000000002
9835   -0.92913699999999999 3.4365169999999998 42.554104000000002
9836   -10.606059999999999 5.2147810000000003 44.834845999999999
9837   -9.8190399999999993 6.595059 44.302750000000003
9838   -9.355969 7.1478809999999999 44.159717999999998
9839   -2.8119010000000002 7.0587619999999998 44.538573999999997
9840   -3.180615 7.5612729999999999 43.861590999999997
9841   -3.7116829999999998 7.9877229999999999 43.332523000000002
9842   -5.7239089999999999 8.6434280000000001 43.44117
9843   -3.8154029999999999 -4.3613210000000002 43.950679999999998
9844   0.045379000000000003 -3.8046709999999999 43.714699000000003
9845   0.033412999999999998 -3.8116110000000001 43.789104000000002
9846   -0.075874999999999998 -3.8024659999999999 43.562671999999999
9847   -8.6883479999999995 -3.585772 43.089939000000001
9848   -3.0915910000000002 -4.2908220000000004 43.654037000000002
9849   0.016875000000000001 -3.7893810000000001 43.631531000000003
9850   0.088076000000000002 -3.787893 43.749457999999997
9851   0.12709300000000001 -3.792376 43.907684000000003
9852   0.064852000000000007 -3.7502239999999998 43.714469999999999
9853   0.14733499999999999 -3.7636690000000002 43.863486999999999
9854   -10.008626 -2.205784 43.487178999999998
9855   -0.82533599999999996 2.3895650000000002 43.152656999999998
9856   -0.875776 3.2993589999999999 42.877918000000001
9857   -1.4769909999999999 4.1375460000000004 43.107005999999998
9858   -11.102575 3.6323850000000002 44.539368000000003
9859   -1.5788150000000001 4.4618469999999997 42.324711000000001
9860   -1.7424299999999999 4.6551910000000003 43.578837999999998
9861   -10.488137999999999 5.5228089999999996 44.070072000000003
9862   -7.3761679999999998 8.5036780000000007 43.901187999999998
9863   -5.0382930000000004 8.5359619999999996 43.874512000000003
9864   -4.5327909999999996 8.3891819999999999 44.295898000000001
9865   -6.7877340000000004 8.6562900000000003 44.071671000000002
9866   -7.2922250000000002 -4.127955 43.560566000000001
9867   -6.4262769999999998 -4.2596109999999996 44.080219
9868   -6.9591000000000003 -4.1075039999999996 44.177601000000003
9869   -0.002134 -3.8142119999999999 44.021515000000001
9870   -8.1839189999999995 -3.68005 44.028503000000001
9871   -1.602997 -3.916696 44.118282000000001
9872   0.17600399999999999 -3.700863 43.988017999999997
9873   0.219667 -3.747763 44.053879000000002
9874   0.32328200000000001 -3.6947920000000001 44.300617000000003
9875   0.26585199999999998 -3.7635890000000001 44.255226
9876   -0.0060070000000000002 -3.4414769999999999 44.113495
9877   -9.2246450000000006 -3.0490390000000001 43.676586
9878   -9.6790230000000008 -2.6774529999999999 43.305121999999997
9879   -10.633380000000001 -0.83918199999999998 44.437958000000002
9880   -10.91403 0.046940000000000003 44.867671999999999
9881   -11.04913 0.97655700000000001 45.658436000000002
9882   -11.192453 1.9392720000000001 45.130062000000002
9883   -11.215059999999999 2.6942750000000002 44.518687999999997
9884   -10.879519999999999 4.5002570000000004 44.628444999999999
9885   -9.5675840000000001 6.8949769999999999 45.055553000000003
9886   -3.3716840000000001 7.7987450000000003 43.696280999999999
9887   -3.521871 7.8740309999999996 44.384838000000002
9888   -8.0035439999999998 8.2505179999999996 43.899051999999998
9889   -4.0114580000000002 8.1367429999999992 44.679298000000003
9890   -6.1937870000000004 8.7204010000000007 44.439545000000003
9891   -6.0410069999999996 -4.2784149999999999 44.411307999999998
9892   -6.5178640000000003 -4.0740119999999997 44.930819999999997
9893   -5.8914840000000002 -4.1794320000000003 45.036338999999998
9894   -5.5092179999999997 -4.3077990000000002 44.571198000000003
9895   -4.215077 -4.2670459999999997 44.847126000000003
9896   -4.9245099999999997 -4.2706900000000001 44.954853
9897   -7.614325 -3.8796249999999999 44.242049999999999
9898   -7.1827209999999999 -3.8692410000000002 44.953612999999997
9899   -0.160661 -3.8536779999999999 44.707005000000002
9900   0.27368799999999999 -3.819242 44.672581000000001
9901   0.24784999999999999 -3.7952689999999998 44.374080999999997
9902   0.40309200000000001 -3.7635619999999999 44.597960999999998
9903   -2.6071780000000002 -4.1146989999999999 44.430725000000002
9904   -2.128835 -4.0075659999999997 44.555439
9905   0.46458899999999997 -3.7096239999999998 44.578758000000001
9906   0.26588499999999998 -3.5749499999999999 44.371765000000003
9907   0.20082900000000001 -3.4207320000000001 44.561236999999998
9908   0.462034 -3.6482160000000001 44.592098
9909   -10.317142 -1.6036859999999999 43.996600999999998
9910   -10.851297000000001 -0.37921500000000002 44.274059000000001
9911   -11.162977 3.156282 45.456004999999998
9912   -10.376196999999999 5.6969310000000002 44.723540999999997
9913   -10.070052 6.1679029999999999 45.314433999999999
9914   -9.7259569999999993 6.6646879999999999 45.502186000000002
9915   -3.2354780000000001 7.6016310000000002 44.926830000000002
9916   -8.8421090000000007 7.608962 45.460445
9917   -4.8939300000000001 8.5299899999999997 44.798569000000001
9918   -5.4663440000000003 8.6761700000000008 44.680317000000002
9919   -5.8317030000000001 8.7229899999999994 44.388710000000003
9920   -5.3588360000000002 -4.0929330000000004 45.654181999999999
9921   -3.1636790000000001 -4.1506489999999996 45.017006000000002
9922   -7.9628459999999999 -3.6842440000000001 44.553500999999997
9923   0.16870099999999999 -3.8473199999999999 45.343952000000002
9924   -8.2271769999999993 -3.5157189999999998 44.714450999999997
9925   -7.7804700000000002 -3.5916700000000001 45.176898999999999
9926   -1.08666 -3.8111899999999999 45.020741000000001
9927   -0.62637399999999999 -3.8099409999999998 44.654240000000001
9928   -0.45428299999999999 -3.7865799999999998 45.458537999999997
9929   0.58968900000000002 -3.6540270000000001 44.850628
9930   0.69101900000000005 -3.6576909999999998 45.165709999999997
9931   0.59709299999999998 -3.710642 44.945518
9932   -8.6605910000000002 -3.3244630000000002 44.313248000000002
9933   0.54756899999999997 -3.567126 44.939430000000002
9934   -8.4570709999999991 -3.1644139999999998 45.382655999999997
9935   -9.64283 -2.4679099999999998 44.360377999999997
9936   -11.060409999999999 3.5648569999999999 46.536330999999997
9937   -10.921942 4.2158340000000001 45.911639999999998
9938   -9.3426919999999996 7.0176379999999998 46.412064000000001
9939   -3.5442269999999998 7.7780719999999999 46.050139999999999
9940   -8.1796699999999998 8.0750910000000005 45.806789000000002
9941   -4.4713520000000004 8.3504900000000006 45.347960999999998
9942   -4.216882 8.1102720000000001 47.112941999999997
9943   -7.6686360000000002 8.4535119999999999 45.105502999999999
9944   -7.146496 8.6413119999999992 45.292442000000001
9945   -5.1942560000000002 8.6401079999999997 45.459496000000001
9946   -6.5443319999999998 8.7218789999999995 45.928356000000001
9947   -6.0583879999999999 8.7441289999999992 45.699779999999997
9948   -5.861332 8.7465349999999997 45.022728000000001
9949   -4.5288909999999998 -4.0860300000000001 45.876942
9950   -7.0009819999999996 -3.5949620000000002 46.208565
9951   -2.4105050000000001 -4.0171190000000001 45.201019000000002
9952   -1.7873209999999999 -3.884789 45.312572000000003
9953   0.61216700000000002 -3.7356199999999999 45.114063000000002
9954   0.65014499999999997 -3.7333810000000001 45.319938999999998
9955   0.51143099999999997 -3.797307 45.201385000000002
9956   0.73058199999999995 -3.5308830000000002 45.49192
9957   0.74293100000000001 -3.6619839999999999 45.545138999999999
9958   -9.0838959999999993 -2.8436520000000001 44.877330999999998
9959   -10.023158 -1.9771879999999999 44.462874999999997
9960   -10.186251 -1.678123 44.709800999999999
9961   -10.768753 -0.37371399999999999 44.975169999999999
9962   -1.6456759999999999 4.4266819999999996 45.014274999999998
9963   -1.8465450000000001 5.1459080000000004 44.823090000000001
9964   -1.6762250000000001 4.9673689999999997 45.649773000000003
9965   -1.9351130000000001 5.8429180000000001 46.398257999999998
9966   -10.333576000000001 5.7097170000000004 45.725985999999999
9967   -2.2433689999999999 6.0366960000000001 44.702762999999997
9968   -3.023317 7.3063120000000001 46.121505999999997
9969   -2.6514479999999998 6.8644360000000004 46.609318000000002
9970   -8.5737089999999991 7.7968320000000002 46.320174999999999
9971   -4.8615830000000004 8.5218159999999994 45.673434999999998
9972   -5.6252360000000001 8.6993530000000003 45.925842000000003
9973   -6.1033429999999997 -4.0003099999999998 45.721156999999998
9974   -3.6441340000000002 -4.0393230000000004 46.248851999999999
9975   0.56560699999999997 -3.7700459999999998 45.663573999999997
9976   -2.4181349999999999 -3.9610439999999998 46.434078
9977   -1.1326069999999999 -3.7740100000000001 46.169407
9978   0.038649999999999997 -3.7103090000000001 46.255932000000001
9979   -7.9294979999999997 -3.254848 46.052486000000002
9980   -8.4680630000000008 -2.8188270000000002 46.397575000000003
9981   -8.9492999999999991 -2.630887 45.917206
9982   -9.4603970000000004 -2.322028 45.458236999999997
9983   -9.8286719999999992 -2.0744280000000002 45.052334000000002
9984   -10.271896999999999 -1.3111999999999999 45.232948
9985   -10.060275000000001 -1.7771060000000001 45.077396
9986   -10.589489 -0.262017 46.232044000000002
9987   -11.188744 2.7683629999999999 46.091887999999997
9988   -10.675305 4.8883809999999999 46.245398999999999
9989   -10.420412000000001 5.4549659999999998 46.370556000000001
9990   -9.7897420000000004 6.5041929999999999 46.364044
9991   -7.3668079999999998 8.4798419999999997 46.627719999999997
9992   -4.6732480000000001 8.4051919999999996 46.410110000000003
9993   -6.9703150000000003 8.6525809999999996 46.280375999999997
9994   -5.1497019999999996 8.5806389999999997 46.516815000000001
9995   -5.5251429999999999 8.6602530000000009 46.879089
9996   -5.8116019999999997 -3.7488640000000002 46.697144000000002
9997   -4.8479219999999996 -3.8733819999999999 46.718761000000001
9998   -4.19801 -3.9217979999999999 46.73901
9999   0.99530200000000002 -3.492578 46.321776999999997
10000   0.77771699999999999 -3.634827 46.450812999999997
10001   0.88848899999999997 -3.5680909999999999 45.958323999999998
10002   0.77280499999999996 -3.6714509999999998 45.932887999999998
10003   1.0393269999999999 -3.4051800000000001 46.831459000000002
10004   -9.3071249999999992 -2.0781860000000001 46.618648999999998
10005   -8.8646089999999997 -2.4775239999999998 46.586024999999999
10006   -9.8609419999999997 -1.7664120000000001 45.799109999999999
10007   -10.126871 -1.1705220000000001 46.260952000000003
10008   -8.8002280000000006 7.5378249999999998 46.905788000000001
10009   -8.3856570000000001 7.8077870000000003 47.358898000000003
10010   -4.832408 8.3968279999999993 47.383719999999997
10011   -5.0640020000000003 -3.585073 47.659184000000003
10012   -4.232774 -3.748154 47.596516000000001
10013   -3.7608619999999999 -3.8902220000000001 47.150852
10014   -6.4498160000000002 -3.5147689999999998 47.107311000000003
10015   -3.2174510000000001 -3.9647830000000002 47.115546999999999
10016   -1.5656589999999999 -3.8110119999999998 46.874091999999997
10017   0.53286999999999995 -3.5219339999999999 47.081950999999997
10018   0.93818500000000005 -3.4286319999999999 47.159072999999999
10019   0.86340899999999998 -3.5005190000000002 46.930317000000002
10020   -7.9167769999999997 -2.9485860000000002 46.944622000000003
10021   -8.7073529999999995 -2.3288220000000002 47.217953000000001
10022   -9.788964 -1.514939 46.704185000000003
10023   -10.026731 -0.94072500000000003 47.250492000000001
10024   -10.843458 1.2605500000000001 47.793697000000002
10025   -11.103389 2.258527 47.058292000000002
10026   -11.128678000000001 3.0495199999999998 47.149033000000003
10027   -10.747490000000001 4.4547920000000003 47.507576
10028   -1.619327 4.768726 46.125754999999998
10029   -10.327932000000001 5.395473 47.797722
10030   -10.073670999999999 6.0005850000000001 46.862254999999998
10031   -2.7894890000000001 6.9887129999999997 47.440075
10032   -8.8702520000000007 7.2446900000000003 48.243808999999999
10033   -3.189022 7.432194 47.499634
10034   -3.7361550000000001 7.8108740000000001 47.991805999999997
10035   -6.7749240000000004 8.6021780000000003 47.240245999999999
10036   -5.949751 8.6717379999999995 47.182529000000002
10037   -5.9412250000000002 -3.4083519999999998 47.725783999999997
10038   -2.6788789999999998 -3.922882 47.613326999999998
10039   0.94482299999999997 -3.402196 47.513877999999998
10040   1.217495 -3.2415600000000002 47.215302000000001
10041   1.1246149999999999 -3.348395 47.362487999999999
10042   -6.9150470000000004 -3.3495050000000002 47.189163000000001
10043   -1.9039900000000001 -3.8320150000000002 47.343021
10044   1.099151 -3.2749540000000001 46.803848000000002
10045   1.2765200000000001 -3.1188370000000001 47.403506999999998
10046   1.292532 -3.1437400000000002 47.506802
10047   -7.3458810000000003 -3.178118 47.162070999999997
10048   1.3008649999999999 -3.0517620000000001 47.580337999999998
10049   -9.1288479999999996 -1.8903939999999999 47.463970000000003
10050   -9.4975349999999992 -1.5344960000000001 47.45776
10051   -10.325904 -0.32768199999999997 47.620949000000003
10052   -10.553146 0.27435700000000002 47.911427000000003
10053   -11.062052 3.4082970000000001 47.465282000000002
10054   -10.928872 3.7595010000000002 47.897056999999997
10055   -2.3716979999999999 6.4151699999999998 47.8979
10056   -8.6252630000000003 7.5675939999999997 47.893237999999997
10057   -7.6547710000000002 8.0761199999999995 48.216579000000003
10058   -6.4004690000000002 8.6649039999999999 47.327990999999997
10059   -5.3563679999999998 8.5334500000000002 47.708419999999997
10060   -3.465525 -3.8409710000000001 47.976619999999997
10061   0.57018899999999995 -3.417395 47.625033999999999
10062   1.130152 -3.3268330000000002 47.830761000000003
10063   -6.6009229999999999 -3.295512 47.650257000000003
10064   1.258346 -3.223198 47.598965
10065   -7.1469110000000002 -3.0347059999999999 47.776992999999997
10066   1.3111740000000001 -3.0755669999999999 47.733024999999998
10067   1.2869600000000001 -2.947905 47.770966000000001
10068   -7.6916339999999996 -2.825828 47.658774999999999
10069   -10.432786999999999 4.9617800000000001 48.987087000000002
10070   -9.6771080000000005 6.4930820000000002 47.413139000000001
10071   -9.318683 6.6837369999999998 48.664082000000001
10072   -2.7836210000000001 6.7117810000000002 49.175831000000002
10073   -3.3946860000000001 7.3993900000000004 48.825153
10074   -8.2676549999999995 7.5698780000000001 49.048381999999997
10075   -4.4483480000000002 -3.5048300000000001 48.364207999999998
10076   -3.875451 -3.6229170000000002 48.502056000000003
10077   -2.823204 -3.7985479999999998 48.458992000000002
10078   -1.7975270000000001 -3.6429109999999998 48.268543000000001
10079   0.71206000000000003 -3.2908369999999998 47.938727999999998
10080   -5.2393780000000003 -3.1955770000000001 48.789616000000002
10081   -0.24055399999999999 -3.3643939999999999 48.377879999999998
10082   0.62178699999999998 -3.1573120000000001 48.250435000000003
10083   -6.5391069999999996 -2.99207 48.406021000000003
10084   -2.553779 -3.4605139999999999 49.308559000000002
10085   -1.4157409999999999 -3.1980300000000002 49.55809
10086   0.84258100000000002 -2.8875790000000001 48.639366000000003
10087   1.176919 -3.048915 48.140166999999998
10088   1.266829 -3.1347510000000001 47.877437999999998
10089   0.30175600000000002 -3.0754630000000001 48.636436000000003
10090   1.170342 -2.8715540000000002 48.327083999999999
10091   1.2618739999999999 -2.958342 48.010165999999998
10092   1.2305619999999999 -2.817285 48.176532999999999
10093   -6.1708920000000003 -2.7777180000000001 49.262107999999998
10094   1.2387809999999999 -2.8200440000000002 47.992694999999998
10095   1.1907099999999999 -2.6895639999999998 48.212063000000001
10096   -7.7069200000000002 -2.3940589999999999 48.577896000000003
10097   -8.2282209999999996 -2.4264169999999998 47.803818
10098   -6.9264799999999997 -2.6000679999999998 49.054645999999998
10099   -8.9449649999999998 -1.576117 48.461680999999999
10100   -9.6473410000000008 -1.0975250000000001 48.063716999999997
10101   -9.9996799999999997 -0.550867 48.229382000000001
10102   -10.274213 -0.062052000000000003 48.374820999999997
10103   -10.942335999999999 2.4692789999999998 48.414318000000002
10104   -11.005667000000001 3.126255 48.041888999999998
10105   -10.684119000000001 4.2069650000000003 48.901072999999997
10106   -9.8033800000000006 6.1169929999999999 48.549560999999997
10107   -4.9460499999999996 8.2471720000000008 48.807785000000003
10108   -6.9817729999999996 8.3974960000000003 48.182651999999997
10109   -6.4059030000000003 8.5290979999999994 48.215297999999997
10110   -4.0198320000000001 -3.3316319999999999 49.200896999999998
10111   -3.3671579999999999 -3.4960599999999999 49.195701999999997
10112   -0.080738000000000004 -2.964064 49.338425000000001
10113   1.075844 -2.715605 48.566685
10114   0.93995300000000004 -2.6264590000000001 48.878681
10115   1.182123 -2.7437040000000001 48.342232000000003
10116   1.037058 -2.533944 48.746727
10117   1.1304559999999999 -2.6167639999999999 48.446765999999997
10118   1.1455900000000001 -2.5767530000000001 48.339184000000003
10119   1.0141089999999999 -2.4359639999999998 48.547671999999999
10120   -7.3687360000000002 -2.212269 49.440769000000003
10121   -7.9202360000000001 -1.8975979999999999 49.428561999999999
10122   -8.3626590000000007 -1.7170460000000001 49.172542999999997
10123   -9.6279489999999992 -0.78121300000000005 48.739094000000001
10124   -10.354692 0.38544099999999998 48.819862000000001
10125   -10.56554 0.87533799999999995 48.752215999999997
10126   -10.570835000000001 1.759428 49.624907999999998
10127   -10.844148000000001 3.6132529999999998 48.710239000000001
10128   -10.027059 5.583145 49.402672000000003
10129   -2.130306 5.8794029999999999 48.747517000000002
10130   -3.6868530000000002 7.6226229999999999 48.996077999999997
10131   -3.9221279999999998 7.6941670000000002 49.612288999999997
10132   -4.3137749999999997 7.9583890000000004 49.307602000000003
10133   -6.6213990000000003 8.0824359999999995 50.077250999999997
10134   -5.7610419999999998 8.3715150000000005 49.084049
10135   -0.73051299999999997 -2.7887409999999999 50.055461999999999
10136   0.78330200000000005 -2.55986 49.168388
10137   0.886934 -2.4471889999999998 49.100273000000001
10138   0.949272 -2.3494280000000001 48.928561999999999
10139   -6.7359179999999999 -2.423915 49.639187
10140   0.80214600000000003 -2.1718920000000002 48.882378000000003
10141   0.88430500000000001 -2.2304919999999999 49.082909000000001
10142   0.62967600000000001 -1.9810270000000001 49.339046000000003
10143   0.81099399999999999 -2.1384340000000002 49.239058999999997
10144   -7.6696710000000001 -1.75299 50.011799000000003
10145   -8.7568009999999994 -1.315661 49.393416999999999
10146   -8.3725050000000003 -1.2920830000000001 49.964523
10147   -9.0490969999999997 -1.090228 49.355376999999997
10148   -9.415851 -0.58107399999999998 49.516356999999999
10149   -9.9673909999999992 -0.031337999999999998 49.202643999999999
10150   -10.8245 3.1327419999999999 49.064765999999999
10151   -10.834448999999999 2.6752129999999998 49.105091000000002
10152   -10.683222000000001 3.704955 49.464779
10153   -10.539375 4.1151600000000004 49.801730999999997
10154   -10.430854 4.6063270000000003 49.800078999999997
10155   -2.2559360000000002 5.8983869999999996 49.768054999999997
10156   -1.939875 5.1940369999999998 49.493492000000003
10157   -8.6736380000000004 6.896407 50.440392000000003
10158   -3.237832 7.1798770000000003 49.906962999999998
10159   -3.5983049999999999 7.4796889999999996 49.734389999999998
10160   -7.5593170000000001 7.7919720000000003 49.930118999999998
10161   -4.5550639999999998 -2.9677980000000002 49.767173999999997
10162   -5.4260760000000001 -2.774527 49.812533999999999
10163   -3.629594 -2.857999 50.141967999999999
10164   -3.099869 -3.1390760000000002 49.835075000000003
10165   -6.1475809999999997 -2.5451009999999998 49.886477999999997
10166   -2.6315520000000001 -2.9656729999999998 50.104336000000004
10167   -1.2855780000000001 -2.765663 50.340491999999998
10168   -0.113089 -2.4985050000000002 50.365490000000001
10169   0.47610000000000002 -2.4950320000000001 49.678767999999998
10170   0.70966300000000004 -2.3644270000000001 49.454838000000002
10171   0.609209 -2.269434 49.819786000000001
10172   0.70580900000000002 -2.227363 49.606482999999997
10173   0.66682900000000001 -2.1750669999999999 49.791752000000002
10174   0.822106 -2.2590180000000002 49.305866000000002
10175   -7.1291909999999996 -2.0710890000000002 49.996326000000003
10176   0.67027000000000003 -2.0864410000000002 49.654010999999997
10177   0.457673 -1.809353 49.840702
10178   -8.9768340000000002 -0.83393300000000004 49.905121000000001
10179   -9.2665659999999992 -0.414518 50.082473999999998
10180   -9.4817699999999991 0.066681000000000004 50.330868000000002
10181   -9.7135169999999995 -0.010374 49.812325000000001
10182   -10.224246000000001 0.88102100000000005 49.758189999999999
10183   -9.8634570000000004 0.42022700000000002 50.056697999999997
10184   -10.666453000000001 2.8163490000000002 49.681331999999998
10185   -10.66616 3.3504890000000001 49.704151000000003
10186   -1.9179330000000001 4.6732589999999998 50.271129999999999
10187   -2.151885 5.4368889999999999 50.788311
10188   -10.161825 5.1302110000000001 50.123161000000003
10189   -9.5984820000000006 6.0736109999999996 49.954304
10190   -9.5091099999999997 6.3655989999999996 49.348514999999999
10191   -5.9226619999999999 8.1829389999999993 50.160533999999998
10192   -5.3143739999999999 8.2170070000000006 49.756554000000001
10193   -1.9329590000000001 -2.776052 50.349502999999999
10194   0.21838199999999999 -2.2686809999999999 50.478237
10195   0.45839299999999999 -2.2382949999999999 50.187472999999997
10196   0.58878200000000003 -2.1386820000000002 50.046405999999998
10197   -6.5743429999999998 -2.203357 50.273682000000001
10198   0.53237900000000005 -1.984847 50.151878000000004
10199   0.40265099999999998 -1.804027 50.393577999999998
10200   -7.1960709999999999 -1.6670240000000001 50.672156999999999
10201   0.19192100000000001 -1.54165 50.277400999999998
10202   -8.7505279999999992 -0.79352100000000003 50.320881
10203   -9.0469349999999995 -0.380718 50.476253999999997
10204   -2.2813349999999999 1.46055 50.639828000000001
10205   -2.3946869999999998 1.22174 51.249752000000001
10206   -2.2025009999999998 1.0267189999999999 50.873055000000001
10207   -2.3996759999999999 1.586325 51.001579
10208   -2.4814440000000002 1.505654 51.356304000000002
10209   -10.193827000000001 1.6064039999999999 50.569732999999999
10210   -10.431721 3.6285850000000002 50.378864
10211   -10.422399 2.7858390000000002 50.421295000000001
10212   -10.374407 4.3052020000000004 50.349411000000003
10213   -10.227510000000001 4.7093559999999997 50.520245000000003
10214   -9.7523569999999999 5.6090669999999996 50.656094000000003
10215   -2.5700240000000001 6.1188770000000003 50.619746999999997
10216   -9.2656150000000004 6.4609040000000002 50.022078999999998
10217   -3.0120900000000002 6.5017240000000003 51.416415999999998
10218   -3.4683679999999999 7.130064 50.714072999999999
10219   -3.8528349999999998 7.4117160000000002 50.605618
10220   -7.8906349999999996 7.4146530000000004 50.943069000000001
10221   -5.5506390000000003 8.1747750000000003 50.209541000000002
10222   -4.9674569999999996 7.9561950000000001 50.613529
10223   -4.7496280000000004 -2.5669019999999998 50.619506999999999
10224   -3.7593839999999998 -2.3351250000000001 50.890469000000003
10225   -2.737174 -2.5247190000000002 50.616816999999998
10226   -0.779532 -2.4492509999999998 50.640510999999996
10227   -1.6841630000000001 -2.3645200000000002 50.796688000000003
10228   0.31741599999999998 -2.130242 50.506614999999996
10229   0.18853900000000001 -2.085855 50.830207999999999
10230   0.30708400000000002 -2.016416 50.663981999999997
10231   0.435423 -2.0745659999999999 50.361671000000001
10232   0.38595800000000002 -1.936785 50.516407000000001
10233   0.31785999999999998 -1.821353 50.716537000000002
10234   0.17287 -1.6251359999999999 50.687953999999998
10235   0.049360000000000001 -1.440645 50.748379
10236   -7.9117329999999999 -1.265002 50.594481999999999
10237   -8.4987329999999996 -0.65635900000000003 50.820743999999998
10238   -1.945754 0.367728 50.879283999999998
10239   -2.1833580000000001 0.52257900000000002 51.277099999999997
10240   -2.0485799999999998 0.155889 51.408878000000001
10241   -1.749959 0.085799 50.994289000000002
10242   -2.360814 0.77408999999999994 51.509757999999998
10243   -9.7354319999999994 1.0175050000000001 50.933720000000001
10244   -9.0363059999999997 0.225859 51.161822999999998
10245   -10.201851 2.3845130000000001 50.909908000000001
10246   -1.859877 4.8291399999999998 51.303058999999998
10247   -9.9251159999999992 5.0410320000000004 51.137318
10248   -7.2672990000000004 7.693486 51.154845999999999
10249   -4.3110239999999997 7.6494160000000004 50.955638999999998
10250   -5.7874530000000002 -2.4154520000000002 50.489902000000001
10251   -4.543228 -2.1997650000000002 51.221961999999998
10252   -2.7147770000000002 -1.9901580000000001 51.161845999999997
10253   -0.125056 -2.155475 51.019832999999998
10254   -5.3838609999999996 -2.1176629999999999 51.191276999999999
10255   -1.5810029999999999 -1.986329 51.21349
10256   -0.88725699999999996 -2.12826 51.084071999999999
10257   0.21257799999999999 -1.9560439999999999 50.901038999999997
10258   0.040028000000000001 -1.9278120000000001 51.099808000000003
10259   -6.3286680000000004 -1.921719 50.979953999999999
10260   0.16129299999999999 -1.8003340000000001 50.956718000000002
10261   -0.025388000000000001 -1.7173389999999999 51.188419000000003
10262   0.29526200000000002 -1.9109430000000001 50.788077999999999
10263   -0.010638999999999999 -1.5822000000000001 51.127426
10264   -0.214059 -1.4701930000000001 51.281246000000003
10265   -0.16695699999999999 -1.268745 50.955750000000002
10266   -0.32696399999999998 -1.2087410000000001 51.273162999999997
10267   -0.52232100000000004 -0.87848400000000004 51.037089999999999
10268   -0.67995899999999998 -0.67511699999999997 50.685284000000003
10269   -0.83127099999999998 -0.59595100000000001 51.109256999999999
10270   -2.4832930000000002 1.1744939999999999 51.753608999999997
10271   -2.4567890000000001 1.373648 51.755867000000002
10272   -2.4784519999999999 1.603281 51.535392999999999
10273   -2.5185279999999999 1.7833779999999999 51.285221
10274   -2.4738039999999999 1.8417859999999999 51.490307000000001
10275   -2.3683450000000001 1.550724 51.839751999999997
10276   -9.9252009999999995 1.931181 51.405521
10277   -2.5472229999999998 1.963387 51.256225999999998
10278   -2.314775 1.76484 51.766548
10279   -2.35033 1.969007 51.612766000000001
10280   -10.153897000000001 3.2031000000000001 51.188110000000002
10281   -10.130709 4.3542300000000003 51.076014999999998
10282   -2.0382289999999998 5.1535380000000002 52.216545000000004
10283   -9.5356520000000007 5.5041169999999999 51.601996999999997
10284   -2.622671 6.0548719999999996 51.859046999999997
10285   -3.387975 6.7837300000000003 51.757607
10286   -3.7531620000000001 7.0831770000000001 51.675441999999997
10287   -4.395905 7.4268619999999999 51.885139000000002
10288   -5.7168720000000004 7.9931429999999999 51.124664000000003
10289   -3.8725890000000001 -2.0255519999999998 51.303406000000003
10290   -4.6186999999999996 -1.686086 51.621132000000003
10291   -3.504543 -1.7807949999999999 51.497565999999999
10292   -2.6540460000000001 -1.5606500000000001 51.558093999999997
10293   -1.761827 -1.6342000000000001 51.492972999999999
10294   -1.0430969999999999 -1.8445800000000001 51.335613000000002
10295   -0.46165499999999998 -1.939773 51.255614999999999
10296   -0.117686 -1.9679219999999999 51.237484000000002
10297   -6.018332 -1.465212 51.739609000000002
10298   -0.98326400000000003 -1.6213249999999999 51.600231000000001
10299   -0.58487100000000003 -1.7711520000000001 51.42841
10300   -0.22335199999999999 -1.7651559999999999 51.314438000000003
10301   -6.8603259999999997 -1.405845 51.373848000000002
10302   -5.3597770000000002 -1.3839109999999999 51.918495
10303   -3.43499 -1.4667809999999999 51.808712
10304   -1.3816040000000001 -1.3679399999999999 51.810302999999998
10305   -0.58121800000000001 -1.626787 51.518763999999997
10306   -0.422539 -1.6871659999999999 51.428879000000002
10307   -7.6959379999999999 -0.82520400000000005 51.437759
10308   -4.8534300000000004 -1.031004 52.156512999999997
10309   -4.1023550000000002 -1.369175 51.962856000000002
10310   -0.92158499999999999 -1.3355870000000001 51.688740000000003
10311   -0.65564100000000003 -1.4633130000000001 51.553440000000002
10312   -0.39555299999999999 -1.5654950000000001 51.428513000000002
10313   -6.9221219999999999 -0.93766499999999997 51.903087999999997
10314   -5.8256189999999997 -1.1144860000000001 52.166504000000003
10315   -0.66647000000000001 -1.310082 51.562987999999997
10316   -0.757907 -1.2019310000000001 51.619076
10317   -0.45574700000000001 -1.3697539999999999 51.436691000000003
10318   -0.79821200000000003 -1.0826800000000001 51.640804000000003
10319   -0.68024899999999999 -1.1300220000000001 51.563643999999996
10320   -0.58065 -1.208046 51.493454
10321   -0.64976500000000004 -1.051177 51.485619
10322   -0.78614300000000004 -0.99573900000000004 51.618279000000001
10323   -0.85010699999999995 -0.85872700000000002 51.585022000000002
10324   -8.4164809999999992 -0.15182000000000001 51.516086999999999
10325   -1.1308560000000001 -0.392486 51.142834000000001
10326   -1.181457 -0.53349199999999997 51.625450000000001
10327   -1.0423979999999999 -0.65272699999999995 51.645245000000003
10328   -8.0753760000000003 -0.017256000000000001 51.999599000000003
10329   -7.4086509999999999 -0.19247500000000001 52.334167000000001
10330   -1.455074 -0.18701999999999999 51.128020999999997
10331   -1.525207 -0.34506599999999998 51.640984000000003
10332   -1.3880669999999999 -0.45574700000000001 51.709277999999998
10333   -1.9202600000000001 -0.101171 51.537891000000002
10334   -1.7202029999999999 -0.25117099999999998 51.573279999999997
10335   -8.6213169999999995 0.55388199999999999 51.986922999999997
10336   -2.3701639999999999 0.431253 51.810875000000003
10337   -2.488451 0.88876100000000002 51.868633000000003
10338   -2.4796269999999998 0.56224600000000002 52.136738000000001
10339   -2.5040249999999999 0.96645700000000001 52.266708000000001
10340   -9.1613699999999998 1.0310079999999999 51.792282
10341   -2.4477799999999998 1.161076 52.107036999999998
10342   -2.3934609999999998 1.321882 52.042236000000003
10343   -2.2807689999999998 1.3860110000000001 52.288017000000004
10344   -2.1371069999999999 1.65985 52.151459000000003
10345   -9.4372480000000003 1.6921040000000001 51.972847000000002
10346   -2.2231999999999998 1.8648169999999999 51.824814000000003
10347   -2.1932900000000002 2.1160589999999999 51.748001000000002
10348   -2.1079279999999998 1.892029 51.960521999999997
10349   -1.964523 1.851083 52.261696000000001
10350   -9.5901759999999996 2.314549 52.131252000000003
10351   -1.977533 2.1120009999999998 52.060600000000001
10352   -2.0262289999999998 2.469646 51.862819999999999
10353   -1.9189560000000001 2.330346 52.081116000000002
10354   -9.8188370000000003 2.8620619999999999 51.888832000000001
10355   -9.8539159999999999 3.6337220000000001 51.949272000000001
10356   -10.105435 3.819699 51.334187
10357   -1.7891269999999999 3.8982700000000001 52.041038999999998
10358   -1.7203219999999999 3.7156989999999999 52.112369999999999
10359   -1.8202229999999999 3.6801940000000002 51.880032
10360   -9.8674669999999995 4.1965440000000003 51.872990000000001
10361   -9.8432980000000008 4.6638190000000002 51.734851999999997
10362   -1.797561 4.7350620000000001 52.310799000000003
10363   -1.8375509999999999 4.2608579999999998 51.855392000000002
10364   -9.5692970000000006 5.0654089999999998 52.080036
10365   -9.1383639999999993 5.5212430000000001 52.554523000000003
10366   -2.3103739999999999 5.6296239999999997 52.108916999999998
10367   -9.1551489999999998 6.1069750000000003 51.404091000000001
10368   -5.0925459999999996 7.717905 52.087158000000002
10369   -6.7073650000000002 7.59612 52.404029999999999
10370   -6.1284989999999997 7.8460140000000003 51.919685000000001
10371   -6.4922000000000004 -0.58481300000000003 52.471851000000001
10372   -5.9785469999999998 -0.66653899999999999 52.578510000000001
10373   -5.4808950000000003 -0.76737999999999995 52.494231999999997
10374   -4.0278359999999997 -0.94125700000000001 52.447547999999998
10375   -3.5709379999999999 -0.88088299999999997 52.430622
10376   -2.9916550000000002 -1.1726080000000001 51.979652000000002
10377   -3.043415 -0.76915199999999995 52.402926999999998
10378   -2.518211 -1.022818 52.131442999999997
10379   -4.8544130000000001 -0.66730999999999996 52.612110000000001
10380   -2.4976980000000002 -0.67030999999999996 52.352668999999999
10381   -2.2219159999999998 -0.70756300000000005 52.211036999999997
10382   -1.50376 -0.60702199999999995 51.923546000000002
10383   -1.744934 -0.60320600000000002 52.022820000000003
10384   -1.6532469999999999 -0.73944900000000002 52.004044
10385   -1.257166 -0.66098599999999996 51.842972000000003
10386   -2.3784830000000001 -0.47760000000000002 52.303455
10387   -1.9795469999999999 -0.583067 52.082287000000001
10388   -2.117029 -0.42860300000000001 52.116633999999998
10389   -1.9669019999999999 -0.41886299999999999 52.033366999999998
10390   -1.800948 -0.40247100000000002 51.977409000000002
10391   -1.603334 -0.44992399999999999 51.867249000000001
10392   -6.9964009999999996 0.066224000000000005 52.913798999999997
10393   -2.314829 -0.244114 52.283901
10394   -1.9754419999999999 -0.284613 51.946731999999997
10395   -8.1307759999999991 0.60880599999999996 52.603642000000001
10396   -7.5096829999999999 0.46226299999999998 53.001083000000001
10397   -2.140809 -0.091818999999999998 51.904471999999998
10398   -2.303302 -0.062212000000000003 52.222831999999997
10399   -2.3168600000000001 0.15426899999999999 51.993755
10400   -2.5646559999999998 0.75201200000000001 52.430892999999998
10401   -8.6969049999999992 1.557283 52.756068999999997
10402   -2.3898519999999999 1.207522 52.369556000000003
10403   -2.0866790000000002 1.457093 52.742579999999997
10404   -1.8236559999999999 1.7293559999999999 52.935825000000001
10405   -1.7803279999999999 2.067539 52.563206000000001
10406   -1.8416790000000001 2.262753 52.252963999999999
10407   -1.725746 2.3721619999999999 52.462054999999999
10408   -1.8284370000000001 2.4965989999999998 52.188361999999998
10409   -9.3799919999999997 2.9351069999999999 52.748466000000001
10410   -1.8109569999999999 2.880865 52.076996000000001
10411   -1.668364 2.6646640000000001 52.428497
10412   -1.707376 3.1499489999999999 52.166015999999999
10413   -1.8141579999999999 3.237047 51.950932000000002
10414   -1.5030030000000001 3.1028790000000002 52.630398
10415   -9.4873189999999994 3.5631460000000001 52.691299000000001
10416   -1.6722760000000001 3.3372199999999999 52.184952000000003
10417   -1.742056 3.50569 52.044781
10418   -1.6350150000000001 3.4797030000000002 52.237842999999998
10419   -1.536762 3.4268339999999999 52.400191999999997
10420   -1.390061 3.4355069999999999 52.665962
10421   -1.566686 3.6047310000000001 52.461638999999998
10422   -1.670407 3.828227 52.379536000000002
10423   -1.6878839999999999 4.0866179999999996 52.558692999999998
10424   -9.5812039999999996 4.0505969999999998 52.486758999999999
10425   -9.5431609999999996 4.5432969999999999 52.436534999999999
10426   -2.2899949999999998 5.3766090000000002 53.174453999999997
10427   -2.959838 6.1278579999999998 52.850338000000001
10428   -8.5142450000000007 6.4942970000000004 52.282631000000002
10429   -7.9275640000000003 6.9370399999999997 52.431663999999998
10430   -3.5071400000000001 6.6463169999999998 52.679417000000001
10431   -4.1466789999999998 6.9886629999999998 53.158478000000002
10432   -7.4360410000000003 7.3939750000000002 52.116954999999997
10433   -5.6054979999999999 7.7435989999999997 52.407817999999999
10434   -5.126258 7.4239560000000004 53.330295999999997
10435   -4.0645550000000004 -0.69364999999999999 52.708393000000001
10436   -3.468248 -0.48181299999999999 52.913784
10437   -6.0610059999999999 -0.093781000000000003 53.112431000000001
10438   -5.6402530000000004 -0.35195199999999999 52.924435000000003
10439   -4.4953659999999998 -0.36680000000000001 52.996428999999999
10440   -2.7728760000000001 -0.42184199999999999 52.634163000000001
10441   -2.6138520000000001 -0.130941 52.710464000000002
10442   -2.4725239999999999 -0.0052040000000000003 52.530799999999999
10443   -2.5327329999999999 0.184532 52.584105999999998
10444   -2.5757400000000001 0.38271300000000003 52.579799999999999
10445   -2.4533860000000001 0.30752400000000002 52.277327999999997
10446   -2.6048 0.56310400000000005 52.586823000000003
10447   -2.6965349999999999 0.68025199999999997 52.893059000000001
10448   -2.661988 0.90596100000000002 52.977817999999999
10449   -2.4978590000000001 1.083737 52.684586000000003
10450   -2.3417870000000001 1.2492730000000001 52.854942000000001
10451   -9.1382879999999993 2.3725520000000002 52.786293000000001
10452   -1.58707 1.928318 53.335430000000002
10453   -1.546065 2.4409100000000001 52.919460000000001
10454   -1.3490260000000001 2.9782120000000001 53.068604000000001
10455   -1.4846790000000001 3.8436889999999999 53.007705999999999
10456   -1.2355750000000001 3.4205589999999999 53.097549000000001
10457   -1.724909 4.4488279999999998 52.816611999999999
10458   -9.1443110000000001 4.9255100000000001 52.99691
10459   -4.7323829999999996 7.5093050000000003 52.784821000000001
10460   -3.8290579999999999 -0.48816700000000002 53.057690000000001
10461   -6.5560320000000001 0.082170999999999994 53.162452999999999
10462   -5.1350749999999996 -0.32815800000000001 52.954360999999999
10463   -4.0230439999999996 -0.456899 53.145794000000002
10464   -3.8098420000000002 -0.32541900000000001 53.435146000000003
10465   -3.5180940000000001 -0.2213 53.520214000000003
10466   -3.3638140000000001 -0.32480199999999998 53.160094999999998
10467   -3.2599819999999999 -0.25052400000000002 53.177750000000003
10468   -3.1791170000000002 -0.33259300000000003 52.970557999999997
10469   -4.1987639999999997 -0.316467 53.310595999999997
10470   -3.0186160000000002 -0.22318299999999999 52.989773
10471   -5.5218210000000001 0.181061 53.473292999999998
10472   -4.780214 0.061520999999999999 53.461959999999998
10473   -4.3494359999999999 -0.051885000000000001 53.784163999999997
10474   -3.978056 -0.156468 53.925063999999999
10475   -3.0488909999999998 -0.050847000000000003 53.185848
10476   -3.2245780000000002 -0.036822000000000001 53.422198999999999
10477   -2.837682 -0.085355 52.958751999999997
10478   -3.138636 0.15420200000000001 53.508792999999997
10479   -2.8895 0.15485099999999999 53.149299999999997
10480   -3.0084420000000001 0.40246199999999999 53.452091000000003
10481   -2.6758489999999999 0.068292000000000005 52.852322000000001
10482   -2.830851 0.36302800000000002 53.125011000000001
10483   -2.6967270000000001 0.26405099999999998 52.881915999999997
10484   -6.9511659999999997 0.72110600000000002 53.594710999999997
10485   -2.7015419999999999 0.46543499999999999 52.878310999999997
10486   -2.8169840000000002 0.55845800000000001 53.146132999999999
10487   -7.5566940000000002 0.90573999999999999 53.397243000000003
10488   -7.9201430000000004 0.89990000000000003 53.101664999999997
10489   -8.2478449999999999 1.143851 52.980896000000001
10490   -2.9334899999999999 0.720947 53.538322000000001
10491   -2.9303520000000001 0.93812600000000002 53.946835
10492   -7.9645260000000002 1.423908 53.465530000000001
10493   -2.6154410000000001 1.089988 53.328471999999998
10494   -2.4520490000000001 1.200385 53.685146000000003
10495   -2.1228479999999998 1.342954 53.369410999999999
10496   -1.797436 1.539944 53.304707000000001
10497   -8.3008889999999997 2.1004499999999999 53.664948000000003
10498   -1.4427239999999999 2.3770500000000001 53.594558999999997
10499   -8.5848770000000005 2.7217850000000001 53.696593999999997
10500   -8.9618950000000002 3.0005600000000001 53.388320999999998
10501   -1.2613319999999999 2.9108800000000001 53.560088999999998
10502   -8.994624 3.5102950000000002 53.491191999999998
10503   -1.1314489999999999 3.2528779999999999 53.485061999999999
10504   -1.1458390000000001 3.475044 53.619553000000003
10505   -9.0694719999999993 4.23787 53.35051
10506   -1.872169 4.7237580000000001 53.238602
10507   -8.6041659999999993 5.969417 53.104346999999997
10508   -8.0579070000000002 6.3421830000000003 53.463566
10509   -7.1877579999999996 7.1181900000000002 53.163162
10510   -6.6229490000000002 7.1988719999999997 53.565907000000003
10511   -6.3503559999999997 7.3864590000000003 53.326351000000003
10512   -5.913538 7.4698880000000001 53.230797000000003
10513   -3.3900160000000001 -0.089965000000000003 53.608204000000001
10514   -6.3107119999999997 0.36460300000000001 53.497055000000003
10515   -5.9784689999999996 0.30326199999999998 53.517937000000003
10516   -4.6901780000000004 0.25087199999999998 54.147396000000001
10517   -3.2798959999999999 0.36335000000000001 53.974960000000003
10518   -3.3299859999999999 0.069094000000000003 53.752132000000003
10519   -5.2141310000000001 0.52536300000000002 54.028858
10520   -5.5910039999999999 0.52889799999999998 53.956637999999998
10521   -6.0627279999999999 0.71084400000000003 53.917065000000001
10522   -7.4713430000000001 1.135448 53.657725999999997
10523   -2.7245710000000001 1.09276 53.945087000000001
10524   -2.9511799999999999 1.057159 54.517142999999997
10525   -7.3625280000000002 1.4083060000000001 53.989136000000002
10526   -2.2071200000000002 1.277514 54.088012999999997
10527   -1.933003 1.457546 54.209629
10528   -1.5193650000000001 1.8991830000000001 54.530028999999999
10529   -1.086436 3.1084010000000002 54.021683000000003
10530   -1.073029 3.326762 54.029957000000003
10531   -1.376925 3.9299210000000002 53.770530999999998
10532   -1.5899810000000001 4.2774479999999997 53.310265000000001
10533   -1.6224240000000001 4.3556489999999997 53.850802999999999
10534   -8.7580880000000008 4.7719519999999997 53.739047999999997
10535   -1.910309 4.6407740000000004 54.193241
10536   -2.2046619999999999 4.7748840000000001 54.665646000000002
10537   -8.5842650000000003 5.31792 53.682738999999998
10538   -2.5829580000000001 5.5059810000000002 53.881939000000003
10539   -2.941011 5.8081880000000004 53.998874999999998
10540   -3.4071940000000001 6.238054 53.737476000000001
10541   -7.4389320000000003 6.6199130000000004 53.832642
10542   -4.6902270000000001 7.0996610000000002 53.870055999999998
10543   -4.3919709999999998 6.7503830000000002 54.243369999999999
10544   -6.147151 7.1452859999999996 53.957282999999997
10545   -5.8067029999999997 7.1961979999999999 54.006965999999998
10546   -5.4321039999999998 7.1135089999999996 54.175117
10547   -4.180091 0.097963999999999996 54.481006999999998
10548   -3.7387480000000002 -0.110816 54.053435999999998
10549   -3.5386880000000001 0.033003999999999999 54.135219999999997
10550   -5.6106509999999998 0.87180299999999999 54.295605000000002
10551   -5.0072650000000003 0.54311799999999999 54.484825000000001
10552   -3.3383699999999998 0.72785599999999995 54.630549999999999
10553   -5.3705610000000004 0.84001000000000003 54.606979000000003
10554   -6.648053 1.326155 54.339602999999997
10555   -2.7173240000000001 1.1494409999999999 54.559643000000001
10556   -2.563253 1.151006 54.153922999999999
10557   -2.3709310000000001 1.200699 54.149597
10558   -2.3678330000000001 1.212353 54.477035999999998
10559   -1.6087590000000001 1.7832680000000001 54.835082999999997
10560   -7.7564659999999996 1.9606380000000001 54.14011
10561   -8.0485019999999992 2.549445 54.274318999999998
10562   -1.348274 2.3411810000000002 54.710200999999998
10563   -8.5077219999999993 3.3233730000000001 54.098351000000001
10564   -8.2488919999999997 3.0491299999999999 54.327652
10565   -1.205227 2.7855020000000001 54.380626999999997
10566   -1.1748449999999999 3.5196429999999999 54.098042
10567   -8.2326859999999993 3.9331420000000001 54.479953999999999
10568   -8.4996369999999999 4.446034 54.175685999999999
10569   -8.2615669999999994 4.8831410000000002 54.373814000000003
10570   -8.0087089999999996 5.3082770000000004 54.510925
10571   -8.0343049999999998 5.7613630000000002 54.092407000000001
10572   -7.5454379999999999 6.1164540000000001 54.365211000000002
10573   -3.2330019999999999 5.731636 54.676811000000001
10574   -6.8218120000000004 6.8183530000000001 54.128310999999997
10575   -3.8632309999999999 6.3360320000000003 54.335921999999997
10576   -6.4461349999999999 6.9751010000000004 54.125155999999997
10577   -5.715503 6.8756630000000003 54.531086000000002
10578   -3.905027 -0.044212000000000001 54.309769000000003
10579   -3.7848139999999999 0.086493 54.551872000000003
10580   -3.565677 0.33010600000000001 54.580395000000003
10581   -4.6180570000000003 0.376888 54.729424000000002
10582   -4.9722229999999996 0.74669099999999999 54.972141000000001
10583   -5.9310919999999996 1.2060489999999999 54.481811999999998
10584   -5.5440969999999998 1.184229 54.836655
10585   -3.1672669999999998 0.97066799999999998 54.737507000000001
10586   -5.7917439999999996 1.4810030000000001 54.949966000000003
10587   -6.094951 1.5999460000000001 54.856129000000003
10588   -2.1550989999999999 1.3324530000000001 54.623116000000003
10589   -1.9739329999999999 1.477911 54.839764000000002
10590   -1.778386 1.6314439999999999 55.055602999999998
10591   -7.2036490000000004 1.798608 54.434345
10592   -6.7592689999999997 1.953649 54.81382
10593   -7.3863709999999996 2.3483670000000001 54.738697000000002
10594   -7.7724739999999999 2.9149780000000001 54.804561999999997
10595   -1.085331 2.896604 54.748562
10596   -1.0542400000000001 3.0847280000000001 54.650680999999999
10597   -7.9980560000000001 3.4172039999999999 54.724899000000001
10598   -1.16439 3.2189429999999999 54.583629999999999
10599   -1.544864 4.0809889999999998 54.844715000000001
10600   -1.3863430000000001 3.612247 55.216034000000001
10601   -1.366088 3.9886059999999999 54.324016999999998
10602   -8.0317819999999998 4.447603 54.786541
10603   -2.6848939999999999 5.3938189999999997 54.573932999999997
10604   -7.3484179999999997 5.4239680000000003 55.101596999999998
10605   -6.827013 6.3279310000000004 54.727406000000002
10606   -6.1572979999999999 6.6370709999999997 54.668396000000001
10607   -4.8486200000000004 6.8438689999999998 54.497619999999998
10608   -4.3357869999999998 6.2586740000000001 54.964306000000001
10609   -4.3075530000000004 0.37292999999999998 55.045161999999998
10610   -3.9923310000000001 0.32477800000000001 55.022781000000002
10611   -4.5831850000000003 0.66496200000000005 55.324589000000003
10612   -3.747277 0.40032200000000001 54.955601000000001
10613   -4.1311600000000004 0.52204700000000004 55.438006999999999
10614   -3.9476040000000001 0.523814 55.395248000000002
10615   -3.7918249999999998 0.565465 55.301257999999997
10616   -3.6153189999999999 0.58333400000000002 55.020640999999998
10617   -3.641578 0.76354200000000005 55.419356999999998
10618   -3.4267720000000002 1.070892 55.579867999999998
10619   -5.2782710000000002 1.084859 55.11459
10620   -3.119453 1.1315360000000001 55.072280999999997
10621   -5.4520270000000002 1.670045 55.55545
10622   -2.8425959999999999 1.230907 55.021827999999999
10623   -2.4095960000000001 1.2650840000000001 54.974834000000001
10624   -2.1280999999999999 1.4407730000000001 55.159717999999998
10625   -1.958569 1.58711 55.472194999999999
10626   -1.6595500000000001 1.795968 55.898273000000003
10627   -6.3832120000000003 2.2160190000000002 55.250712999999998
10628   -6.0021820000000004 2.295766 55.554935
10629   -6.8240639999999999 2.4198230000000001 55.159717999999998
10630   -1.2383489999999999 2.356614 55.744183
10631   -1.130109 2.686909 55.666404999999997
10632   -7.151122 2.8745129999999999 55.276386000000002
10633   -1.166134 2.7918370000000001 55.762951000000001
10634   -7.4793050000000001 3.3379919999999998 55.255566000000002
10635   -1.350066 3.2135319999999998 55.585147999999997
10636   -7.4922550000000001 3.781717 55.210887999999997
10637   -7.5547420000000001 4.3629740000000004 55.214142000000002
10638   -1.826022 3.8121109999999998 55.734665
10639   -2.3152740000000001 4.5432420000000002 55.495232000000001
10640   -7.4925800000000002 4.8609260000000001 55.180294000000004
10641   -2.804583 5.0143800000000001 55.370311999999998
10642   -3.3332299999999999 5.3360539999999999 55.486404
10643   -7.0263859999999996 5.7291780000000001 55.164875000000002
10644   -6.5585209999999998 5.881964 55.332408999999998
10645   -3.8095850000000002 6.0226139999999999 54.933132000000001
10646   -3.957684 5.5991540000000004 55.568294999999999
10647   -6.1390799999999999 6.1426040000000004 55.275866999999998
10648   -5.7416429999999998 6.2403719999999998 55.344062999999998
10649   -5.5960919999999996 6.5067659999999998 55.100600999999997
10650   -5.1604539999999997 6.4887819999999996 55.140030000000003
10651   -4.3362499999999997 0.64091600000000004 55.582839999999997
10652   -4.092943 0.840252 56.092486999999998
10653   -3.892226 0.71854799999999996 55.754024999999999
10654   -4.9179279999999999 1.0912649999999999 55.555534000000002
10655   -3.7138930000000001 0.93178499999999997 55.924453999999997
10656   -3.2326809999999999 1.2590779999999999 55.522018000000003
10657   -4.7264679999999997 1.44601 56.231873
10658   -3.2812899999999998 1.4779249999999999 56.098911000000001
10659   -3.0834079999999999 1.3697280000000001 55.545394999999999
10660   -2.85758 1.486302 55.690300000000001
10661   -2.5179260000000001 1.4282269999999999 55.527366999999998
10662   -2.2115330000000002 1.512937 55.588054999999997
10663   -2.548416 1.5799780000000001 55.913040000000002
10664   -5.7183089999999996 2.4953419999999999 56.075588000000003
10665   -1.3949959999999999 2.1227079999999998 56.328251000000002
10666   -6.5311199999999996 2.6428579999999999 55.512684
10667   -6.3504240000000003 2.8770639999999998 55.817473999999997
10668   -6.8355370000000004 3.0884109999999998 55.620837999999999
10669   -6.9930709999999996 3.379289 55.609859
10670   -6.4203510000000001 3.3083399999999998 56.018635000000003
10671   -7.145321 3.7961149999999999 55.588673
10672   -6.6953589999999998 3.7107260000000002 55.913094000000001
10673   -7.0516139999999998 4.3768419999999999 55.625050000000002
10674   -6.4820469999999997 4.149165 56.132033999999997
10675   -2.2584599999999999 4.2590079999999997 55.913189000000003
10676   -2.7299540000000002 4.6690149999999999 55.99004
10677   -6.8577360000000001 4.7675029999999996 55.751868999999999
10678   -6.8089899999999997 5.0794949999999996 55.679156999999996
10679   -6.6992649999999996 5.4769839999999999 55.588593000000003
10680   -6.2248270000000003 5.756564 55.696967999999998
10681   -5.7593920000000001 5.7994490000000001 55.815334
10682   -4.5864919999999998 5.8286990000000003 55.721077000000001
10683   -4.9574689999999997 5.918253 55.932834999999997
10684   -4.7414269999999998 6.3762970000000001 55.168041000000002
10685   -5.3945879999999997 6.124574 55.626938000000003
10686   -4.3463510000000003 0.95746100000000001 56.133288999999998
10687   -3.6283789999999998 1.090327 56.087665999999999
10688   -3.5895290000000002 1.306521 56.420257999999997
10689   -5.1012550000000001 1.9826999999999999 56.327731999999997
10690   -3.0336799999999999 1.5720270000000001 55.904544999999999
10691   -2.3130320000000002 1.6060160000000001 56.001038000000001
10692   -3.0884779999999998 1.6794789999999999 56.134289000000003
10693   -2.9224049999999999 1.7713460000000001 56.271374000000002
10694   -2.7150300000000001 1.720933 56.144359999999999
10695   -2.3996529999999998 1.759152 56.399577999999998
10696   -2.0158710000000002 1.676995 56.081051000000002
10697   -1.778159 1.749485 56.039745000000003
10698   -3.1457540000000002 1.7922290000000001 56.488621000000002
10699   -2.6373489999999999 1.8973930000000001 56.547046999999999
10700   -1.540176 2.9518409999999999 56.151080999999998
10701   -1.332241 2.5003760000000002 56.307811999999998
10702   -1.2548950000000001 2.4217279999999999 56.117195000000002
10703   -5.801539 2.9289079999999998 56.366489000000001
10704   -1.856247 3.2936670000000001 56.213462999999997
10705   -2.1668470000000002 3.5154359999999998 56.292392999999997
10706   -6.2469289999999997 3.709209 56.291575999999999
10707   -2.3492190000000002 4.0574260000000004 56.202826999999999
10708   -6.5468970000000004 4.5634759999999996 56.056762999999997
10709   -6.1108190000000002 4.5185709999999997 56.355274000000001
10710   -6.4446079999999997 4.8310370000000002 56.060164999999998
10711   -3.2208549999999998 4.9624790000000001 56.044826999999998
10712   -6.0796640000000002 5.1942570000000003 56.127583000000001
10713   -3.5713590000000002 5.2114500000000001 55.960746999999998
10714   -3.9532750000000001 5.223846 56.270794000000002
10715   -4.5333750000000004 5.5252480000000004 56.247771999999998
10716   -5.2959199999999997 5.722467 56.081130999999999
10717   -3.8907389999999999 0.91598999999999997 56.14716
10718   -4.1720899999999999 1.2678970000000001 56.644356000000002
10719   -3.9573510000000001 1.058384 56.419128000000001
10720   -3.7700459999999998 1.080004 56.312420000000003
10721   -3.8456980000000001 1.2842340000000001 56.677700000000002
10722   -4.4564510000000004 1.460046 56.572249999999997
10723   -3.4677190000000002 1.480253 56.536655000000003
10724   -3.382727 1.643891 56.727505000000001
10725   -4.526573 1.726923 56.753231
10726   -3.1976399999999998 1.864941 56.963444000000003
10727   -2.1245240000000001 1.7498469999999999 56.372025000000001
10728   -1.855235 1.879475 56.539825
10729   -4.8409089999999999 2.096692 56.736328
10730   -1.666328 1.9419010000000001 56.514378000000001
10731   -1.5457719999999999 2.0137550000000002 56.460608999999998
10732   -5.2215119999999997 2.429719 56.581009000000002
10733   -2.9580890000000002 1.972585 56.825687000000002
10734   -2.7997030000000001 1.9678420000000001 56.695641000000002
10735   -1.4503239999999999 2.168561 56.607258000000002
10736   -1.665619 2.64968 56.507122000000003
10737   -1.5614840000000001 2.4097909999999998 56.634757999999998
10738   -2.0864470000000002 2.8640500000000002 56.651463
10739   -2.0268799999999998 2.6183269999999998 56.752730999999997
10740   -2.0321419999999999 3.092562 56.428584999999998
10741   -2.3665560000000001 3.1614460000000002 56.647902999999999
10742   -5.900118 3.4053840000000002 56.535606000000001
10743   -5.935403 3.6725889999999999 56.584991000000002
10744   -2.6300849999999998 3.812411 56.633201999999997
10745   -5.9359270000000004 3.9780470000000001 56.600608999999999
10746   -2.725902 4.3082029999999998 56.426067000000003
10747   -2.9742570000000002 4.2680980000000002 56.651470000000003
10748   -5.6725440000000003 4.335083 56.713740999999999
10749   -5.7677259999999997 4.7603249999999999 56.468567
10750   -3.4450460000000001 4.6146010000000004 56.639946000000002
10751   -3.0834350000000001 4.6318200000000003 56.367832
10752   -5.3445999999999998 4.8306250000000004 56.617207000000001
10753   -5.6685619999999997 5.0375399999999999 56.407992999999998
10754   -3.4362349999999999 4.9370520000000004 56.299895999999997
10755   -5.5009930000000002 5.3369790000000004 56.298381999999997
10756   -4.9481260000000002 5.3298610000000002 56.409205999999998
10757   -3.965144 1.574864 57.008732000000002
10758   -3.7056770000000001 1.5544899999999999 56.949108000000003
10759   -4.2038000000000002 1.6771020000000001 56.986286
10760   -3.5529090000000001 1.5206280000000001 56.778979999999997
10761   -4.177352 1.9801789999999999 57.253901999999997
10762   -3.804338 1.8001320000000001 57.238456999999997
10763   -3.487616 1.675403 57.000950000000003
10764   -3.3584489999999998 1.744459 56.996105
10765   -2.1715629999999999 1.8667819999999999 56.592528999999999
10766   -2.426545 1.9948129999999999 56.712848999999999
10767   -2.0764499999999999 1.986224 56.709187
10768   -4.593699 2.0385019999999998 56.967480000000002
10769   -2.6473529999999998 2.107497 56.874104000000003
10770   -2.9934609999999999 2.0973160000000002 57.125701999999997
10771   -2.3193199999999998 2.1585369999999999 56.833145000000002
10772   -1.9012880000000001 2.1046930000000001 56.746268999999998
10773   -1.6252470000000001 2.0952299999999999 56.659827999999997
10774   -4.7415799999999999 2.2947470000000001 56.997787000000002
10775   -2.4931489999999998 2.3079399999999999 56.971004000000001
10776   -2.1693370000000001 2.3002090000000002 56.847392999999997
10777   -1.7424470000000001 2.2513960000000002 56.749943000000002
10778   -2.335162 2.5220850000000001 56.937775000000002
10779   -2.7729249999999999 2.5033669999999999 57.235207000000003
10780   -1.989061 2.4484810000000001 56.786388000000002
10781   -5.0632039999999998 2.7167629999999998 56.927681
10782   -2.3744510000000001 2.8558590000000001 56.907691999999997
10783   -2.7126510000000001 2.8293279999999998 57.210323000000002
10784   -5.2809929999999996 3.205657 57.005718000000002
10785   -2.7970109999999999 3.2648350000000002 57.195484
10786   -5.6122829999999997 3.5955400000000002 56.869976000000001
10787   -5.1952179999999997 3.5120719999999999 57.185493000000001
10788   -3.5165999999999999 3.5871819999999999 57.249268000000001
10789   -3.0635539999999999 3.3225039999999999 57.285708999999997
10790   -3.1520519999999999 3.8890470000000001 56.960720000000002
10791   -5.447095 3.88178 56.987063999999997
10792   -3.7281780000000002 4.0064520000000003 57.090904000000002
10793   -5.1083179999999997 4.2545159999999997 56.992438999999997
10794   -5.022786 3.802343 57.231636000000002
10795   -4.779935 4.0549689999999998 57.207756000000003
10796   -4.68438 4.3177050000000001 57.084400000000002
10797   -4.0193919999999999 3.8523679999999998 57.270966000000001
10798   -4.1035199999999996 4.2631759999999996 57.072704000000002
10799   -3.7584369999999998 4.4208569999999998 56.888420000000004
10800   -4.2116480000000003 4.6676060000000001 56.873199
10801   -4.4237330000000004 4.4313599999999997 57.044379999999997
10802   -4.7170820000000004 4.7288540000000001 56.822155000000002
10803   -3.9324469999999998 4.8336030000000001 56.696925999999998
10804   -4.3731640000000001 5.0760719999999999 56.584892000000004
10805   -3.5483090000000002 1.8076950000000001 57.229484999999997
10806   -3.3384269999999998 1.8374839999999999 57.164988999999998
10807   -3.6298699999999999 2.1247180000000001 57.388160999999997
10808   -3.3394979999999999 1.9815 57.303780000000003
10809   -3.0610110000000001 2.2466710000000001 57.295071
10810   -4.561229 2.4522080000000002 57.298228999999999
10811   -4.3222820000000004 2.4161290000000002 57.376109999999997
10812   -3.0956350000000001 2.4851230000000002 57.387729999999998
10813   -4.446949 2.9450050000000001 57.390628999999997
10814   -3.3848660000000002 2.8780420000000002 57.400131000000002
10815   -4.8064109999999998 2.9597730000000002 57.250129999999999
10816   -2.9491749999999999 2.882784 57.340767
10817   -4.854921 3.3829379999999998 57.348671000000003
10818   -4.4172690000000001 3.5931999999999999 57.420394999999999
10819   -3.751287 3.4160499999999998 57.367686999999997
10820   -3.1247419999999999 3.13239 57.371647000000003
10821   -4.6967119999999998 3.798753 57.334282000000002
10822   -4.2303940000000004 3.715681 57.390976000000002
10823   -4.4239750000000004 4.0131750000000004 57.277672000000003
10824   -9.8948640000000001 -3.1713779999999998 38.377338000000002
10825   -9.8354060000000008 -3.3386 38.405037
10826   -9.9405699999999992 -3.2399659999999999 38.482329999999997
10827   -9.8647139999999993 -3.3668330000000002 38.638660000000002
10828   -9.6628399999999992 -3.5423490000000002 38.440468000000003
10829   -9.4198520000000006 -3.7367469999999998 38.412166999999997
10830   -9.1182669999999995 -3.935797 38.378841000000001
10831   -9.3006170000000008 -3.770858 38.214283000000002
10832   -8.7521070000000005 -4.1818960000000001 38.444077
10833   -8.9474769999999992 -4.0531079999999999 38.265579000000002
10834   -8.3386890000000005 -4.4008010000000004 38.628028999999998
10835   -8.4569449999999993 -4.4015029999999999 38.327311999999999
10836   -8.1999309999999994 -4.5237579999999999 38.385337999999997
10837   -7.9779270000000002 -4.6276020000000004 38.427920999999998
10838   -3.0789780000000002 5.6963119999999998 38.105907000000002
10839   -11.539402000000001 4.1743110000000003 38.487076000000002
10840   -2.3564539999999998 5.2464300000000001 39.902771000000001
10841   -2.1614909999999998 5.4510909999999999 40.967959999999998
10842   -2.1082269999999999 4.9694560000000001 40.417706000000003
10843   -2.281542 4.8768570000000002 39.698794999999997
10844   -2.0555560000000002 5.6680029999999997 42.103988999999999
10845   -2.123618 5.8531279999999999 43.140743000000001
10846   -2.3031039999999998 4.6497630000000001 39.293292999999998
10847   -1.7667170000000001 4.937557 42.518172999999997
10848   -2.32762 4.0257649999999998 38.841746999999998
10849   -2.2389700000000001 4.2169540000000003 39.115791000000002
10850   -2.041525 3.5914440000000001 39.195492000000002
10851   -1.9537180000000001 5.3212830000000002 43.744529999999997
10852   -1.8541939999999999 5.0489069999999998 43.166015999999999
10853   -1.9273389999999999 5.3518470000000002 42.780186
10854   -1.8068200000000001 4.8293229999999996 41.361732000000003
10855   -1.8986499999999999 5.268351 41.945160000000001
10856   -1.8959889999999999 5.7529000000000003 47.367232999999999
10857   -11.763612 3.3441420000000002 38.441657999999997
10858   -11.59186 3.5694520000000001 38.417633000000002
10859   -11.552314000000001 3.9551949999999998 38.425700999999997
10860   -11.455969 4.3680909999999997 38.454658999999999
10861   -11.352841 4.6239790000000003 38.482844999999998
10862   -9.7597100000000001 6.9804009999999996 38.302872000000001
10863   -9.988918 6.8510340000000003 38.282325999999998
10864   -10.530713 6.2277880000000003 38.348072000000002
10865   -10.653612000000001 6.1407480000000003 38.463782999999999
10866   -9.3169959999999996 7.3052950000000001 38.313521999999999
10867   -0.68258600000000003 -3.6701670000000002 47.282642000000003
10868   -1.976928 -1.1324730000000001 51.939121
10869   -1.8765579999999999 -0.80305400000000005 52.053798999999998
10870   -0.683971 2.113416 38.484023999999998
10871   -11.207848 5.1808180000000004 38.731406999999997
10872   -11.144883999999999 5.1060429999999997 38.507004000000002
10873   -11.303046999999999 4.9081080000000004 38.581139
10874   -11.091893000000001 5.3932349999999998 38.585006999999997
10875   -11.309431 4.8317959999999998 38.461674000000002
10876   -11.024426 5.4375460000000002 38.430916000000003
10877   -11.923634 2.8929140000000002 38.626930000000002
10878   -11.953036000000001 2.4419949999999999 38.607849000000002
10879   -11.877656 2.5992769999999998 39.028584000000002
10880   -11.893295 2.678569 38.485058000000002
10881   -11.934081000000001 2.0683060000000002 38.557780999999999
10882   -11.919957 2.2709100000000002 38.499462000000001
10883   -11.754597 3.2777069999999999 39.130749000000002
10884   -11.976209000000001 2.1701290000000002 38.766818999999998
10885   -11.850493 2.1076030000000001 39.193866999999997
10886   -11.884130000000001 1.580525 38.780284999999999
10887   -11.870875 2.4312870000000002 38.507213999999998
10888   -7.95777 8.1077239999999993 38.227862999999999
10889   -7.8713740000000003 8.0501339999999999 38.061295000000001
10890   -8.8767990000000001 7.6640790000000001 38.29269
10891   -11.414403999999999 -0.29219800000000001 39.266528999999998
10892   -11.625069 0.33407500000000001 38.830997000000004
10893   -9.8389930000000003 -3.0531839999999999 38.349052
10894   -9.9532419999999995 -3.0114369999999999 38.423737000000003
10895   0.497421 -3.7604299999999999 44.898895000000003
10896   -11.404204999999999 4.7397039999999997 38.883789
10897   -10.892768999999999 5.7613950000000003 39.075023999999999
10898   -10.949859999999999 5.7063030000000001 38.609566000000001
10899   -10.773142999999999 5.8217590000000001 39.634377000000001
10900   -10.437398 6.4689870000000003 39.109313999999998
10901   -10.686404 6.1825150000000004 38.735584000000003
10902   -10.431164000000001 6.4909499999999998 38.466064000000003
10903   -10.355525 6.4505720000000002 38.308574999999998
10904   -11.785301 2.9858539999999998 38.450381999999998
10905   -1.9390050000000001 4.2290109999999999 50.922863
10906   -1.804713 5.2533880000000002 48.413170000000001
10907   -1.7068080000000001 5.1034509999999997 46.789085
10908   -1.572932 4.2161799999999996 44.007174999999997
10909   -2.4803250000000001 1.7943690000000001 51.052387000000003
10910   -2.5311530000000002 1.990475 51.085189999999997
10911   -1.929054 3.4206660000000002 51.641562999999998
10912   -1.901384 3.8248030000000002 51.654586999999999
10913   -2.5102690000000001 2.2134740000000002 50.968280999999998
10914   -2.5396489999999998 2.125483 51.153412000000003
10915   -2.4399679999999999 2.3833690000000001 51.174225
10916   -2.5270809999999999 2.0798070000000002 51.294296000000003
10917   -2.4630540000000001 2.0900270000000001 51.409424000000001
10918   -2.3709669999999998 2.190245 51.489970999999997
10919   -1.237841 3.4711120000000002 43.533481999999999
10920   -1.0446500000000001 3.3941050000000001 43.210003
10921   -0.91641300000000003 2.8645689999999999 43.277358999999997
10922   -1.09581 3.186823 43.417529999999999
10923   -1.3232740000000001 3.1006550000000002 43.618290000000002
10924   -1.2498339999999999 2.7217039999999999 43.658797999999997
10925   -1.965098 1.962183 46.493800999999998
10926   -1.9189970000000001 2.0872139999999999 46.953957000000003
10927   -1.889783 1.7145170000000001 46.797432000000001
10928   -1.930061 1.82826 47.336266000000002
10929   -2.0762489999999998 3.3382329999999998 51.258045000000003
10930   -1.9993160000000001 3.6509160000000001 51.271286000000003
10931   -2.1206619999999998 3.425675 50.878613000000001
10932   -2.1271650000000002 3.0100250000000002 51.415557999999997
10933   -2.29162 2.6831309999999999 51.325378000000001
10934   -2.3091810000000002 2.9300139999999999 50.962425000000003
10935   -2.2694920000000001 2.4141240000000002 51.523997999999999
10936   -1.9385190000000001 3.9934919999999998 51.306266999999998
10937   -1.9915 3.8306640000000001 50.966137000000003
10938   -2.0314899999999998 3.79413 50.535590999999997
10939   -1.9443569999999999 3.0730179999999998 51.759563
10940   -0.69211999999999996 2.6027870000000002 43.019882000000003
10941   -1.00566 2.575663 43.446300999999998
10942   -2.2319369999999998 3.2170139999999998 50.515999000000001
10943   -2.3709169999999999 2.783328 50.489651000000002
10944   -0.82863799999999999 3.0693250000000001 43.010241999999998
10945   -0.74186600000000003 2.950272 42.968319000000001
10946   -1.3452569999999999 3.8202199999999999 43.658912999999998
10947   -1.6168180000000001 2.985436 43.918446000000003
10948   -1.5686150000000001 2.6501329999999998 43.930076999999997
10949   -2.06914 2.6738870000000001 46.282902
10950   -1.979549 2.9276749999999998 46.662726999999997
10951   -1.984753 2.5416059999999998 46.953235999999997
10952   -2.0327980000000001 2.267617 46.348166999999997
10953   -1.9714259999999999 1.732356 46.365372000000001
10954   -0.66218600000000005 2.8031549999999998 43.010437000000003
10955   -2.1597029999999999 2.670185 51.566761
10956   -2.0163250000000001 2.817561 51.731856999999998
10957   -0.92739300000000002 3.1729470000000002 43.18309
10958   -2.457897 2.4599319999999998 50.792636999999999
10959   -1.580079 3.4032439999999999 43.929851999999997
10960   -2.2432639999999999 3.1001810000000001 49.462398999999998
10961   -2.3470200000000001 2.8272460000000001 49.972656000000001
10962   -2.359753 2.743217 49.684429000000002
10963   -2.4067789999999998 2.6395040000000001 50.853386
10964   -2.0902500000000002 2.245886 47.796599999999998
10965   -2.1583260000000002 2.4778760000000002 48.122326000000001
10966   -2.1730700000000001 2.22248 48.231468
10967   -2.1915119999999999 2.690925 48.426067000000003
10968   -2.222016 2.404741 48.487335000000002
10969   -2.2861310000000001 2.6915879999999999 49.161876999999997
10970   -2.2126329999999998 2.895111 48.824092999999998
10971   -2.254896 2.5750609999999998 48.791739999999997
10972   -1.4549510000000001 4.0706829999999998 43.711089999999999
10973   -1.5388759999999999 3.9556710000000002 44.017090000000003
10974   -1.9926280000000001 2.0704769999999999 47.457172
10975   -2.0451980000000001 1.9587140000000001 47.780780999999998
10976   -2.3219799999999999 2.7332360000000002 49.449959
10977   -2.0040269999999998 2.277873 47.338031999999998
10978   -2.1744240000000001 3.176034 51.119995000000003
10979   -1.969662 4.1967129999999999 50.325634000000001
10980   -1.9262570000000001 4.1445270000000001 49.600760999999999
10981   -1.9034219999999999 4.4663300000000001 49.857861
10982   -1.9486779999999999 4.2966369999999996 50.000476999999997
10983   -2.0268630000000001 3.8601990000000002 50.006695000000001
10984   -2.1191529999999998 3.4243640000000002 49.856448999999998
10985   -2.066376 3.6291630000000001 49.606960000000001
10986   -1.8810089999999999 4.6259969999999999 49.590611000000003
10987   -1.6234459999999999 4.7318199999999999 47.769817000000003
10988   -1.730837 5.0310370000000004 48.078673999999999
10989   -1.711117 4.78756 48.320549
10990   -1.6263209999999999 4.3582850000000004 48.062916000000001
10991   -1.592959 3.9477820000000001 47.796982
10992   -1.5663260000000001 4.23712 47.648296000000002
10993   -1.603046 3.7718349999999998 47.237267000000003
10994   -1.7451239999999999 5.1388660000000002 47.705021000000002
10995   -2.129149 2.057671 48.074897999999997
10996   -1.524948 4.4977970000000003 46.606772999999997
10997   -1.6439919999999999 4.8439199999999998 46.734318000000002
10998   -1.6536960000000001 4.7956430000000001 47.176785000000002
10999   -1.5488660000000001 4.3686850000000002 47.368293999999999
11000   -1.5397590000000001 4.2775970000000001 47.013077000000003
11001   -2.046878 3.3211629999999999 48.784461999999998
11002   -2.0222790000000002 3.700078 49.186104
11003   -1.874263 3.4495040000000001 48.281525000000002
11004   -1.880798 3.8347820000000001 48.674416000000001
11005   -1.8314109999999999 4.3161250000000004 49.098145000000002
11006   -1.7245280000000001 3.5409160000000002 47.800258999999997
11007   -1.702059 3.9021970000000001 48.203754000000004
11008   -1.7886820000000001 4.8008100000000002 48.872222999999998
11009   -1.745425 4.3392939999999998 48.548157000000003
11010   -2.1005500000000001 2.5521020000000001 47.781920999999997
11011   -2.0102150000000001 2.7972809999999999 47.513171999999997
11012   -2.1098520000000001 2.7801979999999999 48.006431999999997
11013   -1.860349 3.235913 47.401488999999998
11014   -1.9444900000000001 3.134036 47.885891000000001
11015   -2.0789179999999998 3.0451760000000001 48.356422000000002
11016   -1.939632 3.2946219999999999 46.066437000000001
11017   -2.0727479999999998 2.9584549999999998 45.884791999999997
11018   -2.0213719999999999 3.222915 45.533664999999999
11019   -1.8444149999999999 3.2516470000000002 46.910342999999997
11020   -1.751579 3.502713 46.577666999999998
11021   -1.9161509999999999 3.1935389999999999 46.497711000000002
11022   -2.0237090000000002 3.0020419999999999 46.263126
11023   -1.5764819999999999 3.9474390000000001 46.627735000000001
11024   -1.7413959999999999 3.6822319999999999 46.141815000000001
11025   -1.609399 4.1051570000000002 46.181721000000003
11026   -1.853599 3.6800489999999999 45.274681000000001
11027   -1.8864380000000001 3.524499 45.666801
11028   -1.955006 3.43621 45.302585999999998
11029   -1.6418269999999999 4.2720760000000002 45.764004
11030   -1.7344079999999999 3.9808479999999999 45.245235000000001
11031   -1.7335179999999999 3.8458209999999999 45.718170000000001
11032   -1.8224290000000001 3.7900209999999999 44.861075999999997
11033   -1.721892 4.0222100000000003 44.886124000000002
11034   -1.9278 3.5131700000000001 44.951751999999999
11035   -1.7122170000000001 3.950739 44.469425000000001
11036   -2.2727119999999998 3.1544059999999998 50.078834999999998
11037   -1.543501 4.4653200000000002 46.189143999999999
11038   -2.0347550000000001 2.4757099999999999 47.479247999999998
11039   -1.948634 2.9431210000000001 47.087142999999998
11040   -1.846927 3.5516350000000001 44.467967999999999
11041   -1.8332550000000001 4.7639139999999998 49.267871999999997
11042   -2.111653 3.4763929999999998 50.516899000000002
11043   -2.1087560000000001 3.4779620000000002 50.228352000000001
11044   -1.781765 3.239026 44.176288999999997
11045   -1.7307710000000001 5.1876670000000003 47.284945999999998
11046   -1.6362559999999999 3.7182469999999999 44.103622000000001
11047   -1.3551530000000001 2.5731799999999998 38.885604999999998
11048   -1.721419 3.2536670000000001 39.297683999999997
11049   -1.7077169999999999 3.010853 39.051067000000003
11050   -10.799745 2.2008299999999998 49.024433000000002
11051   -2.0714000000000001 4.1420500000000002 39.519832999999998
11052   -1.9292819999999999 4.4263500000000002 40.209507000000002
11053   -0.94316699999999998 1.752359 40.673031000000002
11054   -1.537231 1.490747 40.679760000000002
11055   -1.405305 1.625375 40.504832999999998
11056   -1.3144659999999999 1.565661 40.724918000000002
11057   -1.157727 1.6996370000000001 40.461261999999998
11058   -1.1227799999999999 1.6551309999999999 40.738563999999997
11059   -0.52599700000000005 2.1388530000000001 41.747356000000003
11060   -0.60552300000000003 2.122706 42.056618
11061   -1.4896240000000001 1.4367890000000001 40.894733000000002
11062   -1.7272350000000001 1.319936 40.920203999999998
11063   -3.4518149999999999 -5.6787479999999997 38.286895999999999
11064   -3.2937609999999999 -5.6339379999999997 38.207816999999999
11065   -3.1687919999999998 -5.5780440000000002 38.390602000000001
11066   -3.4328539999999998 -5.7020809999999997 38.082031000000001
11067   -3.8457279999999998 -5.7709419999999998 37.865699999999997
11068   -3.5697770000000002 -5.7132370000000003 37.965102999999999
11069   -3.6171730000000002 -5.7406319999999997 38.052394999999997
11070   -3.8338899999999998 -5.7813819999999998 38.132010999999999
11071   -3.1493329999999999 -5.5196199999999997 38.312491999999999
11072   -2.4177019999999998 -5.06731 39.428722
11073   -2.3165819999999999 -5.0684019999999999 39.235621999999999
11074   -2.155751 -4.9503779999999997 39.478996000000002
11075   -3.1090520000000001 -5.5402779999999998 38.680889000000001
11076   -2.9399139999999999 -5.4669249999999998 38.545276999999999
11077   -2.6706089999999998 -5.2486670000000002 38.957005000000002
11078   -2.936105 -5.2154020000000001 39.317314000000003
11079   -3.4308909999999999 -5.0758640000000002 39.885055999999999
11080   -3.6069789999999999 -5.3362360000000004 39.210265999999997
11081   -3.8479070000000002 -5.6474789999999997 38.605186000000003
11082   -4.3211120000000003 -5.8639029999999996 37.849257999999999
11083   -4.088069 -5.8255559999999997 37.924511000000003
11084   -4.2367489999999997 -5.8106030000000004 38.187404999999998
11085   -4.4845160000000002 -5.863029 37.962153999999998
11086   -4.5667330000000002 -5.7453339999999997 38.286597999999998
11087   -4.4329020000000003 -5.6090080000000002 38.659069000000002
11088   -4.2188610000000004 -5.4210510000000003 39.119391999999998
11089   -4.5937530000000004 -5.3236629999999998 39.490864000000002
11090   -4.0707110000000002 -5.2321049999999998 39.692532
11091   -4.6808709999999998 -5.4432559999999999 39.068874000000001
11092   -2.686633 -4.8830330000000002 40.058101999999998
11093   -1.9635670000000001 -4.7781599999999997 39.667622000000001
11094   -2.109229 -4.8432130000000004 39.825203000000002
11095   -1.732245 -4.596381 40.086497999999999
11096   -1.654299 -4.4579769999999996 40.518211000000001
11097   -1.545226 -4.3161719999999999 40.794777000000003
11098   -1.7602070000000001 -4.3611139999999997 40.945503000000002
11099   -2.0597150000000002 -4.6114740000000003 40.484329000000002
11100   -1.8177650000000001 -4.2624810000000002 41.423492000000003
11101   -2.144444 -4.4212680000000004 41.241416999999998
11102   -2.0723240000000001 -4.2869419999999998 41.778022999999997
11103   -3.305498 -4.847906 40.709522
11104   -3.1387230000000002 -4.6207060000000002 41.599556
11105   -2.6439910000000002 -4.627014 40.990475000000004
11106   -3.9179349999999999 -5.0675489999999996 40.354903999999998
11107   -2.5401609999999999 -4.4224379999999996 41.850796000000003
11108   -2.9532970000000001 -4.4744140000000003 42.171554999999998
11109   -11.144701 -1.0128729999999999 39.466106000000003
11110   -11.257910000000001 -0.62139999999999995 39.567013000000003
11111   -11.671775999999999 1.011452 39.401755999999999
11112   -11.502357999999999 0.31218800000000002 39.566448000000001
11113   -11.299638 -0.20257500000000001 39.961300000000001
11114   -11.514455 0.78156599999999998 39.972926999999999
11115   -11.044321 -1.141381 39.762931999999999
11116   -11.12046 -0.80156000000000005 39.990859999999998
11117   -10.948637 -1.2191460000000001 40.178986000000002
11118   -11.587455 1.419233 40.084045000000003
11119   -11.411429 0.81095300000000003 40.660679000000002
11120   -11.398548 0.36131400000000002 40.163338000000003
11121   -11.271667000000001 0.112289 40.667273999999999
11122   -11.697228000000001 2.069779 39.773837999999998
11123   -11.574521000000001 2.1005509999999998 40.446232000000002
11124   -11.752910999999999 1.658042 39.432983
11125   -11.771015999999999 2.4610910000000001 39.491183999999997
11126   -11.744389999999999 2.8522750000000001 39.480083
11127   -11.598894 3.6427879999999999 39.545932999999998
11128   -11.494071999999999 3.987908 39.689697000000002
11129   -11.62759 3.238712 39.774971000000001
11130   -11.643003 2.671773 40.006149000000001
11131   -11.483715999999999 3.737889 40.120899000000001
11132   -11.371212999999999 4.1703729999999997 40.195988
11133   -11.524297000000001 3.2339150000000001 40.393420999999996
11134   -11.335754 4.0911239999999998 40.606048999999999
11135   -11.141037000000001 -0.474831 40.525883
11136   -11.012017999999999 -0.90754699999999999 40.502094
11137   -10.850737000000001 -1.2155229999999999 40.874031000000002
11138   -10.999629000000001 -0.75820100000000001 40.979809000000003
11139   -11.142595 -0.25472600000000001 41.091610000000003
11140   -11.464164999999999 1.5110790000000001 40.912604999999999
11141   -10.805771 -1.178801 41.397967999999999
11142   -10.887957999999999 -0.95265699999999998 41.395626
11143   -11.368634 1.057015 41.231116999999998
11144   -11.542399 2.7325080000000002 40.721176
11145   -11.430116 3.2670029999999999 41.062297999999998
11146   -11.400326 3.7183389999999998 40.731009999999998
11147   -11.313528 3.6768909999999999 41.312828000000003
11148   -11.263721 4.044251 41.076565000000002
11149   0.379776 -3.461614 44.816054999999999
11150   0.24504400000000001 -3.3187799999999998 44.906489999999998
11151   0.515741 -3.4055789999999999 45.244391999999998
11152   0.68405000000000005 -3.3957709999999999 45.617373999999998
11153   -2.5751409999999999 2.0284219999999999 50.806224999999998
11154   -2.5633309999999998 2.30396 50.746552000000001
11155   -2.5267620000000002 2.4867149999999998 50.504524000000004
11156   -2.4333130000000001 2.5924459999999998 50.186259999999997
11157   -1.924892 1.66239 47.437255999999998
11158   -1.8641380000000001 1.550298 47.137642
11159   -2.167637 2.693066 45.796883000000001
11160   -2.1441080000000001 2.3914659999999999 45.992686999999997
11161   -2.0640489999999998 2.0705339999999999 46.166305999999999
11162   -1.044861 2.4846460000000001 43.525413999999998
11163   -0.97506000000000004 2.3689580000000001 43.422443000000001
11164   -1.171076 2.5598519999999998 43.638171999999997
11165   -0.92165799999999998 2.2370990000000002 43.297195000000002
11166   -1.7864819999999999 2.823213 44.109893999999997
11167   -2.4205410000000001 1.7699590000000001 50.771647999999999
11168   -1.8924810000000001 1.5157259999999999 46.581294999999997
11169   -1.850651 1.453999 46.799892
11170   -2.0112559999999999 1.7444219999999999 47.724812
11171   -2.1439870000000001 1.8696459999999999 48.180149
11172   -1.367597 2.5725609999999999 43.786262999999998
11173   -2.4050769999999999 2.6169739999999999 49.894973999999998
11174   -2.246197 2.177413 48.539276000000001
11175   -2.3233990000000002 2.4846330000000001 49.040829000000002
11176   -2.334276 2.5413169999999998 49.199134999999998
11177   -2.3190719999999998 2.3340049999999999 48.803809999999999
11178   -2.3504079999999998 2.57396 49.350842
11179   -2.4195060000000002 2.6142590000000001 49.568286999999998
11180   -2.4133629999999999 2.6058849999999998 49.728977
11181   -2.181308 2.960089 45.585948999999999
11182   -2.191897 2.0491450000000002 48.332970000000003
11183   -2.12975 3.0875819999999998 45.384388000000001
11184   -2.0673300000000001 3.2231380000000001 45.145766999999999
11185   -1.8905430000000001 3.1360359999999998 44.242359
11186   -2.0051410000000001 3.3194050000000002 44.780360999999999
11187   -2.0251100000000002 3.2245539999999999 44.515735999999997
11188   -0.77530399999999999 1.827142 41.008521999999999
11189   -0.857734 1.779396 40.919930000000001
11190   -0.70150500000000005 1.8864350000000001 41.146884999999997
11191   -0.62512900000000005 1.9788399999999999 41.465839000000003
11192   -0.68752800000000003 -3.4151250000000002 42.657795
11193   -0.807311 -3.402247 42.221271999999999
11194   -0.93434300000000003 -3.3140990000000001 41.947285000000001
11195   -1.0902210000000001 -3.2615669999999999 41.163035999999998
11196   -1.140058 -3.1295440000000001 41.428314
11197   -1.01511 -3.2488039999999998 41.614894999999997
11198   -0.97254600000000002 -3.2879429999999998 41.723312
11199   -0.76833600000000002 2.0365579999999999 42.464699000000003
11200   -2.0788869999999999 0.88130399999999998 41.276699000000001
11201   -1.997779 1.053137 41.119869000000001
11202   -1.821304 1.1538139999999999 41.166015999999999
11203   -1.8803700000000001 1.1775990000000001 41.037483000000002
11204   -1.569726 1.337062 41.093563000000003
11205   -1.363815 1.4791749999999999 41.072280999999997
11206   -1.0273890000000001 1.68899 40.938052999999996
11207   -1.207765 -3.1118920000000001 41.147815999999999
11208   -1.3319099999999999 -2.9110999999999998 41.203780999999999
11209   -1.194224 1.5953759999999999 40.924385000000001
11210   -1.3244579999999999 -3.1532089999999999 40.844734000000003
11211   -1.4116770000000001 -2.7909519999999999 41.045628000000001
11212   -0.73713700000000004 2.0062769999999999 42.176349999999999
11213   -0.65917800000000004 2.0182500000000001 41.835921999999997
11214   -0.47636099999999998 -3.463908 43.081940000000003
11215   -0.35065099999999999 -3.4261720000000002 43.469959000000003
11216   -0.89580099999999996 2.111002 43.112839000000001
11217   -0.89147799999999999 1.9982 42.869858000000001
11218   -0.24843499999999999 -3.3579490000000001 43.822361000000001
11219   -0.137487 -3.281714 44.296481999999997
11220   0.050970000000000001 -3.308519 44.550559999999997
11221   0.86227900000000002 -3.4225050000000001 45.980240000000002
11222   1.0252250000000001 -3.3627229999999999 46.405372999999997
11223   1.1429009999999999 -3.168453 47.036361999999997
11224   1.207719 -3.1117900000000001 47.278584000000002
11225   1.246726 -3.0141010000000001 47.502853000000002
11226   1.1814560000000001 -2.8427980000000002 47.751159999999999
11227   1.1493850000000001 -2.6956910000000001 48.024445
11228   1.100058 -2.5663260000000001 48.234015999999997
11229   0.95410700000000004 -2.4200539999999999 48.349845999999999
11230   0.704816 -2.1414110000000002 48.705193000000001
11231   0.65265300000000004 -2.0610529999999998 48.867728999999997
11232   0.83967800000000004 -2.2720720000000001 48.572772999999998
11233   0.56320099999999995 -1.9464060000000001 49.089970000000001
11234   0.41970600000000002 -1.7689539999999999 49.471893000000001
11235   -2.1697570000000002 1.190356 50.495842000000003
11236   -2.0871140000000001 0.82528800000000002 50.572048000000002
11237   -2.1943679999999999 1.3789960000000001 50.185699
11238   0.28165499999999999 -1.6116090000000001 49.840389000000002
11239   -1.8318190000000001 0.317104 50.628998000000003
11240   -2.0058690000000001 0.54239800000000005 50.710673999999997
11241   0.099257999999999999 -1.438369 50.017657999999997
11242   -0.084732000000000002 -1.2473380000000001 50.405040999999997
11243   -1.684191 0.19686200000000001 50.470337000000001
11244   -1.509571 -0.0091249999999999994 50.666640999999998
11245   -1.2129030000000001 -0.233764 50.466621000000004
11246   -0.916265 -0.48210900000000001 50.67503
11247   -0.31334200000000001 -1.0124409999999999 50.617637999999999
11248   -0.49630600000000002 -0.84344300000000005 50.585414999999998
11249   -1.948496 0.75452200000000003 48.147499000000003
11250   -2.0605709999999999 0.92840800000000001 48.488937
11251   -1.9692430000000001 0.697357 48.537407000000002
11252   -1.9951760000000001 1.0095989999999999 47.982716000000003
11253   -2.097496 1.317577 48.110458000000001
11254   -2.223741 1.2689999999999999 48.737099000000001
11255   -2.097194 0.96808899999999998 49.176239000000002
11256   -1.858109 0.51798699999999998 49.133419000000004
11257   -1.9907980000000001 1.477746 47.535446
11258   -2.110271 1.631054 48.035549000000003
11259   -2.5610810000000002 2.0943390000000002 45.036507
11260   -2.3303940000000001 1.7607330000000001 45.574973999999997
11261   -2.3585259999999999 1.632809 45.029465000000002
11262   -2.4828429999999999 2.437916 45.543334999999999
11263   -2.5149699999999999 2.554332 44.721316999999999
11264   -1.8883559999999999 1.1787799999999999 47.175922
11265   -1.865821 1.3988799999999999 47.178401999999998
11266   -1.950655 1.1442969999999999 47.607632000000002
11267   -2.4202080000000001 1.914534 44.784202999999998
11268   -1.0563659999999999 -0.42993700000000001 49.495131999999998
11269   -1.2592970000000001 -0.234315 49.768669000000003
11270   -0.77485499999999996 -0.59894000000000003 49.913017000000004
11271   -1.504931 0.0034020000000000001 49.986984
11272   -1.6589370000000001 0.214978 50.011676999999999
11273   -1.492815 0.017670999999999999 50.293281999999998
11274   -1.3480620000000001 -0.084853999999999999 50.147427
11275   -2.2807439999999999 1.6883570000000001 48.594569999999997
11276   -2.147526 1.629211 45.952728
11277   -2.0169670000000002 1.5839000000000001 46.184235000000001
11278   -2.0167579999999998 1.2824 46.182068000000001
11279   -2.0947300000000002 1.8662650000000001 46.047688000000001
11280   -2.2362000000000002 1.979174 45.798293999999999
11281   -1.902898 0.59006899999999995 48.522522000000002
11282   -1.5902559999999999 0.16741600000000001 49.602352000000003
11283   -1.761819 0.33233000000000001 49.758152000000003
11284   -1.836667 1.297004 46.920524999999998
11285   -1.8367279999999999 1.014562 46.770344000000001
11286   -1.9276150000000001 0.96621400000000002 46.131649000000003
11287   -1.8250139999999999 0.95071899999999998 46.404781
11288   -1.8668290000000001 1.2647120000000001 46.574534999999997
11289   -1.9390529999999999 1.464499 46.376358000000003
11290   -1.9143619999999999 0.48541600000000001 50.224499000000002
11291   -2.0137160000000001 0.77045300000000005 49.714764000000002
11292   -2.3339249999999998 2.9797859999999998 45.323703999999999
11293   -2.3264480000000001 2.7809689999999998 45.587634999999999
11294   -2.373742 2.7329650000000001 44.450133999999998
11295   -2.4229959999999999 2.8729420000000001 44.640377000000001
11296   -2.3161230000000002 2.4732069999999999 44.438052999999996
11297   -2.2141479999999998 2.7007340000000002 44.337626999999998
11298   -2.2263500000000001 2.9728140000000001 44.434170000000002
11299   -2.2786270000000002 3.1363989999999999 44.822414000000002
11300   -2.101515 2.486513 44.262199000000003
11301   -2.028708 2.8298369999999999 44.244945999999999
11302   -2.5311189999999999 2.8646029999999998 45.000191000000001
11303   -2.4050720000000001 2.1896390000000001 44.616287
11304   -2.0577709999999998 3.081807 44.320503000000002
11305   -2.2289880000000002 1.5055229999999999 49.730381000000001
11306   -2.31107 1.6445559999999999 50.130138000000002
11307   -2.3423609999999999 1.777641 49.609851999999997
11308   -2.1266970000000001 1.08091 49.733485999999999
11309   -2.1750340000000001 1.2826109999999999 49.258560000000003
11310   -2.1789559999999999 2.1568109999999998 45.895854999999997
11311   -2.4879709999999999 2.2491349999999999 48.954655000000002
11312   -2.421576 2.0660479999999999 48.858772000000002
11313   -2.3412850000000001 2.1458620000000002 48.753402999999999
11314   -2.2793860000000001 1.976459 48.604832000000002
11315   -2.4279069999999998 1.922223 48.923225000000002
11316   -2.3603299999999998 1.7677039999999999 49.051048000000002
11317   -2.2122229999999998 1.463948 49.371547999999997
11318   -2.1722969999999999 1.3288359999999999 49.598579000000001
11319   -2.2640570000000002 1.6269229999999999 49.327044999999998
11320   -2.1562139999999999 1.286294 49.897671000000003
11321   -2.1305939999999999 1.093693 50.218124000000003
11322   -2.062068 0.84235899999999997 50.154591000000003
11323   -1.008435 -0.36555900000000002 50.122642999999997
11324   -0.92618100000000003 -0.44811899999999999 50.309631000000003
11325   -0.77312599999999998 -0.58198300000000003 50.386375000000001
11326   -0.61655199999999999 -0.72786799999999996 50.362105999999997
11327   -0.399314 -0.95592600000000005 50.213993000000002
11328   -0.50239699999999998 -1.003916 49.552185000000001
11329   -2.2778299999999998 1.532519 49.002074999999998
11330   -0.111043 -1.2928770000000001 49.824680000000001
11331   -2.1619199999999998 1.420941 45.832867
11332   -1.8660049999999999 2.580546 44.106476000000001
11333   -1.941011 2.23224 44.129764999999999
11334   -2.1419700000000002 2.2303519999999999 44.310310000000001
11335   -2.123434 2.0541 44.312674999999999
11336   -1.7213270000000001 0.32191900000000001 48.761833000000003
11337   -1.8067040000000001 0.44392999999999999 48.600655000000003
11338   -1.544257 0.071518999999999999 48.988875999999998
11339   -1.258264 -0.30226399999999998 49.116985
11340   -0.783752 -0.78620800000000002 49.330410000000001
11341   -1.007223 -0.57009299999999996 49.207233000000002
11342   -2.349307 2.0077210000000001 44.598885000000003
11343   -0.70833400000000002 -0.94492299999999996 49.152039000000002
11344   1.0431319999999999 -2.9485790000000001 47.31044
11345   0.71972499999999995 -2.8590689999999999 46.934696000000002
11346   0.84271499999999999 -2.7557839999999998 47.390957
11347   0.95848599999999995 -2.5950549999999999 47.904567999999998
11348   0.94738500000000003 -3.143761 46.717747000000003
11349   -1.931349 0.89141599999999999 47.724418999999997
11350   -0.58466600000000002 -1.115772 48.907501000000003
11351   0.19297700000000001 -1.5587230000000001 49.640495000000001
11352   0.066414000000000001 -1.518883 49.369602
11353   0.31975300000000001 -1.741074 49.203910999999998
11354   -0.22189200000000001 -1.3248880000000001 49.193089000000001
11355   -1.3439220000000001 2.4158430000000002 43.760586000000004
11356   -1.8848259999999999 0.90562100000000001 47.357650999999997
11357   -1.8473040000000001 0.91638699999999995 47.012870999999997
11358   -1.792179 0.84487599999999996 46.833916000000002
11359   -1.7621260000000001 0.79915099999999994 46.633738999999998
11360   -2.069458 1.186026 45.872855999999999
11361   -2.2537020000000001 2.2913359999999998 44.408690999999997
11362   -2.2625869999999999 2.1019909999999999 44.459041999999997
11363   -1.5956360000000001 2.4629970000000001 43.939228
11364   -1.592425 -2.4859930000000001 41.265312000000002
11365   -1.747493 -2.371327 42.041530999999999
11366   -1.4049069999999999 -2.8467910000000001 41.585650999999999
11367   -1.799795 -2.1290079999999998 41.405918
11368   -2.3225380000000002 0.207125 41.712955000000001
11369   -2.1950159999999999 0.59752700000000003 41.503708000000003
11370   -2.1454070000000001 0.71647899999999998 41.964882000000003
11371   -1.9250659999999999 0.95195300000000005 41.511088999999998
11372   -1.935948 -1.8404830000000001 41.475540000000002
11373   -1.845278 -2.0850430000000002 41.737094999999997
11374   -2.0516459999999999 -1.5773470000000001 41.848247999999998
11375   -2.0640160000000001 -1.5463910000000001 41.449165000000001
11376   -2.3167339999999998 -0.58711800000000003 41.710003
11377   -2.3595429999999999 -0.21720200000000001 41.754970999999998
11378   -2.3684569999999998 -0.40254499999999999 42.033478000000002
11379   -2.3814769999999998 0.016216999999999999 42.014857999999997
11380   -2.3328099999999998 0.34121200000000002 42.109912999999999
11381   -1.919343 0.98019699999999998 41.779387999999997
11382   -1.547334 1.3154600000000001 41.423515000000002
11383   -1.757439 1.0972839999999999 41.608021000000001
11384   -1.601137 1.207676 41.917366000000001
11385   -1.387562 1.378552 41.721930999999998
11386   -1.1599440000000001 1.650304 41.596499999999999
11387   -1.314171 1.527277 41.298209999999997
11388   -1.0904959999999999 -3.1730969999999998 41.829982999999999
11389   -1.212839 -3.0578370000000001 42.225262000000001
11390   -0.94293700000000003 -3.2675109999999998 42.51408
11391   -2.2220770000000001 -1.0760449999999999 41.658431999999998
11392   -2.2252130000000001 -1.1060080000000001 42.043224000000002
11393   -2.2963809999999998 -0.77702400000000005 41.904719999999998
11394   -2.308468 0.54653700000000005 42.820835000000002
11395   -1.205201 1.4776279999999999 42.292324000000001
11396   -0.87961400000000001 1.8748739999999999 41.783833000000001
11397   -1.4211149999999999 -2.7066560000000002 42.885444999999997
11398   -2.0645470000000001 -1.878379 42.547229999999999
11399   -2.1908699999999999 -1.4188780000000001 42.389167999999998
11400   -2.3487640000000001 -1.0433520000000001 42.573067000000002
11401   -2.3515299999999999 -1.4735039999999999 43.022854000000002
11402   -2.3368009999999999 -0.76188699999999998 42.230080000000001
11403   -2.495457 -0.53424799999999995 42.693958000000002
11404   -2.5099749999999998 -0.14561399999999999 42.497211
11405   -2.479006 0.17713300000000001 42.684646999999998
11406   -1.6927319999999999 1.2404919999999999 42.575310000000002
11407   -0.92667999999999995 1.8754919999999999 42.546092999999999
11408   -1.1424529999999999 -3.046122 42.794331
11409   -0.84899100000000005 -3.025763 43.456249
11410   -2.5525880000000001 -1.0086740000000001 43.200642000000002
11411   -2.6218400000000002 -0.155866 43.163283999999997
11412   -2.0233569999999999 0.92961300000000002 43.017735000000002
11413   -1.2062250000000001 1.603345 42.955139000000003
11414   -0.66122099999999995 -3.3352729999999999 43.020004
11415   -1.898692 -2.2171919999999998 43.283199000000003
11416   -2.394396 -1.631648 43.508755000000001
11417   -2.3291599999999999 -1.7196 43.969765000000002
11418   -2.2471969999999999 -1.8645320000000001 43.400069999999999
11419   -2.5230999999999999 -1.3905130000000001 43.690215999999999
11420   -2.6943130000000002 -0.57509399999999999 43.417408000000002
11421   -2.400515 0.25276999999999999 43.728850999999999
11422   -1.00362 1.9129320000000001 43.051788000000002
11423   -0.47992899999999999 -3.3244500000000001 43.495547999999999
11424   -0.407163 -3.1810619999999998 44.117488999999999
11425   -1.4726159999999999 -2.3982600000000001 44.318294999999999
11426   -2.0837219999999999 -2.0453410000000001 43.965023000000002
11427   -2.3451610000000001 -1.307885 44.557999000000002
11428   -2.668892 -0.94076400000000004 43.934604999999998
11429   -2.6527500000000002 -0.33793000000000001 43.926571000000003
11430   -2.197495 0.70286999999999999 43.524344999999997
11431   -2.000337 0.966395 43.724491
11432   -1.6852100000000001 1.265817 43.530498999999999
11433   -1.424255 1.4649970000000001 43.256554000000001
11434   -1.2954460000000001 1.7010719999999999 43.392986000000001
11435   -1.15137 1.8393409999999999 43.303077999999999
11436   -0.68311299999999997 -2.8513160000000002 44.764144999999999
11437   -1.988418 -1.8106409999999999 44.590698000000003
11438   -2.5365709999999999 -0.68613400000000002 44.647499000000003
11439   -2.0775389999999998 0.76348199999999999 44.324142000000002
11440   -1.925235 1.2421040000000001 44.235064999999999
11441   -0.081612000000000004 -3.10711 44.838566
11442   -1.0699749999999999 -2.5622129999999999 45.045574000000002
11443   -1.5876809999999999 -1.887964 45.163665999999999
11444   -1.8253820000000001 -1.3592310000000001 45.451622
11445   -2.1316090000000001 -0.88458300000000001 45.404724000000002
11446   -2.3183829999999999 -0.265038 45.264774000000003
11447   -2.4875929999999999 -0.123999 44.499332000000003
11448   -2.266788 0.29733900000000002 44.850757999999999
11449   -2.0815589999999999 1.1584449999999999 44.776313999999999
11450   -0.63399300000000003 -2.5176859999999999 45.508488
11451   -0.121785 -2.8596020000000002 45.553139000000002
11452   -1.1236379999999999 -2.1916570000000002 45.384315000000001
11453   -1.944755 -1.0779620000000001 45.616768
11454   -1.8361940000000001 -0.95179899999999995 45.982632000000002
11455   -1.967535 0.87765400000000005 45.467323
11456   0.32259900000000002 -3.1967080000000001 45.393107999999998
11457   0.62979200000000002 -3.2499530000000001 45.853996000000002
11458   0.55504699999999996 -3.3210639999999998 45.524498000000001
11459   -0.27434999999999998 -2.5384329999999999 45.958710000000004
11460   -0.52540399999999998 -2.125092 46.205685000000003
11461   -1.1964669999999999 -1.6485240000000001 45.989547999999999
11462   -0.73255700000000001 -1.6710689999999999 46.751209000000003
11463   -1.523107 -1.1894990000000001 46.236347000000002
11464   -1.626711 -0.94348500000000002 46.372906
11465   -1.9259630000000001 -0.39505400000000002 46.170349000000002
11466   -2.062414 0.205655 45.764439000000003
11467   0.365234 -3.0179170000000002 45.887748999999999
11468   0.63053300000000001 -3.0462210000000001 46.347191000000002
11469   0.15404799999999999 -2.6436899999999999 46.469729999999998
11470   -1.122304 -1.2814749999999999 46.766078999999998
11471   -1.682159 -0.74254200000000004 46.462364000000001
11472   -1.8535250000000001 0.134546 46.417610000000003
11473   -1.7431270000000001 0.57512700000000005 46.313389000000001
11474   -1.640139 0.314913 46.834560000000003
11475   -0.111096 -2.014424 47.326591000000001
11476   -1.43868 -0.92269699999999999 46.721527000000002
11477   -1.5045729999999999 -0.52366900000000005 46.967243000000003
11478   -1.654282 -0.063920000000000005 46.908127
11479   -1.7009460000000001 0.65741499999999997 47.037590000000002
11480   0.47450599999999998 -2.194674 47.935203999999999
11481   0.54899799999999999 -2.532527 47.374012
11482   -0.68800700000000004 -1.3902060000000001 47.410834999999999
11483   -0.278057 -1.553704 47.991599999999998
11484   -0.72930600000000001 -1.09581 48.136799000000003
11485   -1.1024050000000001 -0.90174799999999999 47.370220000000003
11486   -1.0928180000000001 -0.68105099999999996 48.054152999999999
11487   -1.2627299999999999 -0.49755899999999997 47.546906
11488   -1.277404 -0.36565599999999998 47.962288000000001
11489   -1.4140269999999999 -0.18368399999999999 47.506283000000003
11490   -1.5595509999999999 0.24895900000000001 47.530262
11491   -1.803285 0.62650700000000004 47.762858999999999
11492   0.15542800000000001 -1.8656900000000001 48.07452
11493   0.39572099999999999 -1.9976069999999999 48.408051
11494   -0.35100599999999998 -1.3616710000000001 48.601131000000002
11495   0.083585000000000007 -1.6823300000000001 48.735076999999997
11496   -1.4367289999999999 -0.083930000000000005 48.152424000000003
11497   -1.6700470000000001 0.26389800000000002 48.324280000000002
11498   -1.840902 0.53588499999999994 48.265343000000001
11499   -0.90836600000000001 -0.832063 48.775638999999998
11500   -1.2218819999999999 -0.44373000000000001 48.563026000000001
11501   -1.5254700000000001 0.014165000000000001 48.533085
11502   -1.4098809999999999 -0.160028 48.670428999999999
11503   -1.0760479999999999 2.1105079999999998 43.434249999999999
11504   -1.2649159999999999 1.9072370000000001 43.589691000000002
11505   -1.4464699999999999 2.1732119999999999 43.858978
11506   -1.803949 1.5456179999999999 44.079998000000003
11507   -2.2077239999999998 1.2732019999999999 45.177917000000001
11508   -2.184815 1.3573789999999999 45.535381000000001
11509   -2.235608 1.374555 44.826453999999998
11510   -2.1772070000000001 1.5543800000000001 44.483559
11511   -1.9398329999999999 1.8468290000000001 44.176082999999998
11512   -2.1245189999999998 1.341002 44.589291000000003
11513   -2.2645919999999999 1.8652 44.536785000000002
11514   0.85717299999999996 -3.2789540000000001 46.248657000000001
11515   0.70418800000000004 -2.2266659999999998 48.397376999999999
11516   0.49767699999999998 -1.9736499999999999 48.784672
11517   -1.1645589999999999 2.3767659999999999 43.622261000000002
11518   -1.7290650000000001 2.0387849999999998 44.058352999999997
11519   -1.1599969999999999 1.6163650000000001 41.170284000000002
11520   -0.90973199999999999 1.772802 41.2286
11521   -0.76604300000000003 1.8809720000000001 41.388370999999999
11522   -1.7688390000000001 -2.1312380000000002 41.236294000000001
11523   -1.88893 -1.8989400000000001 41.344451999999997
11524   -2.4196629999999999 2.3944969999999999 49.027389999999997
11525   -2.3874659999999999 1.757466 50.458568999999997
11526   -2.296351 -0.79249099999999995 41.501052999999999
11527   -2.3665569999999998 -0.27598 41.538398999999998
11528   -1.515687 1.7299949999999999 43.790954999999997
11529   -1.515342 -2.6545320000000001 40.985725000000002
11530   -2.2403590000000002 0.65520699999999998 41.333302000000003
11531   -2.1786020000000001 -1.1925140000000001 41.441181
11532   -2.3806159999999998 0.123168 41.476128000000003
11533   -2.2878780000000001 0.50817900000000005 41.415343999999997
11534   -2.3110849999999998 0.36874899999999999 41.487900000000003
11535   -2.4971969999999999 1.91405 50.556553000000001
11536   -1.2620720000000001 -3.94034 40.510109
11537   -1.0788519999999999 -3.6434540000000002 40.556702000000001
11538   -11.501431 3.9813019999999999 38.412478999999998
11539   -11.449723000000001 4.209244 38.481293000000001
11540   -1.323331 1.7189380000000001 40.331249
11541   -1.1781649999999999 1.776265 40.227595999999998
11542   -1.1516200000000001 1.83954 40.051113000000001
11543   -1.0342020000000001 1.853389 39.900368
11544   -10.55794 6.0671549999999996 38.341842999999997
11545   -8.9430110000000003 7.5840370000000004 38.285697999999996
11546   -9.0664940000000005 7.5071659999999998 38.283436000000002
11547   -0.67178700000000002 2.0386410000000001 38.449486
11548   -0.80896500000000005 2.152342 38.552405999999998
11549   -0.96210899999999999 2.253673 38.669421999999997
11550   -4.0551750000000002 -5.68642 37.704211999999998
11551   -3.6661820000000001 -5.643662 37.904980000000002
11552   -10.920090999999999 5.5087789999999996 38.434696000000002
11553   -11.711993 0.90010699999999999 38.665908999999999
11554   -11.80916 1.4012180000000001 38.611198000000002
11555   -11.81742 2.6947830000000002 38.439414999999997
11556   -11.854623999999999 2.0822289999999999 38.497177000000001
11557   -11.857259000000001 1.698124 38.551524999999998
11558   -11.471043 -0.086823999999999998 38.742244999999997
11559   -11.336062999999999 -0.46360400000000002 38.737766000000001
11560   -9.8987440000000007 -2.9078930000000001 38.445552999999997
11561   -11.685162 3.2335729999999998 38.457382000000003
11562   -11.743219 2.9587500000000002 38.462153999999998
11563   -1.4954369999999999 2.6402960000000002 38.914799000000002
11564   -1.637357 2.8231329999999999 38.978268
11565   -1.314506 2.4474200000000002 38.823002000000002
11566   -1.124174 2.300881 38.736561000000002
11567   -1.934455 3.2485689999999998 39.034438999999999
11568   -1.793879 2.9723549999999999 38.987620999999997
11569   -1.710089 1.4470320000000001 40.713379000000003
11570   -1.6126819999999999 1.5879890000000001 40.524901999999997
11571   -1.4882150000000001 1.70024 40.360385999999998
11572   -1.9931000000000001 1.1665300000000001 41.008808000000002
11573   -2.2191619999999999 0.86125300000000005 41.203381
11574   -1.8609389999999999 1.3583259999999999 40.833762999999998
11575   -3.3873660000000001 -5.6218190000000003 38.076981000000004
11576   -2.5797810000000001 -5.1535500000000001 38.896099
11577   -2.8817430000000002 -5.335877 38.587738000000002
11578   -2.3834529999999998 -5.0735919999999997 39.101565999999998
11579   -2.1760769999999998 -4.9236170000000001 39.354790000000001
11580   -2.0316740000000002 -4.7149109999999999 39.539482
11581   -1.8030310000000001 -4.5793379999999999 39.814484
11582   -1.5837540000000001 -4.3982700000000001 40.081764
11583   -2.2709700000000002 -1.107586 41.386302999999998
11584   -2.387931 -0.81424700000000005 41.413834000000001
11585   -2.44692 -0.32728400000000002 41.443783000000003
11586   -2.4015 -0.51525799999999999 41.439467999999998
11587   -2.4786480000000002 -0.102672 41.435595999999997
11588   -2.4831569999999998 0.15109600000000001 41.418754999999997
11589   -2.4037229999999998 0.44823200000000002 41.376784999999998
11590   -9.2041520000000006 -3.4513790000000002 38.313087000000003
11591   -9.0131730000000001 -3.5357609999999999 38.393535999999997
11592   -8.8245900000000006 -3.6510889999999998 38.436324999999997
11593   -7.8452060000000001 -4.2886439999999997 38.242451000000003
11594   -10.073157 -2.7559019999999999 38.603313
11595   -10.702977000000001 5.8106660000000003 38.379345000000001
11596   -6.012435 -5.2575320000000003 37.603862999999997
11597   -5.6166700000000001 -5.4526440000000003 37.482719000000003
11598   -3.2848269999999999 5.9298229999999998 38.122096999999997
11599   -3.3808449999999999 6.2137869999999999 38.009234999999997
11600   -5.2389099999999997 -5.5581180000000003 37.415332999999997
11601   -4.8983299999999996 -5.5813379999999997 37.450104000000003
11602   -3.8084319999999998 6.9173280000000004 37.724449
11603   -4.1272250000000001 7.2375129999999999 37.705257000000003
11604   -10.536312000000001 -2.0700349999999998 38.697612999999997
11605   -4.8564559999999997 7.7547920000000001 37.756476999999997
11606   -4.5481020000000001 7.5600259999999997 37.705756999999998
11607   -2.384728 3.9725990000000002 38.750298000000001
11608   -2.495628 4.2790600000000003 38.634174000000002
11609   -2.2265139999999999 3.6266660000000002 38.902245000000001
11610   -7.5917599999999998 8.1168270000000007 37.989806999999999
11611   -11.552375 0.20763300000000001 38.719597
11612   -11.612088 0.432147 38.687114999999999
11613   -7.310632 8.1369539999999994 37.921222999999998
11614   -6.5080929999999997 8.1736319999999996 37.738705000000003
11615   -6.0974060000000003 8.1243850000000002 37.674258999999999
11616   -0.387401 1.774802 38.955078
11617   -0.570187 1.7769820000000001 39.209159999999997
11618   -0.69764000000000004 1.826438 39.477153999999999
11619   -0.23741200000000001 1.7646379999999999 38.721924000000001
11620   -5.7553859999999997 8.0312199999999994 37.755465999999998
11621   -5.2627660000000001 7.9162939999999997 37.769604000000001
11622   -0.46295500000000001 1.8975 38.369137000000002
11623   -7.2864040000000001 -4.731535 37.938201999999997
11624   -7.1728500000000004 -4.8152340000000002 37.908664999999999
11625   -7.0553610000000004 -4.795617 37.910862000000002
11626   -7.3322729999999998 -4.5546189999999998 38.126755000000003
11627   -0.17410800000000001 1.7996840000000001 38.255710999999998
11628   -0.11743000000000001 1.809069 38.277946
11629   -0.142064 1.781946 38.325657
11630   -2.646077 4.7209500000000002 38.449455
11631   -3.5333640000000002 6.5015780000000003 37.912998000000002
11632   -3.6726109999999998 6.7261030000000002 37.808647000000001
11633   -1.729177 -2.2817829999999999 41.086478999999997
11634   -2.1334330000000001 -1.482437 41.313225000000003
11635   -1.930161 -1.883624 41.244487999999997
11636   -10.204361 -2.5246569999999999 38.692745000000002
11637   -10.384035000000001 -2.298149 38.706074000000001
11638   -10.698537999999999 -1.871945 38.737915000000001
11639   -10.817287 -1.6794899999999999 38.756981000000003
11640   -10.925393 -1.417627 38.804957999999999
11641   -11.164733999999999 -0.93062800000000001 38.791035000000001
11642   -0.183809 1.777129 38.492531
11643   -10.389507999999999 6.3069750000000004 38.327872999999997
11644   -1.010138 1.856257 39.711799999999997
11645   -0.882826 1.8371500000000001 39.608626999999998
11646   -1.4445429999999999 -4.1352359999999999 40.339699000000003
11647   -3.3909919999999998 -5.4069570000000002 38.202838999999997
11648   -3.8527840000000002 -5.5780839999999996 37.824992999999999
11649   -4.4058330000000003 -5.4573840000000002 37.826065
11650   -0.88055600000000001 1.9745410000000001 38.83672
11651   -0.689585 1.9536880000000001 38.508040999999999
11652   -0.43123600000000001 1.7896780000000001 38.627934000000003
11653   -1.2513620000000001 2.2542450000000001 38.871498000000003
11654   -0.91706699999999997 2.127872 38.631698999999998
11655   -11.528365000000001 1.8609910000000001 39.217930000000003
11656   -11.465865000000001 0.25012299999999998 38.946323
11657   -11.773918999999999 1.31653 38.676349999999999
11658   -0.62117900000000004 1.8198350000000001 38.993797000000001
11659   -11.820612000000001 2.3874610000000001 38.601433
11660   -11.45922 3.5402529999999999 38.839596
11661   -11.232543 4.7307189999999997 38.662284999999997
11662   -11.071296 4.4893989999999997 39.101692
11663   -10.831554000000001 5.3437869999999998 38.875984000000003
11664   -9.7509219999999992 6.5316409999999996 38.851844999999997
11665   -10.342976999999999 6.2254180000000003 38.466526000000002
11666   -9.8823019999999993 6.6917350000000004 38.443232999999999
11667   -9.4670100000000001 7.0668379999999997 38.445315999999998
11668   -11.284485 2.0774050000000002 39.634109000000002
11669   -11.303023 2.6779169999999999 39.513030999999998
11670   -10.812412 4.5758640000000002 39.465384999999998
11671   -10.932895 4.2285279999999998 39.522731999999998
11672   -11.186635000000001 3.8958789999999999 39.338051
11673   -11.069292000000001 -0.19007599999999999 39.459311999999997
11674   -10.996200999999999 -0.78751000000000004 39.192905000000003
11675   -11.160657 0.393119 39.545647000000002
11676   -1.192496 2.0425330000000002 39.300888
11677   -0.86930499999999999 1.876701 39.232765000000001
11678   -0.99035899999999999 1.8817360000000001 39.517456000000003
11679   -1.439317 2.2528229999999998 39.204864999999998
11680   -1.288251 1.9345060000000001 39.777489000000003
11681   -6.5301900000000002 -4.9383160000000004 37.873386000000004
11682   -5.9314369999999998 -4.8549920000000002 38.349445000000003
11683   -5.4964040000000001 -5.3124549999999999 37.659869999999998
11684   -5.1273549999999997 -5.032813 38.374457999999997
11685   -4.8110889999999999 -5.2579669999999998 38.093449
11686   -4.249358 -5.0699680000000003 38.56353
11687   -6.8123649999999998 -4.4801070000000003 38.574565999999997
11688   -3.8765019999999999 6.8480660000000002 37.943587999999998
11689   -3.6021359999999998 6.3439430000000003 38.306702000000001
11690   -3.8718360000000001 6.7282029999999997 38.233307000000003
11691   -4.1341279999999996 6.9943799999999996 38.224254999999999
11692   -8.7519390000000001 7.2780060000000004 38.927326000000001
11693   -9.1008809999999993 7.2161730000000004 38.703158999999999
11694   -8.7982469999999999 7.5501909999999999 38.353230000000003
11695   -4.3720689999999998 7.293329 38.019680000000001
11696   -8.3697309999999998 7.5751200000000001 38.743298000000003
11697   -8.2647209999999998 7.7666069999999996 38.4161
11698   -7.6783089999999996 7.9643670000000002 38.289383000000001
11699   -8.1285240000000005 7.9229099999999999 38.182544999999998
11700   -7.5961699999999999 8.0790559999999996 38.054226
11701   -6.9107659999999997 8.1089909999999996 37.977493000000003
11702   -7.8680009999999996 -4.1292920000000004 38.488982999999998
11703   -10.247293000000001 -2.2913239999999999 38.82893
11704   -10.647657000000001 -1.7979400000000001 38.765934000000001
11705   -10.486767 -1.8117970000000001 39.005474
11706   -10.773318 -1.4057329999999999 38.963684000000001
11707   -11.301536 0.97651600000000005 39.473880999999999
11708   -11.233758 3.3424459999999998 39.507942
11709   -10.752890000000001 4.9861279999999999 39.265971999999998
11710   -10.595568999999999 5.3776120000000001 39.183211999999997
11711   -10.339162999999999 5.7659739999999999 39.092995000000002
11712   -10.086091 6.1808540000000001 38.911098000000003
11713   -9.2554280000000002 6.8562339999999997 38.998500999999997
11714   -1.726639 2.046176 40.064143999999999
11715   -1.5061629999999999 1.941454 39.988250999999998
11716   -1.709246 1.7809820000000001 40.345432000000002
11717   -1.9452609999999999 1.939138 40.379210999999998
11718   -6.1036590000000004 -3.5939160000000001 40.042988000000001
11719   -6.008807 -3.1794349999999998 40.465907999999999
11720   -5.5820400000000001 -3.4800019999999998 40.256270999999998
11721   -1.832239 1.5303249999999999 40.655849000000003
11722   -2.0885880000000001 1.6958789999999999 40.687199
11723   -2.4492669999999999 1.4035390000000001 41.081435999999997
11724   -2.5023240000000002 1.924418 40.836421999999999
11725   -8.7284970000000008 -3.5033340000000002 38.889668
11726   -7.8927639999999997 -3.6398609999999998 39.316662000000001
11727   -7.3441070000000002 -4.0883900000000004 39.016959999999997
11728   -8.0692090000000007 6.7456319999999996 40.00996
11729   -8.4795219999999993 6.7908720000000002 39.816189000000001
11730   -8.2642399999999991 6.9886229999999996 39.712848999999999
11731   -7.7074280000000002 7.1040570000000001 39.724784999999997
11732   -8.2457720000000005 7.1592950000000002 39.509082999999997
11733   -2.1902569999999999 1.994194 40.551372999999998
11734   -2.8628830000000001 1.8149519999999999 41.126224999999998
11735   -8.4662539999999993 -3.242216 39.522354
11736   -9.0070409999999992 -2.8960870000000001 39.545127999999998
11737   -9.4055710000000001 -2.9787669999999999 39.116776000000002
11738   -9.4821430000000007 -2.5386419999999998 39.544907000000002
11739   -9.8551249999999992 -2.4915750000000001 39.197024999999996
11740   -9.8390079999999998 -2.0657649999999999 39.645172000000002
11741   -10.206163999999999 -1.987522 39.266426000000003
11742   -10.179417000000001 -1.712764 39.571753999999999
11743   -10.479428 -1.405273 39.378677000000003
11744   -10.820615 0.017288000000000001 39.913231000000003
11745   -10.986224999999999 0.83730800000000005 39.868309000000004
11746   -10.613975 0.62751299999999999 40.291164000000002
11747   -10.792695999999999 1.4362349999999999 40.209556999999997
11748   -11.163662 1.540997 39.744892
11749   -8.5014199999999995 -2.7869660000000001 39.983479000000003
11750   -10.093909999999999 -1.446347 39.904274000000001
11751   -4.0673909999999998 6.0179530000000003 39.702927000000003
11752   -3.6505239999999999 6.0432499999999996 38.875197999999997
11753   -3.4175369999999998 5.3654950000000001 39.243575999999997
11754   -4.271871 6.5591270000000002 39.170634999999997
11755   -4.5904040000000004 6.5021060000000004 39.616664999999998
11756   -3.4823629999999999 4.8684500000000002 39.955573999999999
11757   -3.01891 4.5672009999999998 39.278602999999997
11758   -4.619605 5.2076599999999997 40.747005000000001
11759   -4.3152819999999998 5.6951989999999997 40.267262000000002
11760   -4.0034179999999999 4.9307600000000003 40.468432999999997
11761   -9.1772650000000002 6.3616429999999999 39.691932999999999
11762   -9.2363370000000007 5.8044260000000003 40.125137000000002
11763   -9.6709370000000003 5.9969910000000004 39.632750999999999
11764   -8.6194659999999992 6.4352510000000001 40.022053
11765   -4.6099199999999998 6.2015229999999999 39.997742000000002
11766   -7.9269610000000004 6.3570279999999997 40.389682999999998
11767   -7.5819859999999997 6.7220630000000003 40.141834000000003
11768   -7.2007060000000003 6.8973420000000001 40.015555999999997
11769   -7.1417000000000002 7.148085 39.747810000000001
11770   -6.5678450000000002 7.0540430000000001 39.868515000000002
11771   -2.985535 2.4510429999999999 41.006385999999999
11772   -2.833647 2.7601979999999999 40.766742999999998
11773   -2.46109 2.32681 40.600914000000003
11774   -3.5548820000000001 4.1469149999999999 40.571209000000003
11775   -3.2739799999999999 3.2841040000000001 40.878428999999997
11776   -3.9469880000000002 3.8940350000000001 41.075020000000002
11777   -4.4856220000000002 4.5156109999999998 41.100155000000001
11778   -4.112412 4.5661990000000001 40.793166999999997
11779   -4.1003660000000002 3.5823070000000001 41.378044000000003
11780   -3.6949000000000001 3.0366080000000002 41.319431000000002
11781   -4.4743170000000001 3.9604789999999999 41.401615
11782   -5.1455539999999997 3.8197519999999998 41.730815999999997
11783   -4.89269 4.4167240000000003 41.383366000000002
11784   -4.931978 4.8734099999999998 41.154395999999998
11785   -8.0588329999999999 -3.203821 39.812385999999996
11786   -3.024721 1.3325800000000001 41.374496000000001
11787   -3.363775 2.0759370000000001 41.382488000000002
11788   -4.3026689999999999 -2.0302419999999999 41.305911999999999
11789   -3.9633400000000001 -2.4239549999999999 41.143073999999999
11790   -4.7644070000000003 -2.4969250000000001 41.076466000000003
11791   -6.109013 -4.5226059999999997 38.862338999999999
11792   -5.460432 -4.7054910000000003 38.794552000000003
11793   -6.7543740000000003 -3.362355 40.100707999999997
11794   -5.6407970000000001 -3.7757749999999999 39.961311000000002
11795   -4.9995279999999998 -3.7138070000000001 40.138705999999999
11796   -2.044495 2.1863969999999999 40.259892000000001
11797   -1.456976 2.1283599999999998 39.617367000000002
11798   -7.4996790000000004 -3.329447 39.903987999999998
11799   -7.1125850000000002 -3.8009439999999999 39.539451999999997
11800   -8.771566 6.9049079999999998 39.441586000000001
11801   -6.6832260000000003 -2.775169 40.648411000000003
11802   -11.011113 2.1565910000000001 39.990746000000001
11803   -2.570341 3.8380380000000001 39.127071000000001
11804   -2.7510469999999998 4.4538729999999997 38.748001000000002
11805   -3.0473309999999998 4.9920520000000002 38.816639000000002
11806   -10.417306 5.3185279999999997 39.487900000000003
11807   -10.092423 5.7149380000000001 39.470714999999998
11808   -9.9814910000000001 5.3993969999999996 39.906075000000001
11809   -3.256113 5.5174719999999997 38.684063000000002
11810   -9.2466179999999998 -2.1238679999999999 40.096172000000003
11811   -10.669624000000001 -0.79546799999999995 39.685538999999999
11812   -10.390300999999999 -0.68220700000000001 40.134456999999998
11813   -10.567921999999999 2.231147 40.544815
11814   -10.320940999999999 1.2702059999999999 40.695506999999999
11815   -10.375672 4.952458 39.828769999999999
11816   -10.173295 4.8050800000000002 40.095489999999998
11817   -8.1202769999999997 7.365297 39.206885999999997
11818   -7.1880870000000003 7.4916520000000002 39.256808999999997
11819   -9.7729470000000003 -1.116717 40.516674000000002
11820   -3.0181559999999998 3.8225319999999998 40.206885999999997
11821   -2.818622 3.921268 39.691935999999998
11822   -9.7087299999999992 5.0094329999999996 40.463928000000003
11823   -4.757403 5.7304409999999999 40.495842000000003
11824   -8.5563230000000008 5.9216559999999996 40.500613999999999
11825   -4.9122940000000002 6.1067289999999996 40.278305000000003
11826   -7.1229639999999996 6.4930159999999999 40.485657000000003
11827   -5.0443100000000003 6.5289630000000001 39.919125000000001
11828   -6.1443149999999997 6.6277410000000003 40.339084999999997
11829   -5.637384 6.9476909999999998 39.780422000000002
11830   -5.4818280000000001 6.4333679999999998 40.274937000000001
11831   -10.188257999999999 1.8021579999999999 40.930667999999997
11832   -2.6176300000000001 2.743913 40.540996999999997
11833   -5.4608119999999998 4.7419760000000002 41.443668000000002
11834   -5.0941470000000004 -3.1308340000000001 40.651969999999999
11835   -5.7077879999999999 -2.6466769999999999 40.949351999999998
11836   -6.3596560000000002 -2.2104819999999998 41.075111
11837   -4.321796 -2.8660070000000002 40.892704000000002
11838   -4.3348360000000001 3.3303400000000001 41.621029
11839   -5.2298869999999997 -1.870166 41.323818000000003
11840   -3.8882059999999998 -1.3910359999999999 41.525021000000002
11841   -3.7643589999999998 1.427443 41.685527999999998
11842   -3.9698419999999999 2.4911310000000002 41.707642
11843   -3.6692360000000002 -1.9815370000000001 41.344161999999997
11844   -5.4118519999999997 7.5102729999999998 38.840229000000001
11845   -5.322457 7.2277069999999997 39.255310000000001
11846   -5.8784970000000003 7.3920130000000004 39.294291999999999
11847   -4.8914169999999997 7.1525559999999997 39.003807000000002
11848   -7.088381 7.852379 38.519965999999997
11849   -6.5432370000000004 7.7234530000000001 38.806640999999999
11850   -6.4460009999999999 7.5182500000000001 39.229855000000001
11851   -6.0196189999999996 7.6559150000000002 38.872737999999998
11852   -2.1162869999999998 3.1468669999999999 39.084335000000003
11853   -1.7267999999999999 2.4825810000000001 39.339087999999997
11854   -2.1007150000000001 2.777085 39.659636999999996
11855   -10.411959 3.5023080000000002 40.526733
11856   -10.563732999999999 4.3617299999999997 39.912692999999997
11857   -10.186182000000001 4.3808030000000002 40.361916000000001
11858   -4.946434 6.87791 39.449818
11859   -4.2428520000000001 -3.3611149999999999 40.550980000000003
11860   -7.8459810000000001 -2.8731420000000001 40.222008000000002
11861   -7.2589870000000003 -3.0003150000000001 40.319941999999998
11862   -8.8860829999999993 -1.582076 40.782814000000002
11863   -2.271941 2.6085850000000002 40.170932999999998
11864   -1.8238639999999999 2.3187530000000001 39.852646
11865   -2.7245590000000002 3.1688740000000002 40.373694999999998
11866   -2.517712 3.2465600000000001 39.941895000000002
11867   -2.4125760000000001 3.3699849999999998 39.499412999999997
11868   -5.1877979999999999 5.8480420000000004 40.652920000000002
11869   -5.7445690000000003 6.2447689999999998 40.636051000000002
11870   -6.6047589999999996 6.6551809999999998 40.345931999999998
11871   -7.453646 -2.5720160000000001 40.585186
11872   -7.0274599999999996 -2.33473 40.870776999999997
11873   -8.2292439999999996 -2.257727 40.514133000000001
11874   -7.5755650000000001 -2.0956700000000001 40.892391000000003
11875   -3.5852490000000001 -2.8864130000000001 40.913670000000003
11876   -3.2129460000000001 -2.2665299999999999 41.165207000000002
11877   -2.6730330000000002 -2.6817169999999999 40.951819999999998
11878   -8.0846160000000005 -1.653295 40.997020999999997
11879   -8.3523540000000001 -0.88201300000000005 41.291381999999999
11880   -9.2077100000000005 -0.8196 40.987461000000003
11881   -9.7174530000000008 -0.14890999999999999 40.887039000000001
11882   -9.0766679999999997 -0.25417200000000001 41.269264
11883   -9.3915469999999992 0.48755999999999999 41.347965000000002
11884   -9.9281249999999996 0.66344700000000001 40.999535000000002
11885   -9.7516510000000007 1.3942399999999999 41.236426999999999
11886   -9.9555559999999996 2.4935990000000001 41.190624
11887   -9.7312250000000002 3.4295 41.185428999999999
11888   -9.2497349999999994 2.9058709999999999 41.551803999999997
11889   -3.0885669999999998 3.5156269999999998 40.562007999999999
11890   -2.8964560000000001 3.0914380000000001 40.662933000000002
11891   -9.7748120000000007 4.1872879999999997 40.876339000000002
11892   -9.1413580000000003 3.8356979999999998 41.412269999999999
11893   -9.2006739999999994 4.6730539999999996 41.029057000000002
11894   -8.6716379999999997 4.4516730000000004 41.423972999999997
11895   -8.7627939999999995 5.0250779999999997 41.094653999999998
11896   -8.2702840000000002 5.0535589999999999 41.292907999999997
11897   -9.0113280000000007 5.3614850000000001 40.694386000000002
11898   -8.5353600000000007 5.4604799999999996 40.899051999999998
11899   -8.0509210000000007 5.8089370000000002 40.887573000000003
11900   -7.8190350000000004 5.3684519999999996 41.302886999999998
11901   -5.7279679999999997 5.7644039999999999 41.037373000000002
11902   -5.2547480000000002 5.3053530000000002 41.051448999999998
11903   -5.7189410000000001 5.2502440000000004 41.280113
11904   -7.3922929999999996 5.8486779999999996 41.061866999999999
11905   -7.3736969999999999 5.2896900000000002 41.413795
11906   -6.8708619999999998 5.420426 41.340434999999999
11907   -6.7109769999999997 5.9937699999999996 41.025677000000002
11908   -6.2362849999999996 5.4380350000000002 41.307285
11909   -6.2207039999999996 5.8608650000000004 41.104694000000002
11910   -7.6320009999999998 6.1876660000000001 40.708103000000001
11911   -6.6044910000000003 6.4382289999999998 40.618309000000004
11912   -6.2271409999999996 6.2399509999999996 40.817332999999998
11913   -6.9894210000000001 -1.9183840000000001 41.115783999999998
11914   -7.0260239999999996 -1.55044 41.301758
11915   -6.3777429999999997 -1.573321 41.353763999999998
11916   -7.4675549999999999 -1.6091759999999999 41.189532999999997
11917   -7.7928090000000001 -1.297029 41.263924000000003
11918   -8.6143820000000009 0.20258300000000001 41.667228999999999
11919   -9.0314680000000003 1.218156 41.672043000000002
11920   -8.6629780000000007 0.87746800000000003 41.786709000000002
11921   -9.3144329999999993 2.049023 41.579090000000001
11922   -8.5098310000000001 2.3708420000000001 41.879981999999998
11923   -8.843845 3.2010800000000001 41.723820000000003
11924   -8.3801430000000003 3.650658 41.768402000000002
11925   -5.9094699999999998 2.8164799999999999 42.175387999999998
11926   -6.2675090000000004 4.2074800000000003 41.818671999999999
11927   -4.685549 2.8805230000000002 41.938751000000003
11928   -8.1176110000000001 4.3846689999999997 41.640224000000003
11929   -7.6521749999999997 4.7780950000000004 41.615585000000003
11930   -7.4488849999999998 4.014945 41.830528000000001
11931   -6.9593699999999998 4.6133290000000002 41.707008000000002
11932   -7.053884 5.0155029999999998 41.554043
11933   -6.5244059999999999 4.9530200000000004 41.546458999999999
11934   -6.0215560000000004 4.9291479999999996 41.472630000000002
11935   -7.1895769999999999 -1.0191570000000001 41.499034999999999
11936   -5.578036 -1.2875239999999999 41.535229000000001
11937   -4.8562880000000002 -1.2373639999999999 41.579731000000002
11938   -5.2410920000000001 -0.69034399999999996 41.762943
11939   -8.5119220000000002 1.3488770000000001 41.893650000000001
11940   -4.3776359999999999 -0.81651700000000005 41.674908000000002
11941   -8.2746650000000006 0.81268099999999999 41.923560999999999
11942   -7.8124159999999998 1.41832 42.061664999999998
11943   -7.5471880000000002 0.31802200000000003 41.962043999999999
11944   -7.7952959999999996 3.1814119999999999 41.993271
11945   -6.1577270000000004 -0.98794099999999996 41.627136
11946   -7.3679519999999998 2.4458850000000001 42.175322999999999
11947   -6.7062949999999999 1.5614490000000001 42.222866000000003
11948   -5.0267809999999997 0.191277 42.025993
11949   -5.8639099999999997 0.82684000000000002 42.142890999999999
11950   -4.7271070000000002 1.296467 42.000622
11951   -6.3524089999999998 -0.22842100000000001 41.935569999999998
11952   -4.405621 -0.27055099999999999 41.773448999999999
11953   -3.9761120000000001 0.45417299999999999 41.763919999999999
11954   -6.9497299999999997 3.3448980000000001 42.014389000000001
11955   -4.9955369999999997 2.209435 42.058154999999999
11956   -5.621861 1.740175 42.164158
11957   -4.3473879999999996 2.1212550000000001 41.914420999999997
11958   -7.2192239999999996 0.98333000000000004 42.124676000000001
11959   -6.7239000000000004 0.60456500000000002 42.135254000000003
11960   -7.2626489999999997 -0.387465 41.799903999999998
11961   -7.847296 -0.40944799999999998 41.677059
11962   -4.0576660000000002 6.7126150000000004 38.585644000000002
11963   -4.4894730000000003 6.936286 38.873748999999997
11964   -4.7198359999999999 7.3293679999999997 38.473216999999998
11965   -5.8858069999999998 7.83948 38.269444
11966   -10.615133 4.8353299999999999 39.586548000000001
11967   -9.9173270000000002 6.1242210000000004 39.213943
11968   -9.442088 6.4669489999999996 39.288986000000001
11969   -2.8849939999999998 4.8568879999999996 38.574553999999999
11970   -5.4659849999999999 -4.1103620000000003 39.601582000000001
11971   -6.791703 -4.1703070000000002 39.146003999999998
11972   -6.4983060000000004 -4.3594949999999999 38.977314
11973   -6.2231820000000004 -4.1826829999999999 39.327942
11974   -6.668838 -4.0065 39.431846999999998
11975   -6.4926789999999999 -3.8200820000000002 39.700190999999997
11976   -5.66967 -4.4197410000000001 39.159354999999998
11977   -5.9936790000000002 -3.9068100000000001 39.729683000000001
11978   -10.503686 -0.079029000000000002 40.272140999999998
11979   -10.269520999999999 0.62825900000000001 40.667060999999997
11980   -10.265541000000001 0.111051 40.571865000000003
11981   -10.139925 -0.41472300000000001 40.505333
11982   -10.0443 0.29338799999999998 40.813347
11983   -10.955679 2.9522529999999998 40.039619000000002
11984   -10.913684999999999 3.727741 39.827399999999997
11985   -7.7947030000000002 7.6930550000000002 38.771720999999999
11986   -4.6219359999999998 6.8681979999999996 39.167755
11987   -4.596088 6.7222080000000002 39.359698999999999
11988   -4.844684 -4.8134600000000001 38.823483000000003
11989   -9.8539499999999993 -2.8136359999999998 38.732605
11990   -9.3514389999999992 -3.2522959999999999 38.607449000000003
11991   -5.8015129999999999 7.9876860000000001 37.867268000000003
11992   -5.4775239999999998 7.947794 37.883460999999997
11993   -4.9458729999999997 7.7498180000000003 37.996231000000002
11994   -6.1709800000000001 8.0746929999999999 37.804282999999998
11995   -2.0828310000000001 3.2893509999999999 38.966129000000002
11996   -1.9343619999999999 3.0740789999999998 38.995258
11997   -2.1844589999999999 3.4004189999999999 38.928673000000003
11998   -2.3152140000000001 3.5975969999999999 38.940486999999997
11999   -1.72011 2.752075 38.991219000000001
12000   -2.6256719999999998 4.4297139999999997 38.561874000000003
12001   -2.4805229999999998 4.0162899999999997 38.776474
12002   -2.7786599999999999 4.7881330000000002 38.453377000000003
12003   -3.0321280000000002 5.3297920000000003 38.409652999999999
12004   -3.3370519999999999 5.8708479999999996 38.431862000000002
12005   -3.2088320000000001 5.6538040000000001 38.375210000000003
12006   -1.385356 1.8031200000000001 40.138905000000001
12007   -1.5399050000000001 2.4323410000000001 38.992947000000001
12008   -1.471832 2.5004460000000002 38.885376000000001
12009   -1.6692180000000001 -2.6380940000000002 40.881535
12010   -1.7916179999999999 -3.194963 40.668227999999999
12011   -2.0517340000000002 1.3500970000000001 40.905804000000003
12012   -2.0720640000000001 -1.99041 41.147736000000002
12013   -2.658013 -1.941565 41.217483999999999
12014   -3.1443880000000002 -1.614222 41.362717000000004
12015   -3.1208779999999998 -0.867479 41.49044
12016   -2.4371119999999999 -1.260802 41.354782
12017   -2.5748139999999999 -0.41975899999999999 41.441616000000003
12018   -3.7138599999999999 -0.36815300000000001 41.622318
12019   -2.246054 1.0814010000000001 41.125919000000003
12020   -2.6379419999999998 0.78519899999999998 41.339241000000001
12021   -3.2594789999999998 0.52479799999999999 41.549075999999999
12022   -2.7380710000000001 0.20618300000000001 41.456985000000003
12023   -3.0650810000000002 -0.18013100000000001 41.530697000000004
12024   -2.3351890000000002 -4.4800089999999999 39.618682999999997
12025   -2.3856470000000001 -4.9130760000000002 39.188949999999998
12026   -2.7318190000000002 -4.8578289999999997 39.171219000000001
12027   -3.333599 -4.9973609999999997 38.883434000000001
12028   -2.762581 -5.1481269999999997 38.753749999999997
12029   -5.0751850000000003 -4.4923630000000001 39.206097
12030   -4.3791250000000002 -4.6307309999999999 39.187119000000003
12031   -3.7718509999999998 -4.7390319999999999 39.158645999999997
12032   -3.131669 -4.6023170000000002 39.435805999999999
12033   -3.786648 -4.3141619999999996 39.701832000000003
12034   -2.7923619999999998 -4.0803880000000001 40.007565
12035   -4.6463660000000004 -4.2020960000000001 39.665806000000003
12036   -4.2169780000000001 -3.8514789999999999 40.117573
12037   -2.396782 -3.393672 40.550991000000003
12038   -3.3489409999999999 -3.5391249999999999 40.429192
12039   -1.7099139999999999 -3.7934540000000001 40.234862999999997
12040   -0.25158700000000001 1.7859989999999999 38.327305000000003
12041   -3.0512779999999999 6.2394119999999997 37.947929000000002
12042   -8.669359 7.785177 38.279555999999999
12043   -8.4004270000000005 7.9719369999999996 38.345551
12044   -8.30837 7.903079 38.209377000000003
12045   -0.11830400000000001 1.8673439999999999 38.292842999999998
12046   -0.15978300000000001 1.842841 38.243659999999998
12047   -1.948871 -4.5471300000000001 39.702235999999999
12048   -1.839361 -4.3735039999999996 39.880726000000003
12049   -1.1515660000000001 -1.2388239999999999 51.793754999999997
12050   -1.2893490000000001 -1.2208829999999999 51.837009000000002
12051   -0.96486000000000005 -1.1675949999999999 51.733105000000002
12052   -0.87286300000000006 -0.98456200000000005 51.674191
12053   -1.065977 -0.82363399999999998 51.793799999999997
12054   -0.97338000000000002 -0.93259700000000001 51.735312999999998
12055   -1.5049950000000001 -0.71174599999999999 51.964427999999998
12056   -1.3342320000000001 -0.75032100000000002 51.912323000000001
12057   -1.4056869999999999 -0.68984500000000004 51.92868
12058   -1.228577 -0.82692900000000003 51.874003999999999
12059   -1.6843379999999999 -0.93468499999999999 51.977051000000003
12060   -1.712785 -1.0672600000000001 51.952151999999998
12061   -1.403356 -1.182836 51.873885999999999
12062   -1.6079760000000001 -1.1617200000000001 51.912292000000001
12063   -1.367308 -0.83647300000000002 51.924965
12064   -1.4272830000000001 -0.75514300000000001 51.947296000000001
12065   -1.5159279999999999 -0.81673300000000004 51.965240000000001
12066   -1.4307300000000001 -0.94566300000000003 51.928561999999999
12067   -1.2705090000000001 -0.93138100000000001 51.889744
12068   -1.2308570000000001 -1.0863130000000001 51.849181999999999
12069   -0.98447700000000005 -1.0374479999999999 51.75235
12070   -1.1184559999999999 -0.94476499999999997 51.825763999999999
12071   -1.513811 -1.06297 51.919806999999999
12072   -1.181322 3.7597839999999998 41.684376
12073   -1.5742719999999999 4.1296220000000003 41.299022999999998
12074   -1.3341909999999999 3.611726 40.883785000000003
12075   -1.667686 3.8791910000000001 40.483238
12076   -1.486197 3.5657559999999999 40.143112000000002
12077   -1.7907740000000001 3.8215979999999998 39.808506000000001
12078   -2.6428159999999998 2.0461860000000001 50.516250999999997
12079   -2.6623079999999999 2.2431130000000001 50.568995999999999
12080   -2.70526 2.1903519999999999 50.304034999999999
12081   -2.5074939999999999 1.9220079999999999 50.360805999999997
12082   -2.5181339999999999 1.9829950000000001 50.067386999999997
12083   -2.7255069999999999 2.326349 49.970654000000003
12084   -2.6961140000000001 2.1861030000000001 49.698421000000003
12085   -2.5835170000000001 2.4228800000000001 50.178780000000003
12086   -2.484982 2.4902639999999998 49.997005000000001
12087   -2.479743 2.4659010000000001 49.762093
12088   -2.5387080000000002 2.3951539999999998 49.557648
12089   -2.582376 2.0135200000000002 49.372936000000003
12090   -2.671805 2.247611 49.419910000000002
12091   -2.6571229999999999 2.141397 49.276080999999998
12092   -2.5467209999999998 2.076247 49.093037000000002
12093   -2.6009310000000001 2.2885369999999998 49.215198999999998
12094   -2.527018 2.4117069999999998 49.387852000000002
12095   -2.4776739999999999 2.4048889999999998 49.126907000000003
12096   -2.4502120000000001 2.4938090000000002 49.469971000000001
12097   -2.4565899999999998 2.4557169999999999 49.252090000000003
