{
    "50": {
        "distance": [-10, -9, -8, -7, -6, -5, -4, -3, -2, -1, 0, 1, 2, 3, 4, 5, 6, 7, 8, 9, 10],
        "weight": [0.0374836173001311, 0.64720600500417, 0.721077088049565, 0.782199451924223, 0.839985702371023, 0.866198022161325, 0.903371857500298, 0.942213749553199, 0.890980579053974, 0.994042654593113, 1.0, 1.02823781722864, 1.0296675801263, 1.02311450017872, 1.04646729417372, 1.03991421422614, 1.03812701060408, 1.04253544620517, 1.08804956511379, 1.07887525318718, 0.0378887167877994]
    },
    "60": {
        "distance": [-10, -9, -8, -7, -6, -5, -4, -3, -2, -1, 0, 1, 2, 3, 4, 5, 6, 7, 8, 9, 10],
        "weight": [0.0374768661320173, 0.670573719925972, 0.751079580505861, 0.795496607032696, 0.862122146822949, 0.906539173349784, 0.912091301665638, 0.942319555829735, 0.969463294262801, 0.959901295496607, 1.0, 0.970080197409007, 1.0308451573103, 1.0410240592227, 1.0407156076496, 1.04380012338063, 1.03917334978408, 1.0613818630475, 1.01357186921653, 0.898519432449105, 0.0378470080197409]
    },
    "70": {
        "distance": [-10, -9, -8, -7, -6, -5, -4, -3, -2, -1, 0, 1, 2, 3, 4, 5, 6, 7, 8, 9, 10],
        "weight": [0.0465753424657534, 0.629144331943617, 0.756204089735954, 0.79630732578916, 0.840182648401826, 0.881080007941235, 0.912249354774668, 0.937661306333135, 0.965455628350208, 0.984117530275958, 1.0, 1.01290450665078, 1.03434584077824, 1.03911058169545, 1.04625769307127, 1.04744887830058, 1.03911058169545, 1.01111772880683, 1.01608100059559, 0.808616239825293, 0.0480643240023824]
    },
    "80": {
        "distance": [-10, -9, -8, -7, -6, -5, -4, -3, -2, -1, 0, 1, 2, 3, 4, 5, 6, 7, 8, 9, 10],
        "weight": [0.0441979872663791, 0.647360854384884, 0.75374820291641, 0.786609159991785, 0.83651673855001, 0.873279934278086, 0.90798932018895, 0.945163277880468, 0.957896898747176, 0.951735469295543, 1.0, 1.0145820497022, 1.03388786198398, 1.04066543438078, 1.03470938591087, 1.04805914972274, 1.04210310125282, 1.02752105155063, 1.01109057301294, 1.0262887656603, 0.046991168617786]
    },
    "90": {
        "distance": [-10, -9, -8, -7, -6, -5, -4, -3, -2, -1, 0, 1, 2, 3, 4, 5, 6, 7, 8, 9, 10],
        "weight": [0.060656574247321, 0.635652321823439, 0.747576118387481, 0.795713556727335, 0.84504167375404, 0.887906106480694, 0.920734818846743, 0.946419459091682, 0.967171287633951, 0.969892838918183, 1.0, 1.00408232692635, 1.04643646878721, 1.05290015308726, 1.06072461302943, 1.0580030617452, 1.05409083177411, 1.05443102568464, 0.986052049668311, 1.09627487667971, 0.0656574247320973]
    },
    "100": {
        "distance": [-10, -9, -8, -7, -6, -5, -4, -3, -2, -1, 0, 1, 2, 3, 4, 5, 6, 7, 8, 9, 10],
        "weight": [0.0898376184032476, 0.644925575101489, 0.719891745602165, 0.790527740189445, 0.843031123139378, 0.887821380243572, 0.922733423545332, 0.951556156968877, 0.979296346414073, 0.990933694181326, 1.0, 1.04208389715832, 1.0553450608931, 1.06887686062246, 1.07510148849797, 1.07861975642761, 1.07307171853857, 1.06657645466847, 1.05439783491204, 0.985926928281461, 0.102692828146143]
    },
    "110": {
        "distance": [-10, -9, -8, -7, -6, -5, -4, -3, -2, -1, 0, 1, 2, 3, 4, 5, 6, 7, 8, 9, 10],
        "weight": [0.117010596765198, 0.596319018404908, 0.680981595092024, 0.765755716675962, 0.81840490797546, 0.857557166759621, 0.896151701059676, 0.925153374233129, 0.955493586168433, 0.971556051310653, 1.0, 1.0228667038483, 1.02163970998327, 1.04138315672058, 1.05142219743447, 1.05543781372002, 1.0532069157836, 1.0499721137758, 1.01940881204685, 0.815393195761294, 0.144562186279978]
    },
    "120": {
        "distance": [-10, -9, -8, -7, -6, -5, -4, -3, -2, -1, 0, 1, 2, 3, 4, 5, 6, 7, 8, 9, 10],
        "weight": [0.119681149657573, 0.617716402829235, 0.691366341080049, 0.77500842034355, 0.82519366790165, 0.867070843157067, 0.904120354777141, 0.934770405299203, 0.960368249691254, 0.975861681823285, 1.0, 1.02234197821938, 1.04064219153475, 1.05029751880543, 1.05883013360278, 1.06264735601213, 1.05838104861345, 1.0511956887841, 1.02627147187605, 0.771977096665544, 0.145728079038958]
    }
}