X,Y,dX,dY,dZ,Ekine
0.5966616,-0.3646859,0.31823283,0.03440186,0.8738358,1.7180374
